CREATE TABLE "quiz_level" (
    "_id" integer NULL PRIMARY KEY AUTOINCREMENT,
    "name" varchar(80) NULL UNIQUE,
    "level" integer NULL UNIQUE
)
;
CREATE TABLE "quiz_question" (
    "_id" integer NULL PRIMARY KEY AUTOINCREMENT,
    "text" varchar(200) NULL,
    "category" varchar(80) NULL,
    "level_id" integer NULL REFERENCES "quiz_level" ("_id"),
    "hint" text NULL,
    "explanation" text NULL,
    "is_active" bool NULL,
    UNIQUE ("text", "level_id")
)
;
CREATE TABLE "quiz_answer" (
    "_id" integer NULL PRIMARY KEY AUTOINCREMENT,
    "question_id" integer NULL REFERENCES "quiz_question" ("_id"),
    "text" varchar(200) NULL,
    "is_correct" bool NULL,
    "is_active" bool NULL,
    UNIQUE ("question_id", "text")
)
;

INSERT INTO "quiz_level" VALUES(1,'Hobbyist',1);
INSERT INTO "quiz_level" VALUES(2,'Professional',2);
INSERT INTO "quiz_level" VALUES(3,'Expert',3);
INSERT INTO "quiz_level" VALUES(4,'Nightmare!',4);
INSERT INTO "quiz_question" VALUES(1,'Which compression tool is the most efficient?','backup',1,'','The tools in increasing order of efficiency: arj gzip bzip2 7z.',1);
INSERT INTO "quiz_question" VALUES(2,'How to create a zipped tar archive?','backup',1,'','The "c" flag stands for "create", "z" stands for zipped, "f" followed by a filename is to specify the target file to create, and the remaining arguments are file or directory names to add to the archive.',1);
INSERT INTO "quiz_question" VALUES(3,'How to view the list of files in a zipped tar archive?','backup',1,'','The "t" flag is to list the content, "z" stands for zipped, "f" followed by a filename is to specify the archive file.',1);
INSERT INTO "quiz_question" VALUES(4,'How to count the number of sheep in the farm table?','database',1,'','The SQL syntax for counting records in a table is SELECT count(*) FROM table_name;',1);
INSERT INTO "quiz_question" VALUES(5,'What does SQL stand for?','database',1,'','SQL, Structured Query Language, is a special-purpose programming language designed for managing data held in a relational database management system (RDBMS).',1);
INSERT INTO "quiz_question" VALUES(6,'How to find all employees whose name is "Smith"?','database',1,'','Strings must be enclosed within single quotes, and the operator to check for equality is a single equal sign.',1);
INSERT INTO "quiz_question" VALUES(7,'How to find all employees with NULL as email address?','database',1,'','NULL is a keyword in SQL, it should not be quoted. The syntax to check whether something is NULL or not is "IS NULL" and "IS NOT NULL".',1);
INSERT INTO "quiz_question" VALUES(8,'A computer uses the least power in which mode?','hardware',1,'','When hibernated, the computer is completely off. It can restore itself by reloading the previously saved content of the memory.',1);
INSERT INTO "quiz_question" VALUES(9,'How to reset the BIOS password if you forgot it?','hardware',1,'','You can try to remove and reinsert the battery on the motherboard. If that doesn''t work, the solution might be changing a jumper setting. Look for the manual of your computer.',1);
INSERT INTO "quiz_question" VALUES(10,'Which computer part is not necessary to boot an operating system?','hardware',1,'','Harddisk is not essential. An operating system can be loaded from CD or USB storage, for example. Everything else is essential (PSU is the Power Supply Unit).',1);
INSERT INTO "quiz_question" VALUES(11,'What is the maximum amount of RAM directly addressable in a 32-bit system?','hardware',1,'','A 32-bit register can store 2^32 different values. Hence, a processor with 32-bit memory addresses can directly access 4 GiB of byte-addressable memory.',1);
INSERT INTO "quiz_question" VALUES(12,'Which storage type has the highest theoretical transfer rate?','hardware',1,'','SSD has the highest theoretical and practical transfer rate among these choices.',1);
INSERT INTO "quiz_question" VALUES(13,'Which RAID level is called mirroring?','hardware',1,'','In RAID 1 (mirroring without parity or striping), data is written identically to two drives, thereby producing a "mirrored set".',1);
INSERT INTO "quiz_question" VALUES(14,'Who said that the number of transistors in a chip will double every 18 months?','history',1,'','The co-founder of Intel, Gordon E. Moore.',1);
INSERT INTO "quiz_question" VALUES(15,'What is SMTP for?','history',1,'','SMTP stands for Simple Message Transfer Protocol, it is used by mail servers to send and receive mail messages.',1);
INSERT INTO "quiz_question" VALUES(16,'When will the world run out of the free pool of IPv4 addresses?','history',1,'','On 31 January 2011, IANA (Internet Assigned Numbers Authority) announced it had exhausted its free pool of IPv4 addresses.',1);
INSERT INTO "quiz_question" VALUES(17,'Which browser was the ancestor of Firefox?','history',1,'','The Firefox project began as an experimental branch of the Mozilla project.',1);
INSERT INTO "quiz_question" VALUES(18,'Which operating system was the inspiration of Linux?','history',1,'','MINIX inspired Linus Torvalds to create the Linux kernel.',1);
INSERT INTO "quiz_question" VALUES(19,'How many characters are there in ASCII?','history',1,'','ASCII includes definitions for 128 characters: 33 are non-printing control characters that affect how text and space are processed and 95 printable characters, including the space.',1);
INSERT INTO "quiz_question" VALUES(20,'Who created the GNU operating system?','history',1,'','Development of GNU was initiated by Richard Stallman in 1983 and was the original focus of the Free Software Foundation (FSF).',1);
INSERT INTO "quiz_question" VALUES(21,'How to shutdown safely a GNU/Linux machine?','linux',1,'','Ctrl-Alt-F1 will switch from graphical mode to the first virtual terminal in GNU/Linux. When on a virtual terminal, most GNU/Linux systems are configured to shut down safely.',1);
INSERT INTO "quiz_question" VALUES(22,'Which command will print the current working directory in UNIX?','linux',1,'','The pwd command prints the absolute path of the current working directory. Usually the same value is also stored in the environment variable $PWD.',1);
INSERT INTO "quiz_question" VALUES(23,'How to check the available disk space in GNU/Linux?','linux',1,'','The letters of the command stand for "disk free", and the "-h" makes the output more "human-friendly".',1);
INSERT INTO "quiz_question" VALUES(24,'Which is an example of input redirection?','linux',1,'','"<" is the input redirection operator in common shells, even in DOS.',1);
INSERT INTO "quiz_question" VALUES(25,'Which was the earliest GNU/Linux distribution?','linux',1,'','Knoppix, Ubuntu, Mint are all derivatives of Debian.',1);
INSERT INTO "quiz_question" VALUES(26,'How to run a program in the background?','linux',1,'','The operator to start a process in the background is the &.',1);
INSERT INTO "quiz_question" VALUES(27,'Which command shows the recently logged in users in UNIX?','linux',1,'','The last command shows the recent logins of users. You can specify a user to filter the complete list.',1);
INSERT INTO "quiz_question" VALUES(28,'Which command shows the currently logged in users in UNIX?','linux',1,'','The "w" command shows who is logged in what process they are running.',1);
INSERT INTO "quiz_question" VALUES(29,'Which operating system is not based on Debian?','linux',1,'','Fedora is based on RedHat.',1);
INSERT INTO "quiz_question" VALUES(30,'Which is not a version of Mac OS X?','mac',1,'','There was no Mac OS X version with codename Kitten, the codename of version 10.1 was Puma.',1);
INSERT INTO "quiz_question" VALUES(31,'What does the "X" stand for in Mac OS X?','mac',1,'','The X stands for the roman letter, meaning 10. Its predecessor was Mac OS 9.',1);
INSERT INTO "quiz_question" VALUES(32,'In Mac OS X, which command opens any file as if double-clicked in Finder?','mac',1,'','The "open" command can open any file or directory, it works the same way as when double-clicking in Finder.',1);
INSERT INTO "quiz_question" VALUES(33,'Which one is a MAC address?','network',1,'','MAC addresses are used as a network address for most IEEE 802 network technologies, including Ethernet.',1);
INSERT INTO "quiz_question" VALUES(34,'What is the purpose of a DHCP server?','network',1,'','The Dynamic Host Configuration Protocol (DHCP) is a network protocol used to configure devices that are connected to a network so they can communicate on that network using the Internet Protocol (IP).',1);
INSERT INTO "quiz_question" VALUES(35,'Which one is a netmask?','network',1,'','The subnet mask is used to separate the network address part and the host identifier part of an IP address. For example if the IP address is 192.168.2.103 and the subnet mask is 255.255.255.0, then the network address is 192.168.2.0 and the host identifier is 103.',1);
INSERT INTO "quiz_question" VALUES(36,'What is the common port number of an FTP server?','network',1,'','The common port of an FTP server is 21.',1);
INSERT INTO "quiz_question" VALUES(37,'When might you see this: 404 - File not found','network',1,'','404 is an HTTP status code, returned by the web server when the requested URL is unknown to the server.',1);
INSERT INTO "quiz_question" VALUES(38,'Which file is used to prevent web crawlers from accessing parts of a website?','network',1,'','Most search engines check if a robots.txt file exists in a website''s root directory and respect the exclusion rules defined within.',1);
INSERT INTO "quiz_question" VALUES(39,'What is the standard port number used by web servers?','network',1,'','The standard port number of the HTTP protocol is 80.',1);
INSERT INTO "quiz_question" VALUES(40,'What is the standard port number used by secure web servers (HTTPS)?','network',1,'','The standard port number of the HTTPS protocol is 443.',1);
INSERT INTO "quiz_question" VALUES(41,'Which file is used as a web site''s bookmark icon in browsers?','network',1,'','In the past browsers used the favicon.ico file in the webserver root as the website''s icon in bookmarks. In modern browsers the name and location of the file can be customized using a <link> tag.',1);
INSERT INTO "quiz_question" VALUES(42,'What is the IP address of localhost?','network',1,'','The IPv4 address of localhost is 127.0.0.1 in UNIX and Windows alike.',1);
INSERT INTO "quiz_question" VALUES(43,'Which IPv4 address is on a private network?','network',1,'','The address range 192.168.0.0 - 192.168.255.255 is reserved for private networks by the Internet Engineering Task Force (IETF).',1);
INSERT INTO "quiz_question" VALUES(44,'What is the purpose of mounting a disk?','os',1,'','Mounting a disk is the process of making a file system accessible.',1);
INSERT INTO "quiz_question" VALUES(45,'How many primary partitions are allowed on a PC hard disk?','os',1,'','The total data storage space of a PC HDD can be divided into at most four primary partitions, or alternatively three primary partitions and an extended partition.',1);
INSERT INTO "quiz_question" VALUES(46,'What is the master boot record?','os',1,'','The master boot record (MBR) stores the partition table, among other things.',1);
INSERT INTO "quiz_question" VALUES(47,'What is the recommended swap size on a system with 512 MB RAM?','os',1,'','The recommended swap size is usually twice the RAM.',1);
INSERT INTO "quiz_question" VALUES(48,'Which command will give read permission on a file for everyone?','permissions',1,'','"a" means everyone, "+r" means give read permission. 444 is not correct, because it does more than just give read permission, at the same time it removes write and execute permissions.',1);
INSERT INTO "quiz_question" VALUES(49,'Which command will assign permissions rwxr-x--- to a file?','permissions',1,'','chmod 750 gives all permissions to the owner (4 + 2 + 1), read and execute permission to the group (4 + 1), and no permissions for others (0).',1);
INSERT INTO "quiz_question" VALUES(50,'How to give read permission on a file to other users in GNU/Linux?','permissions',1,'','"o" means other users (not you and not users in the same group), and "+r" means "add read permission". Every time you do chmod 777, somewhere in the world a puppy gets killed.',1);
INSERT INTO "quiz_question" VALUES(51,'What is the best way to check the permission settings of the current directory in UNIX?','permissions',1,'','The -l prints information in long format, we need that to see the permissions, and -d is to prevent descending into the directory.',1);
INSERT INTO "quiz_question" VALUES(52,'How to prevent other users from accessing your files?','permissions',1,'','"o" means other users (not the owner and not the group), "-" means revoking permissions, "rwx" correspond to read write execute permissions, respectively, and "~" is the home directory.',1);
INSERT INTO "quiz_question" VALUES(53,'What does it mean when the permission of a directory is "drwxrwxrwx"?','permissions',1,'','A huge security hole, since all the user-group-other permission bits are enabled, thus any user in the system can create and delete files in this directory.',1);
INSERT INTO "quiz_question" VALUES(54,'What kind of data structure is a FIFO?','programming',1,'','FIFO stands for First In, First Out. Like in a queue where you line up to get movie tickets.',1);
INSERT INTO "quiz_question" VALUES(55,'What kind of data structure is a LIFO?','programming',1,'','LIFO stands for Last In, First Out. A LIFO structure can be illustrated with the example of a stack of trays. The last tray to be placed on top is also the first to be taken off the top.',1);
INSERT INTO "quiz_question" VALUES(56,'Which data structure is the most suitable to implement a cache?','programming',1,'','A hash table is a structure that can map keys to values. They can access values directly by their keys and retrieve them quickly.',1);
INSERT INTO "quiz_question" VALUES(57,'What is the decimal value of 0x15 (hexadecimal)?','programming',1,'','0x15 is a hexadecimal notation, its decimal value is calculated like this: 1 * 16^1 + 5 * 16^0 = 1 * 16 + 5 * 1 = 16 + 5 = 21',1);
INSERT INTO "quiz_question" VALUES(58,'What is the decimal value of 015 (octal)?','programming',1,'','015 is an octal notation, its decimal value is calculated like this: 1 * 8^1 + 5 * 8^0 = 1 * 8 + 5 * 1 = 8 + 5 = 13',1);
INSERT INTO "quiz_question" VALUES(59,'What is the decimal value of 0b1101 (binary)?','programming',1,'','0b1101 is a binary notation, its decimal value is calculated like this: 1 * 2^3 + 1 * 2^2 + 0 * 2^1 + 1 * 2^0 = 8 + 4 + 1 = 13',1);
INSERT INTO "quiz_question" VALUES(60,'How to write the number 11 in binary notation?','programming',1,'','The value of the binary expression 0b1011 = 2^3 + 2^1 + 2^0 = 8 + 2 + 1 = 11',1);
INSERT INTO "quiz_question" VALUES(61,'How many bits are in a byte?','programming',1,'','One byte consists of 8 bits.',1);
INSERT INTO "quiz_question" VALUES(62,'Which regular expression matches lines starting with "Error"?','regex',1,'','The ^ matches the beginning of a line. The other patterns will have many false positives.',1);
INSERT INTO "quiz_question" VALUES(63,'Which regular expression matches lines where the 5th letter is "A"?','regex',1,'','^ matches the start of a line, and "." matches any character, giving exactly what we''re looking for.',1);
INSERT INTO "quiz_question" VALUES(64,'How to find lines that contain "Error" or "ERROR" followed by "auth"?','regex',1,'','The -i flag will make the pattern case insensitive, so we don''t need to worry about upper and lower cases. The pattern is a regular expression, where "." means any character, and "*" means 0 or more of it.',1);
INSERT INTO "quiz_question" VALUES(65,'Which regular expression matches lines that contain a number with 2 or more digits?','regex',1,'','[0-9] matches any digit. "*" means 0 or more of the expression in front of it. That gives a minimum of 2 digits, plus 0 or more additional digits.',1);
INSERT INTO "quiz_question" VALUES(66,'Which regular expression matches a word that starts with a capital letter and has 2 or more letters?','regex',1,'','The ''\<'' means beginning of a word, [A-Z] means any capital letter, [a-z] means any lowercase letter, and ''*'' means 0 or more expression like the one right in front of it.',1);
INSERT INTO "quiz_question" VALUES(67,'Which command will change to your home directory in UNIX?','scripting',1,'','The cd command without arguments changes to the home directory in UNIX and GNU/Linux systems.',1);
INSERT INTO "quiz_question" VALUES(68,'Which command will change to the previous directory in UNIX?','scripting',1,'','"cd -" is practically the same as "cd $OLDPWD" in UNIX and GNU/Linux systems.',1);
INSERT INTO "quiz_question" VALUES(69,'How to hide the output of a script in Windows?','scripting',1,'','The Null Device Driver component provides the functional equivalent of \dev\null in the Unix environment by accepting I/O request packets and returning them to the caller.',1);
INSERT INTO "quiz_question" VALUES(70,'How to run script2.sh only after script1.sh is successful?','scripting',1,'','The effect of the && operator is that the second command will only run if the first command is successful.',1);
INSERT INTO "quiz_question" VALUES(71,'How to count the log files in a directory?','scripting',1,'','The wc command can count lines, bytes and characters. In this case we are interested in lines, the -l flag is for that.',1);
INSERT INTO "quiz_question" VALUES(72,'How to find the most recently modified files?','scripting',1,'','The -t flag is to order by time, from most recent to oldest, -l is for long output to make the modification times visible.',1);
INSERT INTO "quiz_question" VALUES(73,'Which command will truncate a file?','scripting',1,'','The redirection operator ">" truncates its output. Redirecting nothing results in an empty file.',1);
INSERT INTO "quiz_question" VALUES(74,'How to cancel and clear the command line in the middle of typing?','scripting',1,'','Basically the keyboard shortcut to interrupt anything is usually Ctrl-C. Pressing it while typing a command interrupts the current command line, effectively clearning the line.',1);
INSERT INTO "quiz_question" VALUES(75,'How to get out of the vi editor without saving changes?','scripting',1,'','Press : to enter command mode, q means quit, and ! is to force quitting even if there are unsaved changes.',1);
INSERT INTO "quiz_question" VALUES(76,'How to append the output of a command to a log file?','scripting',1,'','The ">" and ">>" are operators to redirect output. ">" truncates the destination, ">>" appends to it.',1);
INSERT INTO "quiz_question" VALUES(77,'How to find duplicate lines in a text file?','scripting',1,'','The uniq command requires input that is already sorted. Normally it prints the unique lines, the -d flag changes to behavior to print the duplicated lines.',1);
INSERT INTO "quiz_question" VALUES(78,'What is the disadvantage of a closed-source operating system?','security',1,'','You cannot verify how the system works, so you put yourself at the mercy of the vendor of the closed-source operating system.',1);
INSERT INTO "quiz_question" VALUES(79,'Which wireless security algorithm is the worst?','security',1,'','WEP has been demonstrated to have numerous flaws and has been deprecated in favour of newer standards such as WPA2.',1);
INSERT INTO "quiz_question" VALUES(80,'Which service should be removed to harden the security of a system?','security',1,'','File transfers via FTP are not encrypted, therefore they can be captured by anyone on the same network using a packet sniffer, easily revealing login usernames and passwords. Windows is not a "service", it''s an operating system.',1);
INSERT INTO "quiz_question" VALUES(81,'Why should you disable images embedded in emails?','security',1,'','It is very common and use to use a server-side script to log your IP address and other browser parameters and output an image. The result looks like an image, covering up the nasty full truth.',1);
INSERT INTO "quiz_question" VALUES(82,'Which file transfer method is the least safe?','security',1,'','FTP is not encrypted, therefore others can see the transferred content, including user names and passwords. rsync is by itself secure, but in modern systems it runs over ssh by default.',1);
INSERT INTO "quiz_question" VALUES(83,'What is the name of the main configuration file used by "make"?','tools',1,'','The default configuration file used by make is called Makefile.',1);
INSERT INTO "quiz_question" VALUES(84,'How to check the owner of a domain name?','tools',1,'','The whois command looks up records in the database maintained by several Network Information Centers (NICs).',1);
INSERT INTO "quiz_question" VALUES(85,'What is the purpose of an .md5 file?','tools',1,'','md5 is a so-called digest function. You can use it to calculate the digest of a downloaded file, and if doesn''t match with the .md5 file provided by the server, that means the downloaded file is corrupt, not identical to the original file on the server.',1);
INSERT INTO "quiz_question" VALUES(86,'How to cycle between tabs in most tabbed browsers?','tools',1,'','Usually, Ctrl-Tab switches to the next tab and Ctrl-Shift-Tab switches to the previous tab in a tabbed browser.',1);
INSERT INTO "quiz_question" VALUES(87,'Which audio format is lossless?','tools',1,'','FLAC (Free Lossless Audio Codec) is a codec (compressor-decompressor or coder-decoder) which allows digital audio to be losslessly compressed such that file size is reduced without any information being lost.',1);
INSERT INTO "quiz_question" VALUES(88,'How to view the configuration of a network interface in GNU/Linux?','tools',1,'','The ifconfig command shows the configuration of network interfaces, including such details as IP address, netmask, broadcast address and MAC address.',1);
INSERT INTO "quiz_question" VALUES(89,'How to list the currently mounted file systems?','tools',1,'','The mount command with no parameters shows the currently mounted file systems.',1);
INSERT INTO "quiz_question" VALUES(90,'How to get the source code from a Version Control System?','tools',1,'','The command to get the source code is usually either "checkout" or "clone".',1);
INSERT INTO "quiz_question" VALUES(91,'How to save changes in a Version Control System?','tools',1,'','The command to save changes is usually either "commit" or "checkin".',1);
INSERT INTO "quiz_question" VALUES(92,'What is the command to view uncommitted changes in a Version Control System?','tools',1,'','The command to view pending changes is usually "status". Very often the shortcut "st" works too.',1);
INSERT INTO "quiz_question" VALUES(93,'How search for an exact phrase on a website with Google?','tools',1,'','The prefix to limit search within a specific website is "site:", and exact phrases must be enclosed within double quotes.',1);
INSERT INTO "quiz_question" VALUES(94,'What is the command to open a remote desktop connection in Windows?','windows',1,'','It''s mstsc.exe',1);
INSERT INTO "quiz_question" VALUES(95,'What is the keyboard shortcut to lock your PC on Windows?','windows',1,'','It''s Windows + L, as in "L" for "lock"',1);
INSERT INTO "quiz_question" VALUES(96,'What is the keyboard shortcut to open the system properties in Windows?','windows',1,'','The Windows + Pause/Break combo opens the system properties window, useful to check basic system properties, edit environment variable, among others.',1);
INSERT INTO "quiz_question" VALUES(97,'What is the keyboard shortcut to open the task manager in Windows?','windows',1,'','Ctrl + Shift + Escape opens the task manager, useful to view memory usage and kill processes.',1);
INSERT INTO "quiz_question" VALUES(98,'What is the command to edit the registry in Windows?','windows',1,'','It''s regedit.exe',1);
INSERT INTO "quiz_question" VALUES(99,'What is the default filesystem when formatting a disk in Windows NT systems?','windows',1,'','NTFS supersedes the FAT file system as the preferred file system for Microsoft Windows operating systems.',1);
INSERT INTO "quiz_question" VALUES(100,'How to check the IP address of your computer in Windows?','windows',1,'','The ipconfig command shows the configuration of network interfaces in Windows, including the IP address, network mask, and others.',1);
INSERT INTO "quiz_question" VALUES(101,'How to create an archive with only the .sh files?','backup',2,'','"c" is to create an archive, "f" followed by a filename is the target file, "-T" is to specify a file that contains the list of filenames, "-" indicates standard input.',1);
INSERT INTO "quiz_question" VALUES(102,'Which filtering compression tool is the most efficient?','backup',2,'','The tools in increasing order of efficiency: lzop gzip bzip2 lzma.',1);
INSERT INTO "quiz_question" VALUES(103,'How to check if a zipped tar archive contains a specific script?','backup',2,'','The "t" flag is to list the contents, "z" indicates the archive is compressed with gzip, "f" followed by a filename is to specify the archive.',1);
INSERT INTO "quiz_question" VALUES(104,'How to backup a directory to a remote server without saving a temporary file locally?','backup',2,'','The tar command creates a zipped archive on standard output from the contents of /source, without including the /source prefix. The output of tar is sent over to the server and redirected to a file.',1);
INSERT INTO "quiz_question" VALUES(105,'Which command is the best for copying a disk image?','backup',2,'','dd can copy the content of special device files such as disk images, even when they are not mounted.',1);
INSERT INTO "quiz_question" VALUES(106,'How to backup the partition table?','backup',2,'','The partition table is stored in the master boot record of a disk, in the first 512 bytes.',1);
INSERT INTO "quiz_question" VALUES(107,'How to find employees with DepartmentID set to NULL?','database',2,'','The IS NULL operator is the right way to find NULL values.',1);
INSERT INTO "quiz_question" VALUES(108,'How to view the schema of a table in MySQL?','database',2,'','DESCRIBE or it''s shorthand desc can be used to view the schema of tables and columns in MySQL.',1);
INSERT INTO "quiz_question" VALUES(109,'How to create a new table with identical data as the source table?','database',2,'','The command creates a new table with a schema identical to the original, but without copying anything else such as constraints and indexes.',1);
INSERT INTO "quiz_question" VALUES(110,'Which database system uses the commands: lsnrctl, isqlplusctl, emctl?','database',2,'','These commands are used by Oracle to provide various services.',1);
INSERT INTO "quiz_question" VALUES(111,'How to get the current date in Oracle?','database',2,'','The function to get the current date in Oracle is SYSDATE without parentheses.',1);
INSERT INTO "quiz_question" VALUES(112,'Which is false about 32-bit and 64-bit architectures?','hardware',2,'','A 64-bit processor has backward compatibility and will handle most 32-bit software.',1);
INSERT INTO "quiz_question" VALUES(113,'Which is true about GPU and CPU?','hardware',2,'','GPUs have a parallel throughput architecture that emphasizes executing many concurrent threads slowly, rather than executing a single thread very quickly.',1);
INSERT INTO "quiz_question" VALUES(114,'Which RAID level provides the highest fault tolerance, given an array of 3 disks?','hardware',2,'','With RAID 1, n-1 disks can fail without losing data. With RAID 3 and RAID 5 only one disk can fail. RAID 0 provides no fault tolerance at all.',1);
INSERT INTO "quiz_question" VALUES(115,'What is RAID 5?','hardware',2,'','RAID 5 distributes parity along with the data and requires that all drives but one be present to operate. The array is not destroyed by a single drive failure.',1);
INSERT INTO "quiz_question" VALUES(116,'How many disks can fail in a RAID 5 array without risk of data loss?','hardware',2,'','RAID 5 distributes parity along with the data and requires that all drives but one be present to operate. The array is not destroyed by a single drive failure. On drive failure, any subsequent reads can be calculated from the distributed parity.',1);
INSERT INTO "quiz_question" VALUES(117,'Which operating system was not derived from a version of UNIX?','history',2,'','MINIX is a UNIX-like system but it was not derived from UNIX. The others can all be traced back to some version of UNIX.',1);
INSERT INTO "quiz_question" VALUES(118,'In what language was UNIX originally written?','history',2,'','UNIX was originally written in assembly language, and later rewritten in C.',1);
INSERT INTO "quiz_question" VALUES(119,'If you have a guest account on a GNU/Linux system, which port can you use to open a listening socket?','linux',2,'','In GNU/Linux only a superuser can open ports below 1024.',1);
INSERT INTO "quiz_question" VALUES(120,'When will this cron job run? 0 */5 * * * date','linux',2,'','The first column indicates the minute, the second column indicates the hour in a cron job definition.',1);
INSERT INTO "quiz_question" VALUES(121,'How to run a command every 4th hour on weekdays using cron?','linux',2,'','The 2nd field is minutes, it should be a concrete number to make the job hourly. The 2nd field is the hour, */n means every n-th hour. The 5th field the day of the week, 0 or 7 is Sunday.',1);
INSERT INTO "quiz_question" VALUES(122,'In the bash shell, which is similar to and better than `cmd`?','linux',2,'','$(command) and `command` are the two forms of command substitution. The $(...) syntax is recommended because it is cleaner, especially when nesting sub-commands.',1);
INSERT INTO "quiz_question" VALUES(123,'Which variable controls the prompt in bash?','linux',2,'','PS1 controls the primary prompt string in bash.',1);
INSERT INTO "quiz_question" VALUES(124,'Which file can restrict access to the system?','linux',2,'','The /etc/hosts.allow file can contain a list of hosts that are allowed to access the system.',1);
INSERT INTO "quiz_question" VALUES(125,'Which file contains a list of common services and their port numbers?','linux',2,'','The /etc/services file contains well known port numbers of common services, as assigned by IANA.',1);
INSERT INTO "quiz_question" VALUES(126,'What is usually not stored in /etc/passwd about a user account?','linux',2,'','The password is usually stored in /etc/shadow, with more strict access permissions.',1);
INSERT INTO "quiz_question" VALUES(127,'Which command is used to configure a firewall in GNU/Linux?','linux',2,'','iptables is an administration tool for IPv4 packet filtering and NAT, a common firewall software in GNU/Linux.',1);
INSERT INTO "quiz_question" VALUES(128,'Which environment variable is usually not a path?','linux',2,'','LOGNAME is usually the username of the current user, not a path.',1);
INSERT INTO "quiz_question" VALUES(129,'In GNU/Linux, which runlevel is a multi-user runlevel?','linux',2,'','Runlevels 2 to 5 are multi-user runlevels.',1);
INSERT INTO "quiz_question" VALUES(130,'In GNU/Linux, what is the name of the process with PID 1?','linux',2,'','In GNU/Linux the "init" process is the parent of all processes, it gets the first PID which is 1.',1);
INSERT INTO "quiz_question" VALUES(131,'Which signal cannot be trapped?','linux',2,'','The KILL signal is non-catchable, non-ignorable, immediately kills a process without possibility of cleaning up.',1);
INSERT INTO "quiz_question" VALUES(132,'Mac OS X is based on which operating system?','mac',2,'','OS X, previously Mac OS X, is based on the NeXTSTEP operating system, which incorporates certain parts from FreeBSD''s and NetBSD''s implementation of UNIX.',1);
INSERT INTO "quiz_question" VALUES(133,'The kernel of Mac OS X is based on which kernel?','mac',2,'','Mach is an operating system kernel developed at Carnegie Mellon University to support operating system research, primarily distributed and parallel computation.',1);
INSERT INTO "quiz_question" VALUES(134,'Which utility is not installed by default on a Mac OS X?','mac',2,'','Mac OS X uses mostly BSD implementation of common UNIX tools, as opposed to GNU implementation. Gawk is the GNU implementation of the AWK programming language.',1);
INSERT INTO "quiz_question" VALUES(135,'What is IPsec?','network',2,'','IPsec is an end-to-end security scheme operating in the Internet Layer of the Internet Protocol Suite.',1);
INSERT INTO "quiz_question" VALUES(136,'Which is not one of the default chains of an iptables firewall?','network',2,'','ACCEPT is not a chain, but a rule. The others are typical chains.',1);
INSERT INTO "quiz_question" VALUES(137,'Which file might contain such line: nameserver 192.168.1.1','network',2,'','The /etc/resolv.conf file is used to provide various information to DNS resolver.',1);
INSERT INTO "quiz_question" VALUES(138,'Which is not essential for connecting to another computer on the same LAN?','network',2,'','It is not possible to connect to another computer without configuring a network interface with an IP address and correct netmask, and a route between the computers. A name server is optional.',1);
INSERT INTO "quiz_question" VALUES(139,'How to find the default gateway in a UNIX system?','network',2,'','The route command prints all the routes, including the default gateway.',1);
INSERT INTO "quiz_question" VALUES(140,'How to check if port 1234 is listening for incoming connections?','network',2,'','telnet is useful to check if a port is open. Another easy way is using netstat, but not with the -p flag.',1);
INSERT INTO "quiz_question" VALUES(141,'Which is not necessarily the cause when you cannot ping google.com?','network',2,'','Being on a NAT does not necessarily prevent access to the outside. The other factors would necessarily prevent pinging google.com',1);
INSERT INTO "quiz_question" VALUES(142,'What is endianness about?','network',2,'','Endian and endianness in the most common cases refers to how bytes are ordered.',1);
INSERT INTO "quiz_question" VALUES(143,'Who generates the HTTP 404 File not found error?','network',2,'','When the requested URL doesn''t exist, the web server responds with 404 status code to the client.',1);
INSERT INTO "quiz_question" VALUES(144,'What is the status code of a successful HTTP request?','network',2,'','"200 OK" is the standard response for successful HTTP requests.',1);
INSERT INTO "quiz_question" VALUES(145,'Where are HTTP cookies stored?','network',2,'','Cookies are stored on the client side and sent to the server until expired',1);
INSERT INTO "quiz_question" VALUES(146,'What marks the end of an HTTP header?','network',2,'','The end of the header fields is indicated by an empty field, resulting in the transmission of two consecutive CR-LF pairs.',1);
INSERT INTO "quiz_question" VALUES(147,'What is the difference between the GET and HEAD methods of the HTTP protocol?','network',2,'','The response of a HEAD requests is a header identical to that of a GET request, but without a response body.',1);
INSERT INTO "quiz_question" VALUES(148,'Which HTTP method was not part of the HTTP/1.0 specification?','network',2,'','The OPTIONS method was added in the HTTP/1.1 specification.',1);
INSERT INTO "quiz_question" VALUES(149,'Which server response is not part of the HTTP standard?','network',2,'','404 is part of the standard but it means something else: "Not Found"',1);
INSERT INTO "quiz_question" VALUES(150,'What is PXE for?','os',2,'','The Preboot eXecution Environment (PXE, also known as Pre-Execution Environment; sometimes pronounced "pixie") is an environment to boot computers using a network interface independently of data storage devices (like hard disks) or installed operating systems.',1);
INSERT INTO "quiz_question" VALUES(151,'Which is not an operating system?','os',2,'','Linux is the kernel used in the GNU/Linux operating system, not an operating system by itself.',1);
INSERT INTO "quiz_question" VALUES(152,'What is the file descriptor number of stderr?','os',2,'','The file descriptor number of standard error is 2.',1);
INSERT INTO "quiz_question" VALUES(153,'What is the maximum disk size usable by standard MBR?','os',2,'','The standard Master Boot Record is limited to 32 bits to define partition endpoints, limiting the maximum disk size to 2 TB.',1);
INSERT INTO "quiz_question" VALUES(154,'How to ensure that newly created files are not accessible by anybody else?','permissions',2,'','The specified permission bits will be removed when creating new files. In this example all permissions for the group and other users will be removed, as if running chmod go-rwx.',1);
INSERT INTO "quiz_question" VALUES(155,'How to find directories that are accessible by other users?','permissions',2,'','The command finds the directories where any of the permission bits for others are set and removes them. The answer using xargs is not as accurate as using "-exec".',1);
INSERT INTO "quiz_question" VALUES(156,'What does it mean when the permission of a program is "-r-sr-xr-x"?','permissions',2,'','The "s" in file permissions can mean setuid or setuid, depending on the segment it appears in. Programs with the setuid bit set run as the owner of the file, as opposed to the current user.',1);
INSERT INTO "quiz_question" VALUES(157,'What is 0x15 + 0x17?','programming',2,'','0x15 is 16 + 5 = 21 and 0x17 is 16 + 7 = 23, so 21 + 23 = 44',1);
INSERT INTO "quiz_question" VALUES(158,'What is 0x15 & 0x17?','programming',2,'','0x15 is 10101 and 0x17 is 10111, so 10101 & 10111 = 10101 = 21',1);
INSERT INTO "quiz_question" VALUES(159,'What is the exit code of programs that executed successfully?','programming',2,'','The exit code 0 usually means success, and non-zero values are used to indicate the type of error that occurred. Not all programs respect this norm, but the general majority does.',1);
INSERT INTO "quiz_question" VALUES(160,'Which regular expression will not match "foobar"?','regex',2,'','The "." matches any character, but since there is nothing between "foo" and "bar", this won''t match.',1);
INSERT INTO "quiz_question" VALUES(161,'Which regular expression will match a word that starts with "foo" and has at least 4 letters?','regex',2,'','The "\<" indicates the start of a word, and "\w+" indicates one or more word characters. The other choices are not restrictive enough, and may match input that doesn''t meet the criteria.',1);
INSERT INTO "quiz_question" VALUES(162,'How to match an empty line using regular expressions?','regex',2,'','The "^" indicates the beginning of the line, and the "$" indicates the end of the line. Thus, if the beginning of the line is followed directly by the end of the line, that must be an empty line.',1);
INSERT INTO "quiz_question" VALUES(163,'How to view lines of a file that don''t contain the text "DEBUG"?','regex',2,'','The basic function of the grep command is to show matching lines. The -v flag inverts this behavior to show lines that don''t match.',1);
INSERT INTO "quiz_question" VALUES(164,'Which regular expression will convert a text to all uppercase letters?','regex',2,'','"." matches any character; \U indicates conversion to uppercase; $& is the pattern that was matched; the "g" flag at the end makes this a global pattern, executing for all characters in the input.',1);
INSERT INTO "quiz_question" VALUES(165,'Which regular expression will match User@example.com?','regex',2,'','Sequence of alphabetic letters followed by @, followed by sequence of alphabetic letters, followed by a dot, followed by sequence of alphabetic letters, with case insensitive matching.',1);
INSERT INTO "quiz_question" VALUES(166,'How to list the .sh files included in a tar archive?','regex',2,'','"$" marks the end of a line, "." must be escaped using "\", otherwise it would match any character. The expression must be eclosed within quotes or the "\" must be escaped with another "\".',1);
INSERT INTO "quiz_question" VALUES(167,'In UNIX, which shell variable stores the exit code of the last executed command?','scripting',2,'','$? stores the exit code of the last executed command. $$ is the PID of the current process, $@ is the list of command line arguments and $1 is the first command line argument.',1);
INSERT INTO "quiz_question" VALUES(168,'How to save the output of a command to a file and see it at the same time?','scripting',2,'','The tee command takes standard input, save it to the specified file and at the same time prints it back to standard output.',1);
INSERT INTO "quiz_question" VALUES(169,'How to convert all characters in a file to lowercase?','scripting',2,'','tr reads text from standard input and writes to standard output. It does not take filenames as input or output arguments.',1);
INSERT INTO "quiz_question" VALUES(170,'How to append .bak extension to all files in a directory and all sub-directories?','scripting',2,'','The -exec flag of the find command should end either with \; or +. With + the command will be executed only once with all files as arguments. With \; the command will be executed once for each file.',1);
INSERT INTO "quiz_question" VALUES(171,'In which scripting language is this a valid statement: cmd=/bin/cat.exe','scripting',2,'','This is a valid statement to assign the value "/bin/cat.exe" to the variable "cmd" in bash. The statement is not valid in the other languages.',1);
INSERT INTO "quiz_question" VALUES(172,'The bash shell reads which file first on startup?','scripting',2,'','When run without special options, bash reads /etc/profile first.',1);
INSERT INTO "quiz_question" VALUES(173,'How many lines will be printed by this: echo 1 && echo 2 || echo 3','scripting',2,'','2 lines: "echo 1" succeeds, therefore "echo 2" is executed, and since that succeeds, "echo 3" is not executed at all.',1);
INSERT INTO "quiz_question" VALUES(174,'How many lines will be printed by this: seq 9 | paste - - -','scripting',2,'','seq 9 will print the numbers 1 to 9, each on a separate line, and paste will organize them to 3 columns, resulting in 3 total lines in the output, starting with 1 2 3 on the first line, and so on.',1);
INSERT INTO "quiz_question" VALUES(175,'What will be the output of this: echo hello | grep hi && echo one || echo two','scripting',2,'','The grep will not match anything, which is a failure, therefore echo two will be executed.',1);
INSERT INTO "quiz_question" VALUES(176,'How to redirect both stdout and stderr of a command to the same file?','scripting',2,'','One way to achive this is to first redirect stdout and then redirect stderr to whatever stdout is pointing to.',1);
INSERT INTO "quiz_question" VALUES(177,'How to get the 4th column from the output of ls -l?','scripting',2,'','The columns in the output of ls -l have variable number of spaces, so we cannot simply use cut. awk is perfect for this, but the expression must be quoted to prevent the shell from interpolating the value of $4.',1);
INSERT INTO "quiz_question" VALUES(178,'How to find the 5 most common lines in a data file?','scripting',2,'','uniq requires sorted input, -c is to count the duplicate lines, then we sort again numerically and in reverse order, to print from high numbers to low.',1);
INSERT INTO "quiz_question" VALUES(179,'How to encrypt some text by shifting the alphabet by 3 letters?','scripting',2,'','tr is a tool to translate from one set of characters to another. In this example ''a'' becomes ''d'', ''b'' becomes ''c'', and so on, until ''y'' becomes ''b'', ''z'' becomes ''c''.',1);
INSERT INTO "quiz_question" VALUES(180,'Which is the most secure method to protect access to a website?','security',2,'','Public key authentication is usually implemented with HTTPS / SSL client certificates, and it is much safer than the other methods, where the password can be either sniffed or the authentication token replayed.',1);
INSERT INTO "quiz_question" VALUES(181,'Which kind of attack on computer security is a form of active eavesdropping (secretly listening)?','security',2,'','The attacker makes independent connections with the victims and relays messages between them, making them believe that they are talking directly to each other over a private connection, when in fact the entire conversation is controlled by the attacker.',1);
INSERT INTO "quiz_question" VALUES(182,'What is the recommended permission setting on a user''s ~/.ssh/authorized_keys file?','security',2,'','Only the owner of the file should have any kind of access.',1);
INSERT INTO "quiz_question" VALUES(183,'Which open port is a potential security risk in a UNIX-like system?','security',2,'','Port 23 is the default port of Telnet, an obsolete, insecure login service. The other ports correspond to more secure services protected by encryption.',1);
INSERT INTO "quiz_question" VALUES(184,'What is the weakest point in the computer security of a typical large firm?','security',2,'','The typical weakest point is the employees, as social engineering and human gallibility can often circumvent otherwise state of the art computer security system.',1);
INSERT INTO "quiz_question" VALUES(185,'Which is the most dangerous security probing tool?','security',2,'','nmap is a sophisticated port scanner, and can reveal much more about a network than all the other tools combined.',1);
INSERT INTO "quiz_question" VALUES(186,'Which cryptographic method is fundamentally different from the others?','security',2,'','sha1 is a digest method, the others are encryption methods.',1);
INSERT INTO "quiz_question" VALUES(187,'Which tool is not suitable to encrypt files?','security',2,'','encfs and TrueCrypt can be used to create encrypted directories, and openssl can be used to encrypt a stream of data. nmap is a network scanning tool, not for encryption.',1);
INSERT INTO "quiz_question" VALUES(188,'Which is not a build automation tool?','tools',2,'','make, ant and maven are build automation tools, g++ is a C/C++ compiler.',1);
INSERT INTO "quiz_question" VALUES(189,'What is the common step between "./configure" and "make install" when building a software from source?','tools',2,'','"make" without any arguments runs the default build task, which is typically building the entire software. This step is usually after the configuration step. After this the software can be installed with "make install".',1);
INSERT INTO "quiz_question" VALUES(190,'How to specify that taskA depends on taskB in a Makefile?','tools',2,'','The correct syntax is taskA: taskB, meaning taskB will be executed first (if needed) before performing taskA.',1);
INSERT INTO "quiz_question" VALUES(191,'Which compression tool cannot work as a filter?','tools',2,'','7zip has a very compression ratio but it cannot be used a filter.',1);
INSERT INTO "quiz_question" VALUES(192,'How to print the 3rd and 5th columns of a csv file?','tools',2,'','The -f flag is used to specify the columns, which can be a comma separated list. The -d flag is used to specify the delimiter of the columns.',1);
INSERT INTO "quiz_question" VALUES(193,'How to check if a web server is running?','tools',2,'','One way to check if a web server is running is to send a GET request to it using telnet, for example by sending the text "GET /".',1);
INSERT INTO "quiz_question" VALUES(194,'Which is not a journaling filesystem?','tools',2,'','ext2 is an old filesystem introduced in 1993, it did not use a journal. It has been supplanted by ext3, which is almost completely compatible with ext2 and is a journaling file system.',1);
INSERT INTO "quiz_question" VALUES(195,'How to permit incoming connections to the web server?','tools',2,'','-A INPUT is required to indicate incoming connections, --dport 80 is required to match destination port 80, -j ACCEPT is required to permit the connection.',1);
INSERT INTO "quiz_question" VALUES(196,'Which tool is the most useful for load testing a web server?','tools',2,'','ab is the Apache HTTP server benchmarking tool, but it is useful to perform load testing on any web server.',1);
INSERT INTO "quiz_question" VALUES(197,'Which is not a web server software?','tools',2,'','X server is the server counterpart of the X Window System in UNIX, and has nothing to do with web servers.',1);
INSERT INTO "quiz_question" VALUES(198,'Which is not a network analysis tool?','tools',2,'','tcpdump dumps traffic on a network; wireshark is a network traffic analyzer; nmap is a network security auditing tool; that leaves us with screen, which is a terminal multiplexer tool.',1);
INSERT INTO "quiz_question" VALUES(199,'What is the purpose of the -h flag of the ls command in UNIX?','tools',2,'','When used together with the -l flag for long format, the -h makes the ls command print file sizes in human readable format like 1K, 234M, 2G.',1);
INSERT INTO "quiz_question" VALUES(200,'In which version of Windows was PowerShell introduced?','windows',2,'','Windows PowerShell is Microsoft''s task automation framework, consisting of a command-line shell and associated scripting language built on .NET Framework. PowerShell was introduced in Windows 7 as an integral part of the system.',1);
INSERT INTO "quiz_question" VALUES(201,'How to delete a directory recursively in Windows?','windows',2,'','rmdir /s/q deletes the specified directory and all subdirectories. It is the equivalent of rm -fr in UNIX.',1);
INSERT INTO "quiz_question" VALUES(202,'In Windows, how can you know what time your PC was started?','windows',2,'','The net statistics server command prints various interesting statistics about the running system, including the time it was started, similar to the uptime utility in UNIX.',1);
INSERT INTO "quiz_question" VALUES(203,'How to map a network share to a drive letter in Windows?','windows',2,'','You can map a network share to a drive letter with net use. The first parameter is the drive letter followed by a colon, the second parameter is the path to the network share.',1);
INSERT INTO "quiz_question" VALUES(204,'Which is not a standard environment variable in Windows?','windows',2,'','%cd% is the current working directory, %date% is the current date, %time% is the current time. %pwd% is not a standard environment variable in Windows.',1);
INSERT INTO "quiz_question" VALUES(205,'What is the main function of the Domain Controller on a Microsoft Server?','windows',2,'','The main function of the Domain Controller is to handle user authentication requests.',1);
INSERT INTO "quiz_question" VALUES(206,'Which was the first version of Microsoft Windows that enforced preemptive multitasking?','windows',2,'','Windows NT was the first version of Microsoft Windows which enforced preemptive multitasking. Earlier versions used cooperative multitasking.',1);
INSERT INTO "quiz_answer" VALUES(1,1,'7z',1,1);
INSERT INTO "quiz_answer" VALUES(2,1,'bzip2',0,1);
INSERT INTO "quiz_answer" VALUES(3,1,'gzip',0,1);
INSERT INTO "quiz_answer" VALUES(4,1,'arj',0,1);
INSERT INTO "quiz_answer" VALUES(5,2,'tar czf archive.tar.gz somedir',1,1);
INSERT INTO "quiz_answer" VALUES(6,2,'tar archive.tar.gz somedir',0,1);
INSERT INTO "quiz_answer" VALUES(7,2,'tar tf archive.tar.gz somedir',0,1);
INSERT INTO "quiz_answer" VALUES(8,2,'tar -cd archive.tar.gz somedir',0,1);
INSERT INTO "quiz_answer" VALUES(9,3,'tar tzf archive.tar.gz',1,1);
INSERT INTO "quiz_answer" VALUES(10,3,'tar xzf archive.tar.gz',0,1);
INSERT INTO "quiz_answer" VALUES(11,3,'tar czf archive.tar.gz',0,1);
INSERT INTO "quiz_answer" VALUES(12,3,'tar tf archive.tar.gz',0,1);
INSERT INTO "quiz_answer" VALUES(13,4,'SELECT count(*) FROM farm;',1,1);
INSERT INTO "quiz_answer" VALUES(14,4,'SELECT count FROM farm;',0,1);
INSERT INTO "quiz_answer" VALUES(15,4,'SELECT sheep FROM farm;',0,1);
INSERT INTO "quiz_answer" VALUES(16,4,'SELECT * FROM farm;',0,1);
INSERT INTO "quiz_answer" VALUES(17,5,'Structured Query Language',1,1);
INSERT INTO "quiz_answer" VALUES(18,5,'Standard Query Language',0,1);
INSERT INTO "quiz_answer" VALUES(19,5,'Simple Query Language',0,1);
INSERT INTO "quiz_answer" VALUES(20,5,'Signal Query Language',0,1);
INSERT INTO "quiz_answer" VALUES(21,6,'SELECT * FROM Employee WHERE Name = ''Smith'';',1,1);
INSERT INTO "quiz_answer" VALUES(22,6,'SELECT * FROM Employee WHERE Name IS ''Smith'';',0,1);
INSERT INTO "quiz_answer" VALUES(23,6,'SELECT * FROM Employee WHERE Name == ''Smith'';',0,1);
INSERT INTO "quiz_answer" VALUES(24,6,'SELECT * FROM Employee WHERE Name = "Smith";',0,1);
INSERT INTO "quiz_answer" VALUES(25,7,'SELECT * FROM Employee WHERE Email IS NULL;',1,1);
INSERT INTO "quiz_answer" VALUES(26,7,'SELECT * FROM Employee WHERE Email = ''NULL'';',0,1);
INSERT INTO "quiz_answer" VALUES(27,7,'SELECT * FROM Employee WHERE Email == ''NULL'';',0,1);
INSERT INTO "quiz_answer" VALUES(28,7,'SELECT * FROM Employee WHERE Email = NULL;',0,1);
INSERT INTO "quiz_answer" VALUES(29,8,'hibernate',1,1);
INSERT INTO "quiz_answer" VALUES(30,8,'sleep',0,1);
INSERT INTO "quiz_answer" VALUES(31,8,'standby',0,1);
INSERT INTO "quiz_answer" VALUES(32,8,'lock',0,1);
INSERT INTO "quiz_answer" VALUES(33,9,'Remove the motherboard battery for a few seconds',1,1);
INSERT INTO "quiz_answer" VALUES(34,9,'Reboot the computer',0,1);
INSERT INTO "quiz_answer" VALUES(35,9,'Reboot the computer using a system rescue CD',0,1);
INSERT INTO "quiz_answer" VALUES(36,9,'Replace hard disk',0,1);
INSERT INTO "quiz_answer" VALUES(37,10,'Harddisk',1,1);
INSERT INTO "quiz_answer" VALUES(38,10,'Memory',0,1);
INSERT INTO "quiz_answer" VALUES(39,10,'Motherboard',0,1);
INSERT INTO "quiz_answer" VALUES(40,10,'PSU',0,1);
INSERT INTO "quiz_answer" VALUES(41,11,'4GB',1,1);
INSERT INTO "quiz_answer" VALUES(42,11,'8GB',0,1);
INSERT INTO "quiz_answer" VALUES(43,11,'2GB',0,1);
INSERT INTO "quiz_answer" VALUES(44,11,'3GB',0,1);
INSERT INTO "quiz_answer" VALUES(45,12,'SSD',1,1);
INSERT INTO "quiz_answer" VALUES(46,12,'SATA',0,1);
INSERT INTO "quiz_answer" VALUES(47,12,'SCSI',0,1);
INSERT INTO "quiz_answer" VALUES(48,12,'iSCSI',0,1);
INSERT INTO "quiz_answer" VALUES(49,13,'RAID 1',1,1);
INSERT INTO "quiz_answer" VALUES(50,13,'RAID 0',0,1);
INSERT INTO "quiz_answer" VALUES(51,13,'RAID 5',0,1);
INSERT INTO "quiz_answer" VALUES(52,13,'RAID 6',0,1);
INSERT INTO "quiz_answer" VALUES(53,14,'Moore',1,1);
INSERT INTO "quiz_answer" VALUES(54,14,'Von Neuman',0,1);
INSERT INTO "quiz_answer" VALUES(55,14,'Turing',0,1);
INSERT INTO "quiz_answer" VALUES(56,14,'MacGyver',0,1);
INSERT INTO "quiz_answer" VALUES(57,15,'Mail server',1,1);
INSERT INTO "quiz_answer" VALUES(58,15,'SMS server',0,1);
INSERT INTO "quiz_answer" VALUES(59,15,'FTP server',0,1);
INSERT INTO "quiz_answer" VALUES(60,15,'SPAM server',0,1);
INSERT INTO "quiz_answer" VALUES(61,16,'31 January 2011',1,1);
INSERT INTO "quiz_answer" VALUES(62,16,'12 December 2012',0,1);
INSERT INTO "quiz_answer" VALUES(63,16,'Not in the foreseeable future',0,1);
INSERT INTO "quiz_answer" VALUES(64,16,'29 February 2015',0,1);
INSERT INTO "quiz_answer" VALUES(65,17,'Mozilla',1,1);
INSERT INTO "quiz_answer" VALUES(66,17,'Godzilla',0,1);
INSERT INTO "quiz_answer" VALUES(67,17,'Netscape',0,1);
INSERT INTO "quiz_answer" VALUES(68,17,'Colossus',0,1);
INSERT INTO "quiz_answer" VALUES(69,18,'MINIX',1,1);
INSERT INTO "quiz_answer" VALUES(70,18,'FreeBSD',0,1);
INSERT INTO "quiz_answer" VALUES(71,18,'UNIX',0,1);
INSERT INTO "quiz_answer" VALUES(72,18,'Linus',0,1);
INSERT INTO "quiz_answer" VALUES(73,19,'128',1,1);
INSERT INTO "quiz_answer" VALUES(74,19,'256',0,1);
INSERT INTO "quiz_answer" VALUES(75,19,'240',0,1);
INSERT INTO "quiz_answer" VALUES(76,19,'64',0,1);
INSERT INTO "quiz_answer" VALUES(77,20,'Richard Stallman',1,1);
INSERT INTO "quiz_answer" VALUES(78,20,'Linux Torvalds',0,1);
INSERT INTO "quiz_answer" VALUES(79,20,'Bill Gates',0,1);
INSERT INTO "quiz_answer" VALUES(80,20,'Alan Cox',0,1);
INSERT INTO "quiz_answer" VALUES(81,21,'Press Ctrl-Alt-F1 first, and then Ctrl-Alt-Del',1,1);
INSERT INTO "quiz_answer" VALUES(82,21,'Press Ctrl-Alt-SysRq-b',0,1);
INSERT INTO "quiz_answer" VALUES(83,21,'Hold the power button until lights go bye bye',0,1);
INSERT INTO "quiz_answer" VALUES(84,21,'Pull the plug out',0,1);
INSERT INTO "quiz_answer" VALUES(85,22,'pwd',1,1);
INSERT INTO "quiz_answer" VALUES(86,22,'cwd',0,1);
INSERT INTO "quiz_answer" VALUES(87,22,'dir',0,1);
INSERT INTO "quiz_answer" VALUES(88,22,'cd',0,1);
INSERT INTO "quiz_answer" VALUES(89,23,'df -h',1,1);
INSERT INTO "quiz_answer" VALUES(90,23,'du -sm',0,1);
INSERT INTO "quiz_answer" VALUES(91,23,'diskusage',0,1);
INSERT INTO "quiz_answer" VALUES(92,23,'free',0,1);
INSERT INTO "quiz_answer" VALUES(93,24,'sort < data.txt',1,1);
INSERT INTO "quiz_answer" VALUES(94,24,'cat data.txt | sort',0,1);
INSERT INTO "quiz_answer" VALUES(95,24,'sort data.txt',0,1);
INSERT INTO "quiz_answer" VALUES(96,24,'sort data.txt &',0,1);
INSERT INTO "quiz_answer" VALUES(97,25,'Debian',1,1);
INSERT INTO "quiz_answer" VALUES(98,25,'Mint',0,1);
INSERT INTO "quiz_answer" VALUES(99,25,'Ubuntu',0,1);
INSERT INTO "quiz_answer" VALUES(100,25,'Knoppix',0,1);
INSERT INTO "quiz_answer" VALUES(101,26,'firefox &',1,1);
INSERT INTO "quiz_answer" VALUES(102,26,'bg firefox',0,1);
INSERT INTO "quiz_answer" VALUES(103,26,'firefox /&',0,1);
INSERT INTO "quiz_answer" VALUES(104,26,'firefox &&',0,1);
INSERT INTO "quiz_answer" VALUES(105,27,'last',1,1);
INSERT INTO "quiz_answer" VALUES(106,27,'users',0,1);
INSERT INTO "quiz_answer" VALUES(107,27,'who',0,1);
INSERT INTO "quiz_answer" VALUES(108,27,'w',0,1);
INSERT INTO "quiz_answer" VALUES(109,28,'w',1,1);
INSERT INTO "quiz_answer" VALUES(110,28,'whois',0,1);
INSERT INTO "quiz_answer" VALUES(111,28,'last',0,1);
INSERT INTO "quiz_answer" VALUES(112,28,'users',0,1);
INSERT INTO "quiz_answer" VALUES(113,29,'Fedora',1,1);
INSERT INTO "quiz_answer" VALUES(114,29,'Mint',0,1);
INSERT INTO "quiz_answer" VALUES(115,29,'KNOPPIX',0,1);
INSERT INTO "quiz_answer" VALUES(116,29,'Ubuntu',0,1);
INSERT INTO "quiz_answer" VALUES(117,30,'10.1 Kitten',1,1);
INSERT INTO "quiz_answer" VALUES(118,30,'10.4 Tiger',0,1);
INSERT INTO "quiz_answer" VALUES(119,30,'10.5 Leopard',0,1);
INSERT INTO "quiz_answer" VALUES(120,30,'10.7 Lion',0,1);
INSERT INTO "quiz_answer" VALUES(121,31,'The roman letter X',1,1);
INSERT INTO "quiz_answer" VALUES(122,31,'Extreme Power',0,1);
INSERT INTO "quiz_answer" VALUES(123,31,'X Windows',0,1);
INSERT INTO "quiz_answer" VALUES(124,31,'Experimental',0,1);
INSERT INTO "quiz_answer" VALUES(125,32,'open',1,1);
INSERT INTO "quiz_answer" VALUES(126,32,'view',0,1);
INSERT INTO "quiz_answer" VALUES(127,32,'run',0,1);
INSERT INTO "quiz_answer" VALUES(128,32,'launch',0,1);
INSERT INTO "quiz_answer" VALUES(129,33,'58:b0:35:80:36:9f',1,1);
INSERT INTO "quiz_answer" VALUES(130,33,'192.168.2.103',0,1);
INSERT INTO "quiz_answer" VALUES(131,33,'fe80::5ab0:35ff:fe80:369f',0,1);
INSERT INTO "quiz_answer" VALUES(132,33,'0xffffff00',0,1);
INSERT INTO "quiz_answer" VALUES(133,34,'Dynamically assign IP addresses to PCs',1,1);
INSERT INTO "quiz_answer" VALUES(134,34,'Dynamically assign MAC addresses to PCs',0,1);
INSERT INTO "quiz_answer" VALUES(135,34,'Proxy connections from a local network to internet',0,1);
INSERT INTO "quiz_answer" VALUES(136,34,'Increase the security of a network',0,1);
INSERT INTO "quiz_answer" VALUES(137,35,'255.255.255.0',1,1);
INSERT INTO "quiz_answer" VALUES(138,35,'192.168.2.103',0,1);
INSERT INTO "quiz_answer" VALUES(139,35,'192.168.2.255',0,1);
INSERT INTO "quiz_answer" VALUES(140,35,'192.168.2.1',0,1);
INSERT INTO "quiz_answer" VALUES(141,36,'21',1,1);
INSERT INTO "quiz_answer" VALUES(142,36,'20',0,1);
INSERT INTO "quiz_answer" VALUES(143,36,'25',0,1);
INSERT INTO "quiz_answer" VALUES(144,36,'8080',0,1);
INSERT INTO "quiz_answer" VALUES(145,37,'When visiting a URL that does not exist',1,1);
INSERT INTO "quiz_answer" VALUES(146,37,'When copying a file that does not exist',0,1);
INSERT INTO "quiz_answer" VALUES(147,37,'When running a command that does not exist',0,1);
INSERT INTO "quiz_answer" VALUES(148,37,'When opening an email attachment',0,1);
INSERT INTO "quiz_answer" VALUES(149,38,'robots.txt',1,1);
INSERT INTO "quiz_answer" VALUES(150,38,'robots.config',0,1);
INSERT INTO "quiz_answer" VALUES(151,38,'deny.conf',0,1);
INSERT INTO "quiz_answer" VALUES(152,38,'hosts.allow',0,1);
INSERT INTO "quiz_answer" VALUES(153,39,'80',1,1);
INSERT INTO "quiz_answer" VALUES(154,39,'8080',0,1);
INSERT INTO "quiz_answer" VALUES(155,39,'8000',0,1);
INSERT INTO "quiz_answer" VALUES(156,39,'8888',0,1);
INSERT INTO "quiz_answer" VALUES(157,40,'443',1,1);
INSERT INTO "quiz_answer" VALUES(158,40,'80',0,1);
INSERT INTO "quiz_answer" VALUES(159,40,'8888',0,1);
INSERT INTO "quiz_answer" VALUES(160,40,'22',0,1);
INSERT INTO "quiz_answer" VALUES(161,41,'favicon.ico',1,1);
INSERT INTO "quiz_answer" VALUES(162,41,'icon.png',0,1);
INSERT INTO "quiz_answer" VALUES(163,41,'favicon.bmp',0,1);
INSERT INTO "quiz_answer" VALUES(164,41,'bookmark.png',0,1);
INSERT INTO "quiz_answer" VALUES(165,42,'127.0.0.1',1,1);
INSERT INTO "quiz_answer" VALUES(166,42,'127.0.0.0',0,1);
INSERT INTO "quiz_answer" VALUES(167,42,'192.168.0.1',0,1);
INSERT INTO "quiz_answer" VALUES(168,42,'0.0.0.0',0,1);
INSERT INTO "quiz_answer" VALUES(169,43,'192.168.2.78',1,1);
INSERT INTO "quiz_answer" VALUES(170,43,'173.194.40.162',0,1);
INSERT INTO "quiz_answer" VALUES(171,43,'17.178.96.59',0,1);
INSERT INTO "quiz_answer" VALUES(172,43,'15.192.124.145',0,1);
INSERT INTO "quiz_answer" VALUES(173,44,'Make a filesystem accessible',1,1);
INSERT INTO "quiz_answer" VALUES(174,44,'Format a disk to store data',0,1);
INSERT INTO "quiz_answer" VALUES(175,44,'Make a disk unusable',0,1);
INSERT INTO "quiz_answer" VALUES(176,44,'Prepare an installation disk',0,1);
INSERT INTO "quiz_answer" VALUES(177,45,'4',1,1);
INSERT INTO "quiz_answer" VALUES(178,45,'3',0,1);
INSERT INTO "quiz_answer" VALUES(179,45,'5',0,1);
INSERT INTO "quiz_answer" VALUES(180,45,'unlimited',0,1);
INSERT INTO "quiz_answer" VALUES(181,46,'Stores the partition table',1,1);
INSERT INTO "quiz_answer" VALUES(182,46,'Stores the kernel',0,1);
INSERT INTO "quiz_answer" VALUES(183,46,'Stores the operating system',0,1);
INSERT INTO "quiz_answer" VALUES(184,46,'Stores the system recovery image',0,1);
INSERT INTO "quiz_answer" VALUES(185,47,'1024 MB',1,1);
INSERT INTO "quiz_answer" VALUES(186,47,'512 MB',0,1);
INSERT INTO "quiz_answer" VALUES(187,47,'256 MB',0,1);
INSERT INTO "quiz_answer" VALUES(188,47,'1000 MB',0,1);
INSERT INTO "quiz_answer" VALUES(189,48,'chmod a+r core',1,1);
INSERT INTO "quiz_answer" VALUES(190,48,'chmod 777 core',0,1);
INSERT INTO "quiz_answer" VALUES(191,48,'chmod go+r core',0,1);
INSERT INTO "quiz_answer" VALUES(192,48,'chmod 444 core',0,1);
INSERT INTO "quiz_answer" VALUES(193,49,'chmod 750 some_script.sh',1,1);
INSERT INTO "quiz_answer" VALUES(194,49,'chmod u+rwx,g-w some_script.sh',0,1);
INSERT INTO "quiz_answer" VALUES(195,49,'chmod 4750 some_script.sh',0,1);
INSERT INTO "quiz_answer" VALUES(196,49,'chmod 022 some_script.sh',0,1);
INSERT INTO "quiz_answer" VALUES(197,50,'chmod o+r file.txt',1,1);
INSERT INTO "quiz_answer" VALUES(198,50,'chmod 777',0,1);
INSERT INTO "quiz_answer" VALUES(199,50,'chmod o+rwx file.txt',0,1);
INSERT INTO "quiz_answer" VALUES(200,50,'chmod u+r file.txt',0,1);
INSERT INTO "quiz_answer" VALUES(201,51,'ls -ld',1,1);
INSERT INTO "quiz_answer" VALUES(202,51,'ls -ld .',0,1);
INSERT INTO "quiz_answer" VALUES(203,51,'ls -la .',0,1);
INSERT INTO "quiz_answer" VALUES(204,51,'ls -a',0,1);
INSERT INTO "quiz_answer" VALUES(205,52,'chmod o-rwx ~',1,1);
INSERT INTO "quiz_answer" VALUES(206,52,'chmod o-rw ~',0,1);
INSERT INTO "quiz_answer" VALUES(207,52,'chmod 0000 ~',0,1);
INSERT INTO "quiz_answer" VALUES(208,52,'chmod a-rwx ~',0,1);
INSERT INTO "quiz_answer" VALUES(209,53,'Any user in the system can create and delete files',1,1);
INSERT INTO "quiz_answer" VALUES(210,53,'Users in the same group can create and delete files',0,1);
INSERT INTO "quiz_answer" VALUES(211,53,'Any user in the system can create but not delete files',0,1);
INSERT INTO "quiz_answer" VALUES(212,53,'Users in the same group can create but not delete files',0,1);
INSERT INTO "quiz_answer" VALUES(213,54,'queue',1,1);
INSERT INTO "quiz_answer" VALUES(214,54,'array',0,1);
INSERT INTO "quiz_answer" VALUES(215,54,'list',0,1);
INSERT INTO "quiz_answer" VALUES(216,54,'stack',0,1);
INSERT INTO "quiz_answer" VALUES(217,55,'stack',1,1);
INSERT INTO "quiz_answer" VALUES(218,55,'queue',0,1);
INSERT INTO "quiz_answer" VALUES(219,55,'array',0,1);
INSERT INTO "quiz_answer" VALUES(220,55,'list',0,1);
INSERT INTO "quiz_answer" VALUES(221,56,'map',1,1);
INSERT INTO "quiz_answer" VALUES(222,56,'set',0,1);
INSERT INTO "quiz_answer" VALUES(223,56,'list',0,1);
INSERT INTO "quiz_answer" VALUES(224,56,'tuple',0,1);
INSERT INTO "quiz_answer" VALUES(225,57,'21',1,1);
INSERT INTO "quiz_answer" VALUES(226,57,'15',0,1);
INSERT INTO "quiz_answer" VALUES(227,57,'13',0,1);
INSERT INTO "quiz_answer" VALUES(228,57,'0',0,1);
INSERT INTO "quiz_answer" VALUES(229,58,'13',1,1);
INSERT INTO "quiz_answer" VALUES(230,58,'15',0,1);
INSERT INTO "quiz_answer" VALUES(231,58,'21',0,1);
INSERT INTO "quiz_answer" VALUES(232,58,'0',0,1);
INSERT INTO "quiz_answer" VALUES(233,59,'13',1,1);
INSERT INTO "quiz_answer" VALUES(234,59,'14',0,1);
INSERT INTO "quiz_answer" VALUES(235,59,'15',0,1);
INSERT INTO "quiz_answer" VALUES(236,59,'11',0,1);
INSERT INTO "quiz_answer" VALUES(237,60,'0b1011',1,1);
INSERT INTO "quiz_answer" VALUES(238,60,'0b11',0,1);
INSERT INTO "quiz_answer" VALUES(239,60,'0x0b',0,1);
INSERT INTO "quiz_answer" VALUES(240,60,'0b11111111111',0,1);
INSERT INTO "quiz_answer" VALUES(241,61,'8',1,1);
INSERT INTO "quiz_answer" VALUES(242,61,'2',0,1);
INSERT INTO "quiz_answer" VALUES(243,61,'16',0,1);
INSERT INTO "quiz_answer" VALUES(244,61,'7',0,1);
INSERT INTO "quiz_answer" VALUES(245,62,'^Error',1,1);
INSERT INTO "quiz_answer" VALUES(246,62,'Error',0,1);
INSERT INTO "quiz_answer" VALUES(247,62,'Error*',0,1);
INSERT INTO "quiz_answer" VALUES(248,62,'Error?',0,1);
INSERT INTO "quiz_answer" VALUES(249,63,'^....A',1,1);
INSERT INTO "quiz_answer" VALUES(250,63,'....A',0,1);
INSERT INTO "quiz_answer" VALUES(251,63,'^????A',0,1);
INSERT INTO "quiz_answer" VALUES(252,63,'^*A',0,1);
INSERT INTO "quiz_answer" VALUES(253,64,'grep -i error.*auth',1,1);
INSERT INTO "quiz_answer" VALUES(254,64,'grep -i error*auth',0,1);
INSERT INTO "quiz_answer" VALUES(255,64,'grep -i error auth',0,1);
INSERT INTO "quiz_answer" VALUES(256,64,'grep error.*auth',0,1);
INSERT INTO "quiz_answer" VALUES(257,65,'[0-9][0-9][0-9]*',1,1);
INSERT INTO "quiz_answer" VALUES(258,65,'[0-9][0-9][0-9]?',0,1);
INSERT INTO "quiz_answer" VALUES(259,65,'[0-9][0-9]*',0,1);
INSERT INTO "quiz_answer" VALUES(260,65,'[0-9]+',0,1);
INSERT INTO "quiz_answer" VALUES(261,66,'\<[A-Z][a-z][a-z]*',1,1);
INSERT INTO "quiz_answer" VALUES(262,66,'[A-Z][a-z][a-z]*',0,1);
INSERT INTO "quiz_answer" VALUES(263,66,'\<[A-Z][a-z]*',0,1);
INSERT INTO "quiz_answer" VALUES(264,66,'\<[A-Za-z]+',0,1);
INSERT INTO "quiz_answer" VALUES(265,67,'cd',1,1);
INSERT INTO "quiz_answer" VALUES(266,67,'cd -',0,1);
INSERT INTO "quiz_answer" VALUES(267,67,'cd .',0,1);
INSERT INTO "quiz_answer" VALUES(268,67,'cd ..',0,1);
INSERT INTO "quiz_answer" VALUES(269,68,'cd -',1,1);
INSERT INTO "quiz_answer" VALUES(270,68,'cd',0,1);
INSERT INTO "quiz_answer" VALUES(271,68,'cd .',0,1);
INSERT INTO "quiz_answer" VALUES(272,68,'cd ..',0,1);
INSERT INTO "quiz_answer" VALUES(273,69,'script.bat >nul',1,1);
INSERT INTO "quiz_answer" VALUES(274,69,'script.bat >null',0,1);
INSERT INTO "quiz_answer" VALUES(275,69,'script.bat >/dev/null',0,1);
INSERT INTO "quiz_answer" VALUES(276,69,'script.bat >0',0,1);
INSERT INTO "quiz_answer" VALUES(277,70,'script1.sh && script2.sh',1,1);
INSERT INTO "quiz_answer" VALUES(278,70,'script1.sh || script2.sh',0,1);
INSERT INTO "quiz_answer" VALUES(279,70,'script1.sh & script2.sh',0,1);
INSERT INTO "quiz_answer" VALUES(280,70,'script1.sh | script2.sh',0,1);
INSERT INTO "quiz_answer" VALUES(281,71,'ls *.log | wc -l',1,1);
INSERT INTO "quiz_answer" VALUES(282,71,'ls log > wc -l',0,1);
INSERT INTO "quiz_answer" VALUES(283,71,'ls *.log | wc -c',0,1);
INSERT INTO "quiz_answer" VALUES(284,71,'ls log | sort | uniq | wc -c',0,1);
INSERT INTO "quiz_answer" VALUES(285,72,'ls -lt | head',1,1);
INSERT INTO "quiz_answer" VALUES(286,72,'ls -ltr | head',0,1);
INSERT INTO "quiz_answer" VALUES(287,72,'ls -lr | head',0,1);
INSERT INTO "quiz_answer" VALUES(288,72,'ls -laF | head',0,1);
INSERT INTO "quiz_answer" VALUES(289,73,'> file.txt',1,1);
INSERT INTO "quiz_answer" VALUES(290,73,'>> file.txt',0,1);
INSERT INTO "quiz_answer" VALUES(291,73,'file.txt < /dev/null',0,1);
INSERT INTO "quiz_answer" VALUES(292,73,'shred file.txt',0,1);
INSERT INTO "quiz_answer" VALUES(293,74,'Ctrl-C',1,1);
INSERT INTO "quiz_answer" VALUES(294,74,'Ctrl-Z',0,1);
INSERT INTO "quiz_answer" VALUES(295,74,'Alt-C',0,1);
INSERT INTO "quiz_answer" VALUES(296,74,'Alt-Z',0,1);
INSERT INTO "quiz_answer" VALUES(297,75,':q!',1,1);
INSERT INTO "quiz_answer" VALUES(298,75,':Q',0,1);
INSERT INTO "quiz_answer" VALUES(299,75,':wq',0,1);
INSERT INTO "quiz_answer" VALUES(300,75,'ZZ',0,1);
INSERT INTO "quiz_answer" VALUES(301,76,'ifconfig >> net.log',1,1);
INSERT INTO "quiz_answer" VALUES(302,76,'ifconfig > net.log',0,1);
INSERT INTO "quiz_answer" VALUES(303,76,'ifconfig | net.log',0,1);
INSERT INTO "quiz_answer" VALUES(304,76,'ifconfig >>> net.log',0,1);
INSERT INTO "quiz_answer" VALUES(305,77,'sort file.txt | uniq -d',1,1);
INSERT INTO "quiz_answer" VALUES(306,77,'sort -u file.txt',0,1);
INSERT INTO "quiz_answer" VALUES(307,77,'sort file.txt | uniq',0,1);
INSERT INTO "quiz_answer" VALUES(308,77,'sort -u file.txt | uniq -d',0,1);
INSERT INTO "quiz_answer" VALUES(309,78,'A closed-source system may do nasty things without your knowledge',1,1);
INSERT INTO "quiz_answer" VALUES(310,78,'A closed-source system has inherently more viruses',0,1);
INSERT INTO "quiz_answer" VALUES(311,78,'A closed-source system is inherently insecure',0,1);
INSERT INTO "quiz_answer" VALUES(312,78,'A closed-source system attracts game developers',0,1);
INSERT INTO "quiz_answer" VALUES(313,79,'WEP',1,1);
INSERT INTO "quiz_answer" VALUES(314,79,'WPA',0,1);
INSERT INTO "quiz_answer" VALUES(315,79,'WPA2',0,1);
INSERT INTO "quiz_answer" VALUES(316,79,'RSN',0,1);
INSERT INTO "quiz_answer" VALUES(317,80,'FTP',1,1);
INSERT INTO "quiz_answer" VALUES(318,80,'SFTP',0,1);
INSERT INTO "quiz_answer" VALUES(319,80,'SSH',0,1);
INSERT INTO "quiz_answer" VALUES(320,80,'Windows',0,1);
INSERT INTO "quiz_answer" VALUES(321,81,'Images are often rendered by scripts that actually track you.',1,1);
INSERT INTO "quiz_answer" VALUES(322,81,'Images may take a long time to load.',0,1);
INSERT INTO "quiz_answer" VALUES(323,81,'Images may take control of your computer.',0,1);
INSERT INTO "quiz_answer" VALUES(324,81,'Images may steal your credit card information.',0,1);
INSERT INTO "quiz_answer" VALUES(325,82,'FTP',1,1);
INSERT INTO "quiz_answer" VALUES(326,82,'SFTP',0,1);
INSERT INTO "quiz_answer" VALUES(327,82,'rsync',0,1);
INSERT INTO "quiz_answer" VALUES(328,82,'ssh',0,1);
INSERT INTO "quiz_answer" VALUES(329,83,'Makefile',1,1);
INSERT INTO "quiz_answer" VALUES(330,83,'make.config',0,1);
INSERT INTO "quiz_answer" VALUES(331,83,'config.ini',0,1);
INSERT INTO "quiz_answer" VALUES(332,83,'build.xml',0,1);
INSERT INTO "quiz_answer" VALUES(333,84,'whois example.com',1,1);
INSERT INTO "quiz_answer" VALUES(334,84,'ping example.com',0,1);
INSERT INTO "quiz_answer" VALUES(335,84,'checkdomain example.com',0,1);
INSERT INTO "quiz_answer" VALUES(336,84,'knock-knock example.com',0,1);
INSERT INTO "quiz_answer" VALUES(337,85,'Verify the integrity of a file downloaded from a server',1,1);
INSERT INTO "quiz_answer" VALUES(338,85,'Store encrypted data',0,1);
INSERT INTO "quiz_answer" VALUES(339,85,'Store cryptographic signature',0,1);
INSERT INTO "quiz_answer" VALUES(340,85,'Completely pointless',0,1);
INSERT INTO "quiz_answer" VALUES(341,86,'Ctrl-Tab',1,1);
INSERT INTO "quiz_answer" VALUES(342,86,'Alt-Tab',0,1);
INSERT INTO "quiz_answer" VALUES(343,86,'ESC-Tab',0,1);
INSERT INTO "quiz_answer" VALUES(344,86,'Ctrl-Alt-Tab',0,1);
INSERT INTO "quiz_answer" VALUES(345,87,'flac',1,1);
INSERT INTO "quiz_answer" VALUES(346,87,'ogg-vorbis',0,1);
INSERT INTO "quiz_answer" VALUES(347,87,'mp3',0,1);
INSERT INTO "quiz_answer" VALUES(348,87,'aac',0,1);
INSERT INTO "quiz_answer" VALUES(349,88,'ifconfig',1,1);
INSERT INTO "quiz_answer" VALUES(350,88,'ipconfig',0,1);
INSERT INTO "quiz_answer" VALUES(351,88,'netstat',0,1);
INSERT INTO "quiz_answer" VALUES(352,88,'route',0,1);
INSERT INTO "quiz_answer" VALUES(353,89,'mount',1,1);
INSERT INTO "quiz_answer" VALUES(354,89,'df -h',0,1);
INSERT INTO "quiz_answer" VALUES(355,89,'cat /etc/fstab',0,1);
INSERT INTO "quiz_answer" VALUES(356,89,'ls /media',0,1);
INSERT INTO "quiz_answer" VALUES(357,90,'checkout',1,1);
INSERT INTO "quiz_answer" VALUES(358,90,'checkin',0,1);
INSERT INTO "quiz_answer" VALUES(359,90,'get',0,1);
INSERT INTO "quiz_answer" VALUES(360,90,'download',0,1);
INSERT INTO "quiz_answer" VALUES(361,91,'commit',1,1);
INSERT INTO "quiz_answer" VALUES(362,91,'log',0,1);
INSERT INTO "quiz_answer" VALUES(363,91,'save',0,1);
INSERT INTO "quiz_answer" VALUES(364,91,'upload',0,1);
INSERT INTO "quiz_answer" VALUES(365,92,'status',1,1);
INSERT INTO "quiz_answer" VALUES(366,92,'check',0,1);
INSERT INTO "quiz_answer" VALUES(367,92,'summary',0,1);
INSERT INTO "quiz_answer" VALUES(368,92,'view',0,1);
INSERT INTO "quiz_answer" VALUES(369,93,'site:example.com "git push"',1,1);
INSERT INTO "quiz_answer" VALUES(370,93,'insite:example.com "git push"',0,1);
INSERT INTO "quiz_answer" VALUES(371,93,'site:example.com (git push)',0,1);
INSERT INTO "quiz_answer" VALUES(372,93,'site:example.com git push',0,1);
INSERT INTO "quiz_answer" VALUES(373,94,'mstsc',1,1);
INSERT INTO "quiz_answer" VALUES(374,94,'remote-desktop',0,1);
INSERT INTO "quiz_answer" VALUES(375,94,'msdesktop',0,1);
INSERT INTO "quiz_answer" VALUES(376,94,'msterm',0,1);
INSERT INTO "quiz_answer" VALUES(377,95,'Windows + L',1,1);
INSERT INTO "quiz_answer" VALUES(378,95,'Ctrl-Alt-Del',0,1);
INSERT INTO "quiz_answer" VALUES(379,95,'Ctrl-Escape',0,1);
INSERT INTO "quiz_answer" VALUES(380,95,'Windows + D',0,1);
INSERT INTO "quiz_answer" VALUES(381,96,'Windows + Pause/Break',1,1);
INSERT INTO "quiz_answer" VALUES(382,96,'Windows + Home',0,1);
INSERT INTO "quiz_answer" VALUES(383,96,'Windows + L',0,1);
INSERT INTO "quiz_answer" VALUES(384,96,'Windows + M',0,1);
INSERT INTO "quiz_answer" VALUES(385,97,'Ctrl + Shift + Escape',1,1);
INSERT INTO "quiz_answer" VALUES(386,97,'Ctrl + Escape',0,1);
INSERT INTO "quiz_answer" VALUES(387,97,'Windows + L',0,1);
INSERT INTO "quiz_answer" VALUES(388,97,'Windows + M',0,1);
INSERT INTO "quiz_answer" VALUES(389,98,'regedit',1,1);
INSERT INTO "quiz_answer" VALUES(390,98,'regeditor',0,1);
INSERT INTO "quiz_answer" VALUES(391,98,'registry-edit',0,1);
INSERT INTO "quiz_answer" VALUES(392,98,'system',0,1);
INSERT INTO "quiz_answer" VALUES(393,99,'NTFS',1,1);
INSERT INTO "quiz_answer" VALUES(394,99,'FAT16',0,1);
INSERT INTO "quiz_answer" VALUES(395,99,'FAT32',0,1);
INSERT INTO "quiz_answer" VALUES(396,99,'DOS',0,1);
INSERT INTO "quiz_answer" VALUES(397,100,'ipconfig',1,1);
INSERT INTO "quiz_answer" VALUES(398,100,'ifconfig',0,1);
INSERT INTO "quiz_answer" VALUES(399,100,'/sbin/ifconfig',0,1);
INSERT INTO "quiz_answer" VALUES(400,100,'netstat',0,1);
INSERT INTO "quiz_answer" VALUES(401,101,'find . -name ''*.sh'' | tar cvf archive.tar -T-',1,1);
INSERT INTO "quiz_answer" VALUES(402,101,'find . -name ''*.sh'' | tar cxf archive.tar -T-',0,1);
INSERT INTO "quiz_answer" VALUES(403,101,'find . -name ''*.sh'' | tar cvf -T- archive.tar',0,1);
INSERT INTO "quiz_answer" VALUES(404,101,'find . -name ''*.sh'' | tar cvf archive.tar',0,1);
INSERT INTO "quiz_answer" VALUES(405,102,'lzma',1,1);
INSERT INTO "quiz_answer" VALUES(406,102,'lzop',0,1);
INSERT INTO "quiz_answer" VALUES(407,102,'gzip',0,1);
INSERT INTO "quiz_answer" VALUES(408,102,'bzip2',0,1);
INSERT INTO "quiz_answer" VALUES(409,103,'tar ztf archive.tgz | grep ''script\.sh$''',1,1);
INSERT INTO "quiz_answer" VALUES(410,103,'tar zxf archive.tgz | grep ''script\.sh$''',0,1);
INSERT INTO "quiz_answer" VALUES(411,103,'tar jtf archive.tgz | grep ''script\.sh$''',0,1);
INSERT INTO "quiz_answer" VALUES(412,103,'gzip -cd archive.tgz | grep ''script\.sh$''',0,1);
INSERT INTO "quiz_answer" VALUES(413,104,'tar zc -C /source . | ssh user@server cat > archive.tar.gz',1,1);
INSERT INTO "quiz_answer" VALUES(414,104,'tar zc -C /source | ssh user@server cat > archive.tar.gz',0,1);
INSERT INTO "quiz_answer" VALUES(415,104,'tar zc -C /source . | ssh user@server > archive.tar.gz',0,1);
INSERT INTO "quiz_answer" VALUES(416,104,'tar zc -C /source . | ssh user@server sh > archive.tar.gz',0,1);
INSERT INTO "quiz_answer" VALUES(417,105,'dd',1,1);
INSERT INTO "quiz_answer" VALUES(418,105,'rsync',0,1);
INSERT INTO "quiz_answer" VALUES(419,105,'cp',0,1);
INSERT INTO "quiz_answer" VALUES(420,105,'copy',0,1);
INSERT INTO "quiz_answer" VALUES(421,106,'dd if=/dev/sdX of=/tmp/sda-mbr.bin bs=512 count=1',1,1);
INSERT INTO "quiz_answer" VALUES(422,106,'dd if=/dev/sdX of=/tmp/sda-mbr.bin bs=256 count=1',0,1);
INSERT INTO "quiz_answer" VALUES(423,106,'dd if=/dev/sdX of=/tmp/sda-mbr.bin bs=512',0,1);
INSERT INTO "quiz_answer" VALUES(424,106,'dd if=/dev/sdX of=/tmp/sda-mbr.bin bs=1024',0,1);
INSERT INTO "quiz_answer" VALUES(425,107,'SELECT * FROM Employee WHERE DepartmentID IS NULL;',1,1);
INSERT INTO "quiz_answer" VALUES(426,107,'SELECT * FROM Employee WHERE DepartmentID = NULL;',0,1);
INSERT INTO "quiz_answer" VALUES(427,107,'SELECT * FROM Employee WHERE DepartmentID EXISTS;',0,1);
INSERT INTO "quiz_answer" VALUES(428,107,'SELECT * FROM Employee WHERE DepartmentID = 0;',0,1);
INSERT INTO "quiz_answer" VALUES(429,108,'desc tablename;',1,1);
INSERT INTO "quiz_answer" VALUES(430,108,'view tablename;',0,1);
INSERT INTO "quiz_answer" VALUES(431,108,'show tablename;',0,1);
INSERT INTO "quiz_answer" VALUES(432,108,'select tablename;',0,1);
INSERT INTO "quiz_answer" VALUES(433,109,'CREATE TABLE new_copy AS SELECT * FROM source_table;',1,1);
INSERT INTO "quiz_answer" VALUES(434,109,'DUPLICATE source_table AS new_copy;',0,1);
INSERT INTO "quiz_answer" VALUES(435,109,'INSERT INTO new_copy SELECT * FROM source_table;',0,1);
INSERT INTO "quiz_answer" VALUES(436,109,'SELECT * INTO new_copy FROM source_table;',0,1);
INSERT INTO "quiz_answer" VALUES(437,110,'Oracle',1,1);
INSERT INTO "quiz_answer" VALUES(438,110,'Sybase',0,1);
INSERT INTO "quiz_answer" VALUES(439,110,'MySQL',0,1);
INSERT INTO "quiz_answer" VALUES(440,110,'PostgreSQL',0,1);
INSERT INTO "quiz_answer" VALUES(441,111,'SELECT SYSDATE FROM DUAL',1,1);
INSERT INTO "quiz_answer" VALUES(442,111,'SELECT SYSDATE() FROM DUAL',0,1);
INSERT INTO "quiz_answer" VALUES(443,111,'SELECT GETDATE',0,1);
INSERT INTO "quiz_answer" VALUES(444,111,'SELECT GETDATE()',0,1);
INSERT INTO "quiz_answer" VALUES(445,112,'A 64-bit processor is not compatible with 32-bit software.',1,1);
INSERT INTO "quiz_answer" VALUES(446,112,'A 64-bit processor performs best with 64-bit software.',0,1);
INSERT INTO "quiz_answer" VALUES(447,112,'A 32-bit processor is not compatible with 64-bit software.',0,1);
INSERT INTO "quiz_answer" VALUES(448,112,'A 32-bit processor performs best with 32-bit software.',0,1);
INSERT INTO "quiz_answer" VALUES(449,113,'GPU executes many concurrent threads slowly',1,1);
INSERT INTO "quiz_answer" VALUES(450,113,'GPU is faster than CPU',0,1);
INSERT INTO "quiz_answer" VALUES(451,113,'CPU is faster than GPU',0,1);
INSERT INTO "quiz_answer" VALUES(452,113,'GPU executes a single thread very quickly',0,1);
INSERT INTO "quiz_answer" VALUES(453,114,'RAID 1',1,1);
INSERT INTO "quiz_answer" VALUES(454,114,'RAID 0',0,1);
INSERT INTO "quiz_answer" VALUES(455,114,'RAID 3',0,1);
INSERT INTO "quiz_answer" VALUES(456,114,'RAID 5',0,1);
INSERT INTO "quiz_answer" VALUES(457,115,'Block-level striping with distributed parity',1,1);
INSERT INTO "quiz_answer" VALUES(458,115,'Block-level striping with dedicated parity',0,1);
INSERT INTO "quiz_answer" VALUES(459,115,'Byte-level striping with dedicated parity',0,1);
INSERT INTO "quiz_answer" VALUES(460,115,'Bit-level striping with dedicated Hamming-code parity',0,1);
INSERT INTO "quiz_answer" VALUES(461,116,'1',1,1);
INSERT INTO "quiz_answer" VALUES(462,116,'0',0,1);
INSERT INTO "quiz_answer" VALUES(463,116,'2',0,1);
INSERT INTO "quiz_answer" VALUES(464,116,'3',0,1);
INSERT INTO "quiz_answer" VALUES(465,117,'MINIX',1,1);
INSERT INTO "quiz_answer" VALUES(466,117,'Mac OS X',0,1);
INSERT INTO "quiz_answer" VALUES(467,117,'FreeBSD',0,1);
INSERT INTO "quiz_answer" VALUES(468,117,'Solaris',0,1);
INSERT INTO "quiz_answer" VALUES(469,118,'Assembly',1,1);
INSERT INTO "quiz_answer" VALUES(470,118,'English',0,1);
INSERT INTO "quiz_answer" VALUES(471,118,'C',0,1);
INSERT INTO "quiz_answer" VALUES(472,118,'Pascal',0,1);
INSERT INTO "quiz_answer" VALUES(473,119,'1234',1,1);
INSERT INTO "quiz_answer" VALUES(474,119,'1000',0,1);
INSERT INTO "quiz_answer" VALUES(475,119,'888',0,1);
INSERT INTO "quiz_answer" VALUES(476,119,'1010',0,1);
INSERT INTO "quiz_answer" VALUES(477,120,'Every 5th hour',1,1);
INSERT INTO "quiz_answer" VALUES(478,120,'Every 5th minute',0,1);
INSERT INTO "quiz_answer" VALUES(479,120,'Every 5th day',0,1);
INSERT INTO "quiz_answer" VALUES(480,120,'At midnight',0,1);
INSERT INTO "quiz_answer" VALUES(481,121,'0 */4 * * 1-5 date',1,1);
INSERT INTO "quiz_answer" VALUES(482,121,'* */4 * * 1-5 date',0,1);
INSERT INTO "quiz_answer" VALUES(483,121,'0 */4 * * * date',0,1);
INSERT INTO "quiz_answer" VALUES(484,121,'*/4 0 * * 1-5 date',0,1);
INSERT INTO "quiz_answer" VALUES(485,122,'$(cmd)',1,1);
INSERT INTO "quiz_answer" VALUES(486,122,'eval cmd',0,1);
INSERT INTO "quiz_answer" VALUES(487,122,'. cmd',0,1);
INSERT INTO "quiz_answer" VALUES(488,122,'./cmd',0,1);
INSERT INTO "quiz_answer" VALUES(489,123,'PS1',1,1);
INSERT INTO "quiz_answer" VALUES(490,123,'PS2',0,1);
INSERT INTO "quiz_answer" VALUES(491,123,'PROMPT',0,1);
INSERT INTO "quiz_answer" VALUES(492,123,'DISPLAY',0,1);
INSERT INTO "quiz_answer" VALUES(493,124,'/etc/hosts.allow',1,1);
INSERT INTO "quiz_answer" VALUES(494,124,'/etc/vicious.dog',0,1);
INSERT INTO "quiz_answer" VALUES(495,124,'/etc/hosts',0,1);
INSERT INTO "quiz_answer" VALUES(496,124,'/etc/host.conf',0,1);
INSERT INTO "quiz_answer" VALUES(497,125,'/etc/services',1,1);
INSERT INTO "quiz_answer" VALUES(498,125,'/etc/ports',0,1);
INSERT INTO "quiz_answer" VALUES(499,125,'/etc/hosts',0,1);
INSERT INTO "quiz_answer" VALUES(500,125,'/etc/named.conf',0,1);
INSERT INTO "quiz_answer" VALUES(501,126,'Password',1,1);
INSERT INTO "quiz_answer" VALUES(502,126,'Username',0,1);
INSERT INTO "quiz_answer" VALUES(503,126,'Shell',0,1);
INSERT INTO "quiz_answer" VALUES(504,126,'Home directory',0,1);
INSERT INTO "quiz_answer" VALUES(505,127,'iptables',1,1);
INSERT INTO "quiz_answer" VALUES(506,127,'ipconfig',0,1);
INSERT INTO "quiz_answer" VALUES(507,127,'ifconfig',0,1);
INSERT INTO "quiz_answer" VALUES(508,127,'netstat',0,1);
INSERT INTO "quiz_answer" VALUES(509,128,'LOGNAME',1,1);
INSERT INTO "quiz_answer" VALUES(510,128,'PWD',0,1);
INSERT INTO "quiz_answer" VALUES(511,128,'HOME',0,1);
INSERT INTO "quiz_answer" VALUES(512,128,'SHELL',0,1);
INSERT INTO "quiz_answer" VALUES(513,129,'2',1,1);
INSERT INTO "quiz_answer" VALUES(514,129,'S',0,1);
INSERT INTO "quiz_answer" VALUES(515,129,'1',0,1);
INSERT INTO "quiz_answer" VALUES(516,129,'6',0,1);
INSERT INTO "quiz_answer" VALUES(517,130,'init',1,1);
INSERT INTO "quiz_answer" VALUES(518,130,'kernel',0,1);
INSERT INTO "quiz_answer" VALUES(519,130,'root',0,1);
INSERT INTO "quiz_answer" VALUES(520,130,'launchd',0,1);
INSERT INTO "quiz_answer" VALUES(521,131,'9 (KILL)',1,1);
INSERT INTO "quiz_answer" VALUES(522,131,'3 (QUIT)',0,1);
INSERT INTO "quiz_answer" VALUES(523,131,'6 (ABRT)',0,1);
INSERT INTO "quiz_answer" VALUES(524,131,'15 (TERM)',0,1);
INSERT INTO "quiz_answer" VALUES(525,132,'NeXTSTEP',1,1);
INSERT INTO "quiz_answer" VALUES(526,132,'FreeBSD',0,1);
INSERT INTO "quiz_answer" VALUES(527,132,'UNIX',0,1);
INSERT INTO "quiz_answer" VALUES(528,132,'Mac OS 9',0,1);
INSERT INTO "quiz_answer" VALUES(529,133,'Mach',1,1);
INSERT INTO "quiz_answer" VALUES(530,133,'Linux',0,1);
INSERT INTO "quiz_answer" VALUES(531,133,'Darwin',0,1);
INSERT INTO "quiz_answer" VALUES(532,133,'FreeBSD',0,1);
INSERT INTO "quiz_answer" VALUES(533,134,'gawk',1,1);
INSERT INTO "quiz_answer" VALUES(534,134,'awk',0,1);
INSERT INTO "quiz_answer" VALUES(535,134,'sed',0,1);
INSERT INTO "quiz_answer" VALUES(536,134,'tar',0,1);
INSERT INTO "quiz_answer" VALUES(537,135,'A security scheme',1,1);
INSERT INTO "quiz_answer" VALUES(538,135,'Secure IP address',0,1);
INSERT INTO "quiz_answer" VALUES(539,135,'Secondary IP address',0,1);
INSERT INTO "quiz_answer" VALUES(540,135,'Proxy server',0,1);
INSERT INTO "quiz_answer" VALUES(541,136,'ACCEPT',1,1);
INSERT INTO "quiz_answer" VALUES(542,136,'INPUT',0,1);
INSERT INTO "quiz_answer" VALUES(543,136,'OUTPUT',0,1);
INSERT INTO "quiz_answer" VALUES(544,136,'FORWARD',0,1);
INSERT INTO "quiz_answer" VALUES(545,137,'/etc/resolv.conf',1,1);
INSERT INTO "quiz_answer" VALUES(546,137,'/etc/hosts',0,1);
INSERT INTO "quiz_answer" VALUES(547,137,'/etc/rc.common',0,1);
INSERT INTO "quiz_answer" VALUES(548,137,'/etc/bashrc',0,1);
INSERT INTO "quiz_answer" VALUES(549,138,'name server configuration',1,1);
INSERT INTO "quiz_answer" VALUES(550,138,'route configuration',0,1);
INSERT INTO "quiz_answer" VALUES(551,138,'IP address configuration',0,1);
INSERT INTO "quiz_answer" VALUES(552,138,'netmask configuration',0,1);
INSERT INTO "quiz_answer" VALUES(553,139,'route',1,1);
INSERT INTO "quiz_answer" VALUES(554,139,'ifconfig',0,1);
INSERT INTO "quiz_answer" VALUES(555,139,'iptables',0,1);
INSERT INTO "quiz_answer" VALUES(556,139,'ping',0,1);
INSERT INTO "quiz_answer" VALUES(557,140,'telnet localhost 1234',1,1);
INSERT INTO "quiz_answer" VALUES(558,140,'ping localhost 1234',0,1);
INSERT INTO "quiz_answer" VALUES(559,140,'telnet 1234',0,1);
INSERT INTO "quiz_answer" VALUES(560,140,'netstat -p 1234',0,1);
INSERT INTO "quiz_answer" VALUES(561,141,'The local PC is on a NAT',1,1);
INSERT INTO "quiz_answer" VALUES(562,141,'The nameserver has crashed',0,1);
INSERT INTO "quiz_answer" VALUES(563,141,'The firewall is blocking all ICMP packets',0,1);
INSERT INTO "quiz_answer" VALUES(564,141,'There is no route from the local PC to google.com',0,1);
INSERT INTO "quiz_answer" VALUES(565,142,'Ordering of bytes',1,1);
INSERT INTO "quiz_answer" VALUES(566,142,'Operating systems',0,1);
INSERT INTO "quiz_answer" VALUES(567,142,'Network file transfer',0,1);
INSERT INTO "quiz_answer" VALUES(568,142,'Native folklore',0,1);
INSERT INTO "quiz_answer" VALUES(569,143,'The web server',1,1);
INSERT INTO "quiz_answer" VALUES(570,143,'The client browser',0,1);
INSERT INTO "quiz_answer" VALUES(571,143,'The client operating system',0,1);
INSERT INTO "quiz_answer" VALUES(572,143,'The router between client and server',0,1);
INSERT INTO "quiz_answer" VALUES(573,144,'200',1,1);
INSERT INTO "quiz_answer" VALUES(574,144,'100',0,1);
INSERT INTO "quiz_answer" VALUES(575,144,'0',0,1);
INSERT INTO "quiz_answer" VALUES(576,144,'1',0,1);
INSERT INTO "quiz_answer" VALUES(577,145,'On the client',1,1);
INSERT INTO "quiz_answer" VALUES(578,145,'On the web server',0,1);
INSERT INTO "quiz_answer" VALUES(579,145,'On the top shelf',0,1);
INSERT INTO "quiz_answer" VALUES(580,145,'On a cookie server',0,1);
INSERT INTO "quiz_answer" VALUES(581,146,'empty line',1,1);
INSERT INTO "quiz_answer" VALUES(582,146,'.',0,1);
INSERT INTO "quiz_answer" VALUES(583,146,'Content-type: text/html',0,1);
INSERT INTO "quiz_answer" VALUES(584,146,'</head>',0,1);
INSERT INTO "quiz_answer" VALUES(585,147,'HEAD doesn''t include a response body',1,1);
INSERT INTO "quiz_answer" VALUES(586,147,'HEAD returns only the <head> tag of HTML',0,1);
INSERT INTO "quiz_answer" VALUES(587,147,'GET returns a response without a header',0,1);
INSERT INTO "quiz_answer" VALUES(588,147,'GET can support SSL',0,1);
INSERT INTO "quiz_answer" VALUES(589,148,'OPTIONS',1,1);
INSERT INTO "quiz_answer" VALUES(590,148,'GET',0,1);
INSERT INTO "quiz_answer" VALUES(591,148,'POST',0,1);
INSERT INTO "quiz_answer" VALUES(592,148,'HEAD',0,1);
INSERT INTO "quiz_answer" VALUES(593,149,'404 Internal Server Error',1,1);
INSERT INTO "quiz_answer" VALUES(594,149,'418 I''m a teapot',0,1);
INSERT INTO "quiz_answer" VALUES(595,149,'400 Bad Request',0,1);
INSERT INTO "quiz_answer" VALUES(596,149,'401 Unauthorized',0,1);
INSERT INTO "quiz_answer" VALUES(597,150,'Boot an operating system using a network interface.',1,1);
INSERT INTO "quiz_answer" VALUES(598,150,'Boot an operating system using a floppy disk.',0,1);
INSERT INTO "quiz_answer" VALUES(599,150,'Boot an operating system using a CD-ROM.',0,1);
INSERT INTO "quiz_answer" VALUES(600,150,'Boot an operating system using a USB disk.',0,1);
INSERT INTO "quiz_answer" VALUES(601,151,'Linux',1,1);
INSERT INTO "quiz_answer" VALUES(602,151,'FreeBSD',0,1);
INSERT INTO "quiz_answer" VALUES(603,151,'Windows',0,1);
INSERT INTO "quiz_answer" VALUES(604,151,'DOS',0,1);
INSERT INTO "quiz_answer" VALUES(605,152,'2',1,1);
INSERT INTO "quiz_answer" VALUES(606,152,'1',0,1);
INSERT INTO "quiz_answer" VALUES(607,152,'0',0,1);
INSERT INTO "quiz_answer" VALUES(608,152,'911',0,1);
INSERT INTO "quiz_answer" VALUES(609,153,'2 TB',1,1);
INSERT INTO "quiz_answer" VALUES(610,153,'1 TB',0,1);
INSERT INTO "quiz_answer" VALUES(611,153,'4 TB',0,1);
INSERT INTO "quiz_answer" VALUES(612,153,'8 TB',0,1);
INSERT INTO "quiz_answer" VALUES(613,154,'umask 0077',1,1);
INSERT INTO "quiz_answer" VALUES(614,154,'umask 0044',0,1);
INSERT INTO "quiz_answer" VALUES(615,154,'umask 0600',0,1);
INSERT INTO "quiz_answer" VALUES(616,154,'chmod 0600',0,1);
INSERT INTO "quiz_answer" VALUES(617,155,'find target/dir -type d -perm +0007 -exec chmod o-rwx {} \;',1,1);
INSERT INTO "quiz_answer" VALUES(618,155,'find target/dir -type d -perm 0007 -exec chmod o-rwx {} \;',0,1);
INSERT INTO "quiz_answer" VALUES(619,155,'find target/dir -type d -perm -0007 -exec chmod o-rwx {}',0,1);
INSERT INTO "quiz_answer" VALUES(620,155,'find target/dir -type d -perm +0007 | xargs chmod o-rwx',0,1);
INSERT INTO "quiz_answer" VALUES(621,156,'The program will run as the owner of the file (setuid)',1,1);
INSERT INTO "quiz_answer" VALUES(622,156,'The program will run as the group of the file (setgid)',0,1);
INSERT INTO "quiz_answer" VALUES(623,156,'The program has special SELinux attributes set',0,1);
INSERT INTO "quiz_answer" VALUES(624,156,'The program will run as root',0,1);
INSERT INTO "quiz_answer" VALUES(625,157,'44',1,1);
INSERT INTO "quiz_answer" VALUES(626,157,'32',0,1);
INSERT INTO "quiz_answer" VALUES(627,157,'28',0,1);
INSERT INTO "quiz_answer" VALUES(628,157,'30',0,1);
INSERT INTO "quiz_answer" VALUES(629,158,'21',1,1);
INSERT INTO "quiz_answer" VALUES(630,158,'44',0,1);
INSERT INTO "quiz_answer" VALUES(631,158,'32',0,1);
INSERT INTO "quiz_answer" VALUES(632,158,'28',0,1);
INSERT INTO "quiz_answer" VALUES(633,159,'0',1,1);
INSERT INTO "quiz_answer" VALUES(634,159,'1',0,1);
INSERT INTO "quiz_answer" VALUES(635,159,'-1',0,1);
INSERT INTO "quiz_answer" VALUES(636,159,'255',0,1);
INSERT INTO "quiz_answer" VALUES(637,160,'foo.bar',1,1);
INSERT INTO "quiz_answer" VALUES(638,160,'foo?bar',0,1);
INSERT INTO "quiz_answer" VALUES(639,160,'foo*bar',0,1);
INSERT INTO "quiz_answer" VALUES(640,160,'foo+bar',0,1);
INSERT INTO "quiz_answer" VALUES(641,161,'\<foo\w+',1,1);
INSERT INTO "quiz_answer" VALUES(642,161,'\<fookit',0,1);
INSERT INTO "quiz_answer" VALUES(643,161,'\<foo\w*',0,1);
INSERT INTO "quiz_answer" VALUES(644,161,'foo\w*',0,1);
INSERT INTO "quiz_answer" VALUES(645,162,'^$',1,1);
INSERT INTO "quiz_answer" VALUES(646,162,'\s*',0,1);
INSERT INTO "quiz_answer" VALUES(647,162,'\S*',0,1);
INSERT INTO "quiz_answer" VALUES(648,162,'^.*',0,1);
INSERT INTO "quiz_answer" VALUES(649,163,'grep -v DEBUG file.log | less',1,1);
INSERT INTO "quiz_answer" VALUES(650,163,'grep ^DEBUG file.log | less',0,1);
INSERT INTO "quiz_answer" VALUES(651,163,'grep -x DEBUG file.log | less',0,1);
INSERT INTO "quiz_answer" VALUES(652,163,'grep -e DEBUG file.log | less',0,1);
INSERT INTO "quiz_answer" VALUES(653,164,'s/./\U$&/g',1,1);
INSERT INTO "quiz_answer" VALUES(654,164,'s/./\U$&/',0,1);
INSERT INTO "quiz_answer" VALUES(655,164,'/./\U$&/',0,1);
INSERT INTO "quiz_answer" VALUES(656,164,'s/./\U$&/i',0,1);
INSERT INTO "quiz_answer" VALUES(657,165,'/[a-z]+@[a-z]+\.[a-z]+/i',1,1);
INSERT INTO "quiz_answer" VALUES(658,165,'/[A-Za-z]@[a-z]+\.[a-z]+/',0,1);
INSERT INTO "quiz_answer" VALUES(659,165,'/[a-z]+@[a-z]+\\.[a-z]+/i',0,1);
INSERT INTO "quiz_answer" VALUES(660,165,'/[a-z]+@[a-z]{4,}\.[a-z]{4,}/i',0,1);
INSERT INTO "quiz_answer" VALUES(661,166,'tar tf archive.tar | grep ''\.sh$''',1,1);
INSERT INTO "quiz_answer" VALUES(662,166,'tar tf archive.tar | grep ''*.sh$''',0,1);
INSERT INTO "quiz_answer" VALUES(663,166,'tar tf archive.tar | grep ''\.sh''',0,1);
INSERT INTO "quiz_answer" VALUES(664,166,'tar tf archive.tar | grep \.sh$',0,1);
INSERT INTO "quiz_answer" VALUES(665,167,'$?',1,1);
INSERT INTO "quiz_answer" VALUES(666,167,'$$',0,1);
INSERT INTO "quiz_answer" VALUES(667,167,'$@',0,1);
INSERT INTO "quiz_answer" VALUES(668,167,'$1',0,1);
INSERT INTO "quiz_answer" VALUES(669,168,'somecmd | tee somefile.txt',1,1);
INSERT INTO "quiz_answer" VALUES(670,168,'somecmd >> somefile.txt',0,1);
INSERT INTO "quiz_answer" VALUES(671,168,'somecmd | ttt somefile.txt',0,1);
INSERT INTO "quiz_answer" VALUES(672,168,'somecmd >> tee somefile.txt',0,1);
INSERT INTO "quiz_answer" VALUES(673,169,'tr A-Z a-z < input.txt > output.txt',1,1);
INSERT INTO "quiz_answer" VALUES(674,169,'tr A-Z a-z input.txt output.txt',0,1);
INSERT INTO "quiz_answer" VALUES(675,169,'tr A-Z a-z input.txt > output.txt',0,1);
INSERT INTO "quiz_answer" VALUES(676,169,'tr A-Z a-z < input.txt output.txt',0,1);
INSERT INTO "quiz_answer" VALUES(677,170,'find dir -type f -exec mv "{}" "{}".bak \;',1,1);
INSERT INTO "quiz_answer" VALUES(678,170,'find dir -type f -exec mv "{}" "{}".bak ;',0,1);
INSERT INTO "quiz_answer" VALUES(679,170,'find dir -type f -exec mv "{}" "{}".bak',0,1);
INSERT INTO "quiz_answer" VALUES(680,170,'find dir -type f -exec mv "{}" "{}".bak +',0,1);
INSERT INTO "quiz_answer" VALUES(681,171,'bash',1,1);
INSERT INTO "quiz_answer" VALUES(682,171,'perl',0,1);
INSERT INTO "quiz_answer" VALUES(683,171,'lolcat',0,1);
INSERT INTO "quiz_answer" VALUES(684,171,'DOS',0,1);
INSERT INTO "quiz_answer" VALUES(685,172,'/etc/profile',1,1);
INSERT INTO "quiz_answer" VALUES(686,172,'/etc/bash_profile',0,1);
INSERT INTO "quiz_answer" VALUES(687,172,'~/.bash_profile',0,1);
INSERT INTO "quiz_answer" VALUES(688,172,'~/.profile',0,1);
INSERT INTO "quiz_answer" VALUES(689,173,'2',1,1);
INSERT INTO "quiz_answer" VALUES(690,173,'1',0,1);
INSERT INTO "quiz_answer" VALUES(691,173,'12',0,1);
INSERT INTO "quiz_answer" VALUES(692,173,'3',0,1);
INSERT INTO "quiz_answer" VALUES(693,174,'3',1,1);
INSERT INTO "quiz_answer" VALUES(694,174,'0',0,1);
INSERT INTO "quiz_answer" VALUES(695,174,'9',0,1);
INSERT INTO "quiz_answer" VALUES(696,174,'6',0,1);
INSERT INTO "quiz_answer" VALUES(697,175,'two',1,1);
INSERT INTO "quiz_answer" VALUES(698,175,'one',0,1);
INSERT INTO "quiz_answer" VALUES(699,175,'3 lines: hello, one, two',0,1);
INSERT INTO "quiz_answer" VALUES(700,175,'hello',0,1);
INSERT INTO "quiz_answer" VALUES(701,176,'somecmd >file.out 2>&1',1,1);
INSERT INTO "quiz_answer" VALUES(702,176,'somecmd >file.out 2>>&1',0,1);
INSERT INTO "quiz_answer" VALUES(703,176,'somecmd 2>&1 >file.out',0,1);
INSERT INTO "quiz_answer" VALUES(704,176,'somecmd 2>&1 >>file.out',0,1);
INSERT INTO "quiz_answer" VALUES(705,177,'ls -l | awk ''{print $4}''',1,1);
INSERT INTO "quiz_answer" VALUES(706,177,'ls -l | cut -f4 -d'' ''',0,1);
INSERT INTO "quiz_answer" VALUES(707,177,'ls -l | cut -f4 -d''\t''',0,1);
INSERT INTO "quiz_answer" VALUES(708,177,'ls -l | awk "{print $4}"',0,1);
INSERT INTO "quiz_answer" VALUES(709,178,'sort data.txt | uniq -c | sort -nr | head -n 5',1,1);
INSERT INTO "quiz_answer" VALUES(710,178,'sort data.txt | uniq -c | sort -r | head -n 5',0,1);
INSERT INTO "quiz_answer" VALUES(711,178,'sort data.txt | uniq | sort -nr | head -n 5',0,1);
INSERT INTO "quiz_answer" VALUES(712,178,'sort data.txt | uniq -c | sort -n | head -n 5',0,1);
INSERT INTO "quiz_answer" VALUES(713,179,'tr a-z d-za-c',1,1);
INSERT INTO "quiz_answer" VALUES(714,179,'tr a-z d-wx-z',0,1);
INSERT INTO "quiz_answer" VALUES(715,179,'tr a-z a-cd-z',0,1);
INSERT INTO "quiz_answer" VALUES(716,179,'tr a-z x-zd-w',0,1);
INSERT INTO "quiz_answer" VALUES(717,180,'Public key authentication',1,1);
INSERT INTO "quiz_answer" VALUES(718,180,'HTTP+HTML form-based authentication',0,1);
INSERT INTO "quiz_answer" VALUES(719,180,'HTTP basic authentication',0,1);
INSERT INTO "quiz_answer" VALUES(720,180,'HTTP digest authentication',0,1);
INSERT INTO "quiz_answer" VALUES(721,181,'man in the middle',1,1);
INSERT INTO "quiz_answer" VALUES(722,181,'dns poisoning',0,1);
INSERT INTO "quiz_answer" VALUES(723,181,'cross site scripting',0,1);
INSERT INTO "quiz_answer" VALUES(724,181,'sql injection',0,1);
INSERT INTO "quiz_answer" VALUES(725,182,'0600',1,1);
INSERT INTO "quiz_answer" VALUES(726,182,'0655',0,1);
INSERT INTO "quiz_answer" VALUES(727,182,'777',0,1);
INSERT INTO "quiz_answer" VALUES(728,182,'0640',0,1);
INSERT INTO "quiz_answer" VALUES(729,183,'23',1,1);
INSERT INTO "quiz_answer" VALUES(730,183,'22',0,1);
INSERT INTO "quiz_answer" VALUES(731,183,'443',0,1);
INSERT INTO "quiz_answer" VALUES(732,183,'587',0,1);
INSERT INTO "quiz_answer" VALUES(733,184,'The employees',1,1);
INSERT INTO "quiz_answer" VALUES(734,184,'The firewall software',0,1);
INSERT INTO "quiz_answer" VALUES(735,184,'The antivirus software',0,1);
INSERT INTO "quiz_answer" VALUES(736,184,'The intranet software',0,1);
INSERT INTO "quiz_answer" VALUES(737,185,'nmap',1,1);
INSERT INTO "quiz_answer" VALUES(738,185,'ping',0,1);
INSERT INTO "quiz_answer" VALUES(739,185,'ifconfig',0,1);
INSERT INTO "quiz_answer" VALUES(740,185,'telnet',0,1);
INSERT INTO "quiz_answer" VALUES(741,186,'sha1',1,1);
INSERT INTO "quiz_answer" VALUES(742,186,'des3',0,1);
INSERT INTO "quiz_answer" VALUES(743,186,'aes-128-cbc',0,1);
INSERT INTO "quiz_answer" VALUES(744,186,'crypt',0,1);
INSERT INTO "quiz_answer" VALUES(745,187,'nmap',1,1);
INSERT INTO "quiz_answer" VALUES(746,187,'encfs',0,1);
INSERT INTO "quiz_answer" VALUES(747,187,'openssl',0,1);
INSERT INTO "quiz_answer" VALUES(748,187,'TrueCrypt',0,1);
INSERT INTO "quiz_answer" VALUES(749,188,'g++',1,1);
INSERT INTO "quiz_answer" VALUES(750,188,'make',0,1);
INSERT INTO "quiz_answer" VALUES(751,188,'ant',0,1);
INSERT INTO "quiz_answer" VALUES(752,188,'maven',0,1);
INSERT INTO "quiz_answer" VALUES(753,189,'make',1,1);
INSERT INTO "quiz_answer" VALUES(754,189,'coffee break',0,1);
INSERT INTO "quiz_answer" VALUES(755,189,'make clean',0,1);
INSERT INTO "quiz_answer" VALUES(756,189,'make universe',0,1);
INSERT INTO "quiz_answer" VALUES(757,190,'taskA: taskB',1,1);
INSERT INTO "quiz_answer" VALUES(758,190,'taskB: taskA',0,1);
INSERT INTO "quiz_answer" VALUES(759,190,'taskA -> taskB',0,1);
INSERT INTO "quiz_answer" VALUES(760,190,'taskB <- taskA',0,1);
INSERT INTO "quiz_answer" VALUES(761,191,'7zip',1,1);
INSERT INTO "quiz_answer" VALUES(762,191,'zip',0,1);
INSERT INTO "quiz_answer" VALUES(763,191,'gzip',0,1);
INSERT INTO "quiz_answer" VALUES(764,191,'lzma',0,1);
INSERT INTO "quiz_answer" VALUES(765,192,'cut -f3,5 -d, file.csv',1,1);
INSERT INTO "quiz_answer" VALUES(766,192,'cut -k3,5 -d, file.csv',0,1);
INSERT INTO "quiz_answer" VALUES(767,192,'cut -f3,5 -s, file.csv',0,1);
INSERT INTO "quiz_answer" VALUES(768,192,'gimme -f3,5 file.csv',0,1);
INSERT INTO "quiz_answer" VALUES(769,193,'telnet server 80',1,1);
INSERT INTO "quiz_answer" VALUES(770,193,'shutdown -r now',0,1);
INSERT INTO "quiz_answer" VALUES(771,193,'netstat -n -s server | grep 80',0,1);
INSERT INTO "quiz_answer" VALUES(772,193,'tcpdump -i eth0 dst host server and port 80',0,1);
INSERT INTO "quiz_answer" VALUES(773,194,'ext2',1,1);
INSERT INTO "quiz_answer" VALUES(774,194,'reiserfs',0,1);
INSERT INTO "quiz_answer" VALUES(775,194,'JFS',0,1);
INSERT INTO "quiz_answer" VALUES(776,194,'NTFS',0,1);
INSERT INTO "quiz_answer" VALUES(777,195,'iptables -i eth0 -A INPUT -p tcp --dport 80 -j ACCEPT',1,1);
INSERT INTO "quiz_answer" VALUES(778,195,'iptables -i eth0 -p tcp --dport 80 -j ACCEPT',0,1);
INSERT INTO "quiz_answer" VALUES(779,195,'iptables -i eth0 -A INPUT -p tcp -j ACCEPT',0,1);
INSERT INTO "quiz_answer" VALUES(780,195,'iptables -i eth0 -A INPUT -p tcp --dport 80',0,1);
INSERT INTO "quiz_answer" VALUES(781,196,'ab',1,1);
INSERT INTO "quiz_answer" VALUES(782,196,'nmap',0,1);
INSERT INTO "quiz_answer" VALUES(783,196,'curl',0,1);
INSERT INTO "quiz_answer" VALUES(784,196,'wget',0,1);
INSERT INTO "quiz_answer" VALUES(785,197,'X server',1,1);
INSERT INTO "quiz_answer" VALUES(786,197,'nginx',0,1);
INSERT INTO "quiz_answer" VALUES(787,197,'Apache',0,1);
INSERT INTO "quiz_answer" VALUES(788,197,'Lighttpd',0,1);
INSERT INTO "quiz_answer" VALUES(789,198,'screen',1,1);
INSERT INTO "quiz_answer" VALUES(790,198,'nmap',0,1);
INSERT INTO "quiz_answer" VALUES(791,198,'tcpdump',0,1);
INSERT INTO "quiz_answer" VALUES(792,198,'wireshark',0,1);
INSERT INTO "quiz_answer" VALUES(793,199,'Print file sizes in human readable format',1,1);
INSERT INTO "quiz_answer" VALUES(794,199,'Print short help message',0,1);
INSERT INTO "quiz_answer" VALUES(795,199,'Print long help message',0,1);
INSERT INTO "quiz_answer" VALUES(796,199,'Print hidden files',0,1);
INSERT INTO "quiz_answer" VALUES(797,200,'Windows 7',1,1);
INSERT INTO "quiz_answer" VALUES(798,200,'Windows 8',0,1);
INSERT INTO "quiz_answer" VALUES(799,200,'Windows XP',0,1);
INSERT INTO "quiz_answer" VALUES(800,200,'Windows NT',0,1);
INSERT INTO "quiz_answer" VALUES(801,201,'rmdir /s/q',1,1);
INSERT INTO "quiz_answer" VALUES(802,201,'rm -fr',0,1);
INSERT INTO "quiz_answer" VALUES(803,201,'del /r',0,1);
INSERT INTO "quiz_answer" VALUES(804,201,'format',0,1);
INSERT INTO "quiz_answer" VALUES(805,202,'net statistics server',1,1);
INSERT INTO "quiz_answer" VALUES(806,202,'uptime',0,1);
INSERT INTO "quiz_answer" VALUES(807,202,'services.msc',0,1);
INSERT INTO "quiz_answer" VALUES(808,202,'bsod.exe',0,1);
INSERT INTO "quiz_answer" VALUES(809,203,'net use z: \\server\folder',1,1);
INSERT INTO "quiz_answer" VALUES(810,203,'map z: \\server\folder',0,1);
INSERT INTO "quiz_answer" VALUES(811,203,'xcopy \\server\folder z:',0,1);
INSERT INTO "quiz_answer" VALUES(812,203,'map \\server\folder z:',0,1);
INSERT INTO "quiz_answer" VALUES(813,204,'%pwd%',1,1);
INSERT INTO "quiz_answer" VALUES(814,204,'%cd%',0,1);
INSERT INTO "quiz_answer" VALUES(815,204,'%date%',0,1);
INSERT INTO "quiz_answer" VALUES(816,204,'%time%',0,1);
INSERT INTO "quiz_answer" VALUES(817,205,'handle authentication requests',1,1);
INSERT INTO "quiz_answer" VALUES(818,205,'domain name server',0,1);
INSERT INTO "quiz_answer" VALUES(819,205,'host user home directories',0,1);
INSERT INTO "quiz_answer" VALUES(820,205,'host Microsoft Exchange',0,1);
INSERT INTO "quiz_answer" VALUES(821,206,'Windows NT',1,1);
INSERT INTO "quiz_answer" VALUES(822,206,'Windows XP',0,1);
INSERT INTO "quiz_answer" VALUES(823,206,'Windows 3.1',0,1);
INSERT INTO "quiz_answer" VALUES(824,206,'Windows 98',0,1);
