CREATE TABLE "quiz_level" (
    "_id" integer NULL PRIMARY KEY AUTOINCREMENT,
    "name" varchar(80) NULL UNIQUE,
    "level" integer NULL UNIQUE,
    "created_dt" datetime NULL,
    "updated_dt" datetime NULL
)
;
CREATE TABLE "quiz_question" (
    "_id" integer NULL PRIMARY KEY AUTOINCREMENT,
    "text" varchar(200) NULL,
    "category" varchar(80) NULL,
    "level_id" integer NULL REFERENCES "quiz_level" ("_id"),
    "hint" text NULL,
    "explanation" text NULL,
    "is_active" bool NULL,
    "created_dt" datetime NULL,
    "updated_dt" datetime NULL,
    UNIQUE ("text", "level_id")
)
;
CREATE TABLE "quiz_answer" (
    "_id" integer NULL PRIMARY KEY AUTOINCREMENT,
    "question_id" integer NULL REFERENCES "quiz_question" ("_id"),
    "text" varchar(200) NULL,
    "is_correct" bool NULL,
    "is_active" bool NULL,
    "created_dt" datetime NULL,
    "updated_dt" datetime NULL,
    UNIQUE ("question_id", "text")
)
;

INSERT INTO "quiz_level" VALUES(1,'Enthusiast',1,'2013-01-27 00:42:27','2013-01-27 00:42:27');
INSERT INTO "quiz_level" VALUES(2,'Professional',2,'2013-01-27 00:42:43','2013-01-27 00:42:43');
INSERT INTO "quiz_level" VALUES(3,'Expert',3,'2013-01-27 00:42:43','2013-01-27 00:42:43');
INSERT INTO "quiz_level" VALUES(4,'Nightmare!',4,'2013-01-27 00:42:51','2013-01-27 00:42:51');
INSERT INTO "quiz_question" VALUES(1,'Which denotes the fastest time complexity?','algorithms',1,'','O(1) indicates constant time regardless of the size of the input.',1,'2013-07-18 15:49:16.729547','2013-07-18 15:49:16.729561');
INSERT INTO "quiz_question" VALUES(2,'What is the notation of quadratic time complexity?','algorithms',1,'','O(n^2) indicates quadratic time complexity, for example an algorithm that requires all input elements to be compared to all other input elements.',1,'2013-07-18 15:49:16.865484','2013-07-18 15:49:16.865496');
INSERT INTO "quiz_question" VALUES(3,'What is the average performance of the bubble sort algorithm?','algorithms',2,'','Bubble sort has worst-case and average complexity both О(n2), where n is the number of items being sorted.',1,'2013-07-18 15:49:16.968485','2013-07-18 15:49:16.968495');
INSERT INTO "quiz_question" VALUES(4,'What is the average performance of the quicksort algorithm?','algorithms',2,'','On average, quicksort makes O(n log n) comparisons to sort n items.',1,'2013-07-18 15:49:17.053885','2013-07-18 15:49:17.053897');
INSERT INTO "quiz_question" VALUES(5,'Which sort algorithm is not stable?','algorithms',2,'','Stable sorting algorithms preserve the relative order of items that compare as equal. Heapsort does not guarantee that.',1,'2013-07-18 15:49:17.256086','2013-07-18 15:49:17.256101');
INSERT INTO "quiz_question" VALUES(6,'What is NOT a good use case of a hash function?','algorithms',2,'','Hash functions are one-way, they cannot be applied in reverse, the input data is not recoverable from the output data, akin to lossy compression.',1,'2013-07-18 15:49:17.398560','2013-07-18 15:49:17.398574');
INSERT INTO "quiz_question" VALUES(7,'Which is NOT generally true about hash functions?','algorithms',2,'','Hash functions are heavily used in cryptography, where they are designed to be slow on purpose, to make brute force attacks more difficult.',1,'2013-07-18 15:49:17.509526','2013-07-18 15:49:17.509538');
INSERT INTO "quiz_question" VALUES(8,'Which is the oldest build tool?','build-automation',2,'','Make appeared in 1977, Ant in 2000, Maven in 2002, and CMake in 1999.',1,'2013-07-18 15:49:17.595292','2013-07-18 15:49:17.595305');
INSERT INTO "quiz_question" VALUES(9,'What is NOT a main responsibility of an automated build system?','build-automation',2,'','Debugging is an activity that involves interacting with a running program, not really part of the build process.',1,'2013-07-18 15:49:17.724012','2013-07-18 15:49:17.724025');
INSERT INTO "quiz_question" VALUES(10,'What is the common step between "./configure" and "make install" when building a software from source?','build-automation',2,'','"make" without any arguments runs the default build task, which is typically building the entire software. This step is usually after the configuration step. After this the software can be installed with "make install".',1,'2013-07-18 15:49:17.802205','2013-07-18 15:49:17.802217');
INSERT INTO "quiz_question" VALUES(11,'What is Ant?','build-automation',2,'','Ant is a build tool like make, but it is based on Java. Unlike make, it can run on any platform that has a Java Virtual Machine.',1,'2013-07-18 15:49:17.886232','2013-07-18 15:49:17.886245');
INSERT INTO "quiz_question" VALUES(12,'What is the name of the main configuration file used by make?','build-automation',2,'','The default configuration file used by make is called Makefile.',1,'2013-07-18 15:49:18.033221','2013-07-18 15:49:18.033233');
INSERT INTO "quiz_question" VALUES(13,'What is the name of the main configuration used by Ant?','build-automation',2,'','The default configuration file used by Ant is build.xml',1,'2013-07-18 15:49:18.110219','2013-07-18 15:49:18.110229');
INSERT INTO "quiz_question" VALUES(14,'What is the name of the main configuration used by Maven?','build-automation',2,'','The default configuration file used by Maven is pom.xml',1,'2013-07-18 15:49:18.201564','2013-07-18 15:49:18.201574');
INSERT INTO "quiz_question" VALUES(15,'How to specify that taskA depends on taskB in a Makefile?','build-automation',2,'','The correct syntax is taskA: taskB, meaning taskB will be executed first (if needed) before performing taskA.',1,'2013-07-18 15:49:18.382195','2013-07-18 15:49:18.382211');
INSERT INTO "quiz_question" VALUES(16,'In an automated build system, which is the most logical step after running unit tests?','build-automation',3,'','The software must already be compiled to run unit tests. Without a package, what is there to install or deploy?',1,'2013-07-18 15:49:18.467058','2013-07-18 15:49:18.467070');
INSERT INTO "quiz_question" VALUES(17,'What is the purpose of the "clean" step in an automated build system?','build-automation',3,'','The "clean" step typically removes build products, with the intention to start over as if the "compile" or other build steps were never executed.',1,'2013-07-18 15:49:18.594901','2013-07-18 15:49:18.594915');
INSERT INTO "quiz_question" VALUES(18,'Can you parse an HTML document using regular expressions?','computer-science',3,'','Regular expressions can only match regular languages but HTML is a context-free language. It is always possible to present a HTML file that will be matched wrongly by any regular expression.',1,'2013-07-18 15:49:18.746309','2013-07-18 15:49:18.746323');
INSERT INTO "quiz_question" VALUES(19,'What is the difference between a binary tree and a B-tree?','data-structures',2,'','A B-tree is a generalization of the binary search tree: nodes can have more than two children.',1,'2013-07-18 15:49:18.906943','2013-07-18 15:49:18.906955');
INSERT INTO "quiz_question" VALUES(20,'What is the minimum number of internal (non-leaf) nodes in a binary tree with 7 nodes?','data-structures',2,'','The minimum possible number of nodes can be achieved in a full binary tree, where every node has strictly 0 or 2 children. In this case there will be 3 internal nodes and 4 leaf nodes.',1,'2013-07-18 15:49:18.992732','2013-07-18 15:49:18.992743');
INSERT INTO "quiz_question" VALUES(21,'What is the maximum number of internal (non-leaf) nodes in a binary tree with 7 nodes?','data-structures',2,'','In a degenerate tree each parent node has only one child node, effectively behaving like a linked list data structure. In this case there will be n-1 = 6 internal nodes and 1 leaf node.',1,'2013-07-18 15:49:19.152768','2013-07-18 15:49:19.152782');
INSERT INTO "quiz_question" VALUES(22,'Which term is NOT synonymous with the others?','data-structures',2,'','Basically, LIFO = FILO = stack, while queue is the logical opposite.',1,'2013-07-18 15:49:19.339278','2013-07-18 15:49:19.339293');
INSERT INTO "quiz_question" VALUES(23,'Which data structure is a natural choice to implement a queue?','data-structures',2,'','A doubly linked list has O(1) insertion and deletion at both ends, so is a natural choice for queues.',1,'2013-07-18 15:49:19.459418','2013-07-18 15:49:19.459430');
INSERT INTO "quiz_question" VALUES(24,'What type of JOIN is this: SELECT * FROM t1 JOIN t2 ON t1.id = t2.id','database',2,'','When the type of the JOIN is unspecified, it is most commonly an INNER JOIN.',1,'2013-07-18 15:49:19.597816','2013-07-18 15:49:19.597831');
INSERT INTO "quiz_question" VALUES(25,'What will be the result of this query if there are 5 records in Employee and 3 records in Department: SELECT count(*) FROM Employee e LEFT JOIN Department d ON e.DepartmentID = d.DepartmentID','database',2,'','Since this is a LEFT JOIN, there will be at least one record for each employee (the left table), therefore 5 or more records.',1,'2013-07-18 15:49:19.747098','2013-07-18 15:49:19.747111');
INSERT INTO "quiz_question" VALUES(26,'What will be the result of this query if there are 5 records in Employee and 3 records in Department: SELECT count(*) FROM Employee e RIGHT JOIN Department d ON e.DepartmentID = d.DepartmentID','database',2,'','Since this is a RIGHT JOIN, there will be at least one record for each department (the right table), therefore 3 or more records.',1,'2013-07-18 15:49:19.905955','2013-07-18 15:49:19.905968');
INSERT INTO "quiz_question" VALUES(27,'In SQL, which form of the count() clause might be invalid?','database',2,'','If there is no column named DepartmentID in the source tables then count(DepartmentID) will be invalid. The other forms are always valid.',1,'2013-07-18 15:49:20.151399','2013-07-18 15:49:20.151410');
INSERT INTO "quiz_question" VALUES(28,'Which SQL statement is incorrect?','database',2,'','A GROUP BY clause is required before HAVING.',1,'2013-07-18 15:49:20.291064','2013-07-18 15:49:20.291077');
INSERT INTO "quiz_question" VALUES(29,'How to find employees with DepartmentID set to NULL?','database',2,'','The correct syntax to test if something is NULL is using IS NULL.',1,'2013-07-18 15:49:20.589407','2013-07-18 15:49:20.589422');
INSERT INTO "quiz_question" VALUES(30,'In SQL, what is the difference between UNION and UNION ALL?','database',2,'','Duplicate records are removed from the result of UNION, while UNION ALL returns all records.',1,'2013-07-18 15:49:20.715513','2013-07-18 15:49:20.715526');
INSERT INTO "quiz_question" VALUES(31,'What is an advantage of using a database instead of a CSV file?','database',2,'','In a database columns can be indexed, which can help finding data much faster. The other statements are not necessarily true.',1,'2013-07-18 15:49:20.808920','2013-07-18 15:49:20.808931');
INSERT INTO "quiz_question" VALUES(32,'Which database system uses the commands: lsnrctl, isqlplusctl, emctl?','database',3,'','These commands are used by Oracle to provide various services.',1,'2013-07-18 15:49:20.956985','2013-07-18 15:49:20.956996');
INSERT INTO "quiz_question" VALUES(33,'Which SQL statement might select the department with the largest number of employees?','database',3,'','The other statements either have SQL errors or incorrect.',1,'2013-07-18 15:49:21.083526','2013-07-18 15:49:21.083539');
INSERT INTO "quiz_question" VALUES(34,'How to get the current date in Oracle?','database',3,'','The function to get the current date in Oracle is SYSDATE without parentheses.',1,'2013-07-18 15:49:21.215723','2013-07-18 15:49:21.215735');
INSERT INTO "quiz_question" VALUES(35,'How to get current date in Sybase?','database',3,'','The function to get the current date in Sybase is GETDATE().',1,'2013-07-18 15:49:21.416537','2013-07-18 15:49:21.416552');
INSERT INTO "quiz_question" VALUES(36,'Which is NOT essential to boot an operating system?','hardware',2,'','Harddisk is not essential. An operating system can be loaded from CD or a USB storage, for example. Everything else is essential (PSU is the Power Supply Unit).',1,'2013-07-18 15:49:21.547870','2013-07-18 15:49:21.547883');
INSERT INTO "quiz_question" VALUES(37,'What is the maximum amount of RAM directly addressable in a 32-bit system?','hardware',2,'','A 32-bit register can store 2^32 different values. Hence, a processor with 32-bit memory addresses can directly access 4 GiB of byte-addressable memory.',1,'2013-07-18 15:49:21.624432','2013-07-18 15:49:21.624444');
INSERT INTO "quiz_question" VALUES(38,'Which statement is false?','hardware',2,'','A 64-bit processor has backward compatibility and will handle most 32-bit software.',1,'2013-07-18 15:49:21.732100','2013-07-18 15:49:21.732113');
INSERT INTO "quiz_question" VALUES(39,'What is the difference between GPU and CPU?','hardware',2,'','GPUs have a parallel throughput architecture that emphasizes executing many concurrent threads slowly, rather than executing a single thread very quickly.',1,'2013-07-18 15:49:21.817620','2013-07-18 15:49:21.817632');
INSERT INTO "quiz_question" VALUES(40,'Which storage has the highest theoretical transfer rate?','hardware',2,'','SSD has the highest theoretical and practical transfer rate among these choices.',1,'2013-07-18 15:49:21.977331','2013-07-18 15:49:21.977340');
INSERT INTO "quiz_question" VALUES(41,'How many disks can fail in a RAID 5 array without risk of data loss?','hardware',3,'','RAID 5 distributes parity along with the data and requires that all drives but one be present to operate. The array is not destroyed by a single drive failure. On drive failure, any subsequent reads can be calculated from the distributed parity such that the drive failure is masked from the end user.',1,'2013-07-18 15:49:22.139257','2013-07-18 15:49:22.139269');
INSERT INTO "quiz_question" VALUES(42,'Which RAID level provides the highest fault tolerance, given an array of 3 disks?','hardware',3,'','With RAID 1, n-1 disks can fail without losing data. With RAID 3 and RAID 5 only one disk can fail. RAID 0 provides no fault tolerance at all.',1,'2013-07-18 15:49:22.271420','2013-07-18 15:49:22.271433');
INSERT INTO "quiz_question" VALUES(43,'Which operating system was NOT derived from a version of UNIX?','history',3,'','MINIX is a UNIX-like system but it was NOT derived from UNIX. The others can all be traced back to some version of UNIX.',1,'2013-07-18 15:49:22.389827','2013-07-18 15:49:22.389841');
INSERT INTO "quiz_question" VALUES(44,'Which operating system was the inspiration of Linux?','history',3,'','MINIX inspired Linus Torvalds to create Linux.',1,'2013-07-18 15:49:22.466343','2013-07-18 15:49:22.466352');
INSERT INTO "quiz_question" VALUES(45,'In what language was UNIX originally written?','history',3,'','UNIX was originally written in assembly language, and later rewritten in C.',1,'2013-07-18 15:49:22.559799','2013-07-18 15:49:22.559815');
INSERT INTO "quiz_question" VALUES(46,'Which is an example of input redirection?','linux',2,'','"<" is the input redirection operator in common shells, even in DOS.',1,'2013-07-18 15:49:22.788461','2013-07-18 15:49:22.788475');
INSERT INTO "quiz_question" VALUES(47,'If you have a guest account on a Linux system, which port can you use to setup your personal ping server?','linux',2,'','In Linux only a superuser can open ports below 1024.',1,'2013-07-18 15:49:22.874392','2013-07-18 15:49:22.874403');
INSERT INTO "quiz_question" VALUES(48,'When will this cron job run? 0 */5 * * * date','linux',2,'','The first column indicates the minute, the second column indicates the hour in a cron job definition.',1,'2013-07-18 15:49:22.983847','2013-07-18 15:49:22.983858');
INSERT INTO "quiz_question" VALUES(49,'In the bash shell, which can be used instead of `cmd`?','linux',2,'','$(command) and `command` are the two forms of command substitution.',1,'2013-07-18 15:49:23.225328','2013-07-18 15:49:23.225340');
INSERT INTO "quiz_question" VALUES(50,'What is the file descriptor number of standard error in Linux?','linux',2,'','The file descriptor number of standard error is 2.',1,'2013-07-18 15:49:23.363742','2013-07-18 15:49:23.363757');
INSERT INTO "quiz_question" VALUES(51,'Which variable controls the prompt in bash?','linux',2,'','PS1 controls the primary prompt string in bash.',1,'2013-07-18 15:49:23.440344','2013-07-18 15:49:23.440354');
INSERT INTO "quiz_question" VALUES(52,'In which column of /etc/fstab might you see /proc?','linux',2,'','/proc looks like a mount point, so it is most likely the second column.',1,'2013-07-18 15:49:23.580705','2013-07-18 15:49:23.580719');
INSERT INTO "quiz_question" VALUES(53,'In Linux, which file can be used to restrict access to the system?','linux',2,'','The /etc/hosts.allow file can contain a list of hosts that are allowed to access the system.',1,'2013-07-18 15:49:23.698586','2013-07-18 15:49:23.698599');
INSERT INTO "quiz_question" VALUES(54,'Which file contains well known port numbers?','linux',2,'','The /etc/services file contains well known port numbers of common services, as assigned by IANA.',1,'2013-07-18 15:49:23.775898','2013-07-18 15:49:23.775911');
INSERT INTO "quiz_question" VALUES(55,'Which command produces different output from all the others?','linux',3,'','The perl command does not read standard input, therefore it cannot match the string "tmp" like the other commands.',1,'2013-07-18 15:49:23.972850','2013-07-18 15:49:23.972862');
INSERT INTO "quiz_question" VALUES(56,'Which command will create a backup of /opt/apache/ directory?','linux',3,'','The "c" specifies that we want to create an archive, the "f" followed by a filename is the destination, the -C followed by a directory to change to, the "apache" in the end is the name of the file/directory to backup. The other choices are incorrect.',1,'2013-07-18 15:49:24.105169','2013-07-18 15:49:24.105181');
INSERT INTO "quiz_question" VALUES(57,'Which was the earliest Linux distribution?','linux',3,'','Knoppix, Ubuntu, Mint are all derivatives of Debian.',1,'2013-07-18 15:49:24.221442','2013-07-18 15:49:24.221453');
INSERT INTO "quiz_question" VALUES(58,'Which command is used to configure a firewall in Linux?','linux',3,'','iptables is an administration tool for IPv4 packet filtering and NAT, a common firewall software in Linux.',1,'2013-07-18 15:49:24.298527','2013-07-18 15:49:24.298539');
INSERT INTO "quiz_question" VALUES(59,'Which environment variable is typically NOT an absolute path?','linux',3,'','LOGNAME is usually the username of the current user, not a path.',1,'2013-07-18 15:49:24.384360','2013-07-18 15:49:24.384375');
INSERT INTO "quiz_question" VALUES(60,'Which file controls the number of available virtual terminals in Linux?','linux',3,'','The virtual terminals are configured in the /etc/inittab file.',1,'2013-07-18 15:49:24.595676','2013-07-18 15:49:24.595692');
INSERT INTO "quiz_question" VALUES(61,'In Linux, what is usually NOT stored in /etc/passwd?','linux',3,'','The password is usually stored in /etc/shadow, with more strict access permissions.',1,'2013-07-18 15:49:24.729609','2013-07-18 15:49:24.729623');
INSERT INTO "quiz_question" VALUES(62,'In Linux, which runlevel is a multi-user runlevel?','linux',3,'','Runlevels 2 to 5 are multi-user runlevels.',1,'2013-07-18 15:49:24.854823','2013-07-18 15:49:24.854837');
INSERT INTO "quiz_question" VALUES(63,'In Linux, what is the name of the process with PID 1?','linux',3,'','In Linux the "init" process is the parent of all processes, it gets the first PID which is 1.',1,'2013-07-18 15:49:24.941695','2013-07-18 15:49:24.941708');
INSERT INTO "quiz_question" VALUES(64,'In Linux, which signal cannot be trapped?','linux',3,'','The KILL signal is non-catchable, non-ignorable, immediately kills a process without possibility of cleaning up.',1,'2013-07-18 15:49:25.025336','2013-07-18 15:49:25.025351');
INSERT INTO "quiz_question" VALUES(65,'What is the purpose of the PAGER variable in UNIX?','linux',3,'','The PAGER variable can be used to override the default program used to view man pages.',1,'2013-07-18 15:49:25.170818','2013-07-18 15:49:25.170830');
INSERT INTO "quiz_question" VALUES(66,'Which command CANNOT be used to list the files in a directory?','linux',4,'','The dirs command shows the list of remembered directories (stored by the pushd command), it cannot be used to list the files in a directory.',1,'2013-07-18 15:49:25.328480','2013-07-18 15:49:25.328495');
INSERT INTO "quiz_question" VALUES(67,'Which command CANNOT be used to send an email in Linux?','linux',4,'','groff is a document formatting system (for example rendering man pages) and cannot be used to send emails. Yes you can send an email with telnet, though it won''t be pretty.',1,'2013-07-18 15:49:25.594526','2013-07-18 15:49:25.594540');
INSERT INTO "quiz_question" VALUES(68,'In Linux, which command can be used to check if any given PID is currently running or not?','linux',4,'','The output of kill -0 PID includes the text "No such process" if the process doesn''t exist. The command exits with 1 if the process does not exist or the user does not own it.',1,'2013-07-18 15:49:25.655073','2013-07-18 15:49:25.655086');
INSERT INTO "quiz_question" VALUES(69,'What is the common port of FTP?','network',2,'','The common port of an FTP server is 21.',1,'2013-07-18 15:49:25.771373','2013-07-18 15:49:25.771386');
INSERT INTO "quiz_question" VALUES(70,'Which is NOT one of the default chains of an iptables firewall?','network',2,'','ACCEPT is not a chain, but a rule. The others are typical chains.',1,'2013-07-18 15:49:25.849022','2013-07-18 15:49:25.849034');
INSERT INTO "quiz_question" VALUES(71,'Which file might contain such line: nameserver 192.168.1.1','network',2,'','The /etc/resolv.conf file is used to provide various information to DNS resolver.',1,'2013-07-18 15:49:26.077006','2013-07-18 15:49:26.077019');
INSERT INTO "quiz_question" VALUES(72,'Which is not essential for connecting to another computer on the same LAN?','network',2,'','It is not possible to connect to another computer without configuring a network interface with an IP address and correct netmask, and a route between the computers. A name server is optional.',1,'2013-07-18 15:49:26.186663','2013-07-18 15:49:26.186676');
INSERT INTO "quiz_question" VALUES(73,'Which command would you use to find the default gateway?','network',2,'','The route command prints all the routes, including the default gateway.',1,'2013-07-18 15:49:26.303838','2013-07-18 15:49:26.303850');
INSERT INTO "quiz_question" VALUES(74,'How to check if port 1234 is listening on incoming connections?','network',2,'','telnet is useful to check if a port is open. Another easy way is using netstat, but not with the -p flag.',1,'2013-07-18 15:49:26.380944','2013-07-18 15:49:26.380957');
INSERT INTO "quiz_question" VALUES(75,'Which does not necessarily cause the failure of the command: ping google.com','network',2,'','Being on a NAT does not necessarily prevent access to the outside. The other factors would necessarily prevent pinging google.com',1,'2013-07-18 15:49:26.523855','2013-07-18 15:49:26.523867');
INSERT INTO "quiz_question" VALUES(76,'When would you use a LinkedList instead of an ArrayList?','programming',2,'','In a linked list, elements are chained together: each element has a pointer to the next. Insert and remove operations are more memory-efficient compared to an ArrayList, at the cost that random access of elements is less efficient.',1,'2013-07-18 15:49:26.683867','2013-07-18 15:49:26.683880');
INSERT INTO "quiz_question" VALUES(77,'What is the advantage of using an ArrayList instead of a LinkedList?','programming',2,'','Elements in an ArrayList can be accessed directly by a numeric index, but in a LinkedList you must travers the elements from the start or the end until the desired element.',1,'2013-07-18 15:49:26.829293','2013-07-18 15:49:26.829307');
INSERT INTO "quiz_question" VALUES(78,'What is CORBA used for?','programming',2,'','The Common Object Request Broker Architecture (CORBA) enables software components written in multiple computer languages and running on multiple computers to work together.',1,'2013-07-18 15:49:26.931020','2013-07-18 15:49:26.931031');
INSERT INTO "quiz_question" VALUES(79,'What is the purpose of a CRC function?','programming',2,'','A cyclic redundancy check (CRC) is an error-detecting code commonly used in digital networks and storage devices to detect accidental changes to raw data.',1,'2013-07-18 15:49:27.023827','2013-07-18 15:49:27.023836');
INSERT INTO "quiz_question" VALUES(80,'How to declare the main method of a C program?','programming',2,'','The main method should return integer, and the arguments should give the number and values of the program''s command-line arguments.',1,'2013-07-18 15:49:27.178856','2013-07-18 15:49:27.178868');
INSERT INTO "quiz_question" VALUES(81,'Which regular expression will NOT match "foobar"?','programming',2,'','The "." matches any character, but since there is nothing between "foo" and "bar", this won''t match.',1,'2013-07-18 15:49:27.256144','2013-07-18 15:49:27.256161');
INSERT INTO "quiz_question" VALUES(82,'In C, given char **argv, what is the equivalent of printf("%s\n", argv[0])','programming',3,'','argv + n is the address of the n-th element in the array. The * operator dereferences the pointer, obtaining the value stored at the pointed location.',1,'2013-07-18 15:49:27.338521','2013-07-18 15:49:27.338533');
INSERT INTO "quiz_question" VALUES(83,'Which regular expression is a zero-width positive look-behind assertion?','programming',3,'','Usually, "<" indicates a look-behind assertion, and "!" indicates a negative assertion.',1,'2013-07-18 15:49:27.479119','2013-07-18 15:49:27.479134');
INSERT INTO "quiz_question" VALUES(84,'Which is NOT in the same group as LISP?','programming',3,'','LISP, R, Scheme, and Scala are all functional languages. C++ is an imperative language.',1,'2013-07-18 15:49:27.710015','2013-07-18 15:49:27.710031');
INSERT INTO "quiz_question" VALUES(85,'Which is NOT in the same group as C++?','programming',3,'','C++, C, Java, and MATLAB, are all imperative languages. Haskell is a functional language.',1,'2013-07-18 15:49:27.812970','2013-07-18 15:49:27.812982');
INSERT INTO "quiz_question" VALUES(86,'What is the most likely to cause a stack overflow?','programming',3,'','A common cause of a stack overflow is very deep or infinite recursion, exhausting the address space of the call stack. A common solution is to improve the algorithm to reduce the depth of recursions.',1,'2013-07-18 15:49:27.898587','2013-07-18 15:49:27.898600');
INSERT INTO "quiz_question" VALUES(87,'What is wrong with static methods?','programming',3,'','Code calling static methods is hard to test because you cannot mock the static calls. Static methods in themselves are not hard to test. The other statements are true of static methods but don''t constitute a "problem".',1,'2013-07-18 15:49:28.078480','2013-07-18 15:49:28.078495');
INSERT INTO "quiz_question" VALUES(88,'What kind of regular expression is this: (?=pattern)','programming',4,'','This is zero-width positive look-ahead assertion. For example /\w+(?=\t)/ matches a word followed by a tab.',1,'2013-07-18 15:49:28.155726','2013-07-18 15:49:28.155739');
INSERT INTO "quiz_question" VALUES(89,'How to convert all characters in a file to lowercase?','scripting',2,'','tr reads text from standard input and writes to standard output. It does not take filenames as input or output arguments.',1,'2013-07-18 15:49:28.248114','2013-07-18 15:49:28.248129');
INSERT INTO "quiz_question" VALUES(90,'How to append .bak extension to all files in a directory and all its sub-directories?','scripting',2,'','The -exec flag of the find command should end either with \; or +. With + the command will be executed only once with all files as arguments. With \; the command will be executed once for each file.',1,'2013-07-18 15:49:28.475826','2013-07-18 15:49:28.475840');
INSERT INTO "quiz_question" VALUES(91,'In which scripting language is this a valid statement: cmd=/bin/cat.exe','scripting',2,'','This is a valid statement to assign the value "/bin/cat.exe" to the variable "cmd" in bash. The statement is not valid in the other languages.',1,'2013-07-18 15:49:28.602658','2013-07-18 15:49:28.602672');
INSERT INTO "quiz_question" VALUES(92,'The bash shell reads which file first on startup?','scripting',2,'','When run without special options, bash reads /etc/profile first.',1,'2013-07-18 15:49:28.679574','2013-07-18 15:49:28.679588');
INSERT INTO "quiz_question" VALUES(93,'How many lines will be printed by this command: echo 1 && echo 2 || echo 3','scripting',2,'','2 lines: "echo 1" succeeds, therefore "echo 2" is executed, and since that succeeds, "echo 3" is not executed at all.',1,'2013-07-18 15:49:28.757138','2013-07-18 15:49:28.757153');
INSERT INTO "quiz_question" VALUES(94,'How many lines will be printed by this command: seq 9 | paste - - -','scripting',2,'','seq 9 will print the numbers 1 to 9, each on a separate line, and paste will organize them to 3 columns, resulting in 3 total lines in the output, starting with 1 2 3 on the first line, and so on.',1,'2013-07-18 15:49:28.956629','2013-07-18 15:49:28.956644');
INSERT INTO "quiz_question" VALUES(95,'What will be the output of this command: echo hello | grep hi && echo one || echo two','scripting',2,'','The grep will not match anything, which is a failure, therefore echo two will be executed.',1,'2013-07-18 15:49:29.028849','2013-07-18 15:49:29.028863');
INSERT INTO "quiz_question" VALUES(96,'How to redirect both stdout and stderr of a command to the same file?','scripting',3,'','One way to achive this is to first redirect stdout and then redirect stderr to whatever stdout is pointing to.',1,'2013-07-18 15:49:29.106431','2013-07-18 15:49:29.106445');
INSERT INTO "quiz_question" VALUES(97,'Which is the least unsafe?','security',2,'','Only the strncpy function checks bounds, the others don''t. Not checking bounds is very likely to lead to buffer overflow defects.',1,'2013-07-18 15:49:29.232622','2013-07-18 15:49:29.232637');
INSERT INTO "quiz_question" VALUES(98,'Which is the most secure method to protect access to a website?','security',2,'','Public key authentication is usually implemented with HTTPS / SSL client certificates, and it is much safer than the other methods, where the password can be either sniffed or the authentication token replayed.',1,'2013-07-18 15:49:29.385655','2013-07-18 15:49:29.385670');
INSERT INTO "quiz_question" VALUES(99,'Which kind of attack on computer security is a form of active eavesdropping (secretly listening)?','security',2,'','The attacker makes independent connections with the victims and relays messages between them, making them believe that they are talking directly to each other over a private connection, when in fact the entire conversation is controlled by the attacker.',1,'2013-07-18 15:49:29.463203','2013-07-18 15:49:29.463215');
INSERT INTO "quiz_question" VALUES(100,'What is the recommended permission setting on a user''s ~/.ssh/authorized_keys file?','security',2,'','Only the owner of the file should have any kind of access.',1,'2013-07-18 15:49:29.556221','2013-07-18 15:49:29.556235');
INSERT INTO "quiz_question" VALUES(101,'Which service should be removed to harden the security of a system?','security',2,'','File transfers via FTP are not encrypted, therefore they can be captured by anyone on the same network using a packet sniffereasily revealing login usernames and passwords.',1,'2013-07-18 15:49:29.726757','2013-07-18 15:49:29.726773');
INSERT INTO "quiz_question" VALUES(102,'Which open port signals a potential security risk in a UNIX-like system?','security',2,'','Port 23 is default port of Telnet, an obsolete, insecure login service. The other ports correspond to more secure services protected by encryption.',1,'2013-07-18 15:49:29.804448','2013-07-18 15:49:29.804462');
INSERT INTO "quiz_question" VALUES(103,'What is the weakest point in the computer security of a typical large firm?','security',3,'','The typical weakest point is the employees, as social engineering and human gallibility can often circumvent otherwise state of the art computer security system.',1,'2013-07-18 15:49:29.919695','2013-07-18 15:49:29.919710');
INSERT INTO "quiz_question" VALUES(104,'Which is the most dangerous security probing tool?','security',3,'','nmap is a sophisticated port scanner, and can reveal much more about a network than all the other tools combined.',1,'2013-07-18 15:49:30.068867','2013-07-18 15:49:30.068881');
INSERT INTO "quiz_question" VALUES(105,'In Linux, what is the best way to give read permission to everybody on a file?','security',3,'','The +r flag gives read permission to everybody on the system. 444 is not a good idea because it removes all other permissions that there might have been. Anybody taking the other options should be fired on the spot.',1,'2013-07-18 15:49:30.145829','2013-07-18 15:49:30.145845');
INSERT INTO "quiz_question" VALUES(106,'Which is the worst method for encrypting data?','security',3,'','sha1 is not an encryption method but a message digest method.',1,'2013-07-18 15:49:30.231322','2013-07-18 15:49:30.231335');
INSERT INTO "quiz_question" VALUES(107,'Which tool CANNOT be used to encrypt files?','security',3,'','encfs and TrueCrypt can be used to create encrypted directories, and openssl can be used to encrypt a stream of data. nmap is a network scanning tool, not for encryption.',1,'2013-07-18 15:49:30.451602','2013-07-18 15:49:30.451617');
INSERT INTO "quiz_question" VALUES(108,'Which tool CANNOT be used to find open ports on the local system?','security',3,'','ping can only send ICMP ECHO requests to hosts, it cannot be used to find open ports.',1,'2013-07-18 15:49:30.537383','2013-07-18 15:49:30.537399');
INSERT INTO "quiz_question" VALUES(109,'Which tool CANNOT be used to find open ports on a remote system?','security',3,'','Unlike the others, netstat cannot be used to scan arbitrary remote ports.',1,'2013-07-18 15:49:30.693854','2013-07-18 15:49:30.693908');
INSERT INTO "quiz_question" VALUES(110,'What''s the worst thing that can happen if you configure nmap with suid root?','security',4,'','Privilege escalation could be used to create all the other damages. Except maybe releasing the kraken. Not sure.',1,'2013-07-18 15:49:30.868884','2013-07-18 15:49:30.868897');
INSERT INTO "quiz_question" VALUES(111,'What''s the scariest defect that can happen in a web application?','security',4,'','A buffer overflow can potentially lead to privilege escalation, which could be used to produce all the others and much worse.',1,'2013-07-18 15:49:31.045595','2013-07-18 15:49:31.045608');
INSERT INTO "quiz_question" VALUES(112,'Which is the most efficient way to implement low-latency communication between remote processes?','software-engineering',2,'','A binary protocol yields the smallest possible footprint in the communication, which is often a significant boost compared to more verbose text-based protocols like SOAP or XML.',1,'2013-07-18 15:49:31.192219','2013-07-18 15:49:31.192232');
INSERT INTO "quiz_question" VALUES(113,'What is endianness about?','system-programming',2,'','Endian and endianness in the most common cases refers to how bytes are ordered.',1,'2013-07-18 15:49:31.359584','2013-07-18 15:49:31.359598');
INSERT INTO "quiz_question" VALUES(114,'Which is NOT a programming language?','system-programming',3,'','CGI stands for Common Gateway Interface, a standard for dynamic generation of web pages by a web server. It is NOT a programming language.',1,'2013-07-18 15:49:31.535964','2013-07-18 15:49:31.535980');
INSERT INTO "quiz_question" VALUES(115,'Which compression tool cannot work as a filter?','tools',2,'','7zip has a very compression ratio but it cannot be used a filter.',1,'2013-07-18 15:49:31.670952','2013-07-18 15:49:31.670966');
INSERT INTO "quiz_question" VALUES(116,'Which is NOT a web server software?','tools',3,'','X server is the server counterpart of the X Window System in UNIX, and has nothing to do with web servers.',1,'2013-07-18 15:49:31.809001','2013-07-18 15:49:31.809015');
INSERT INTO "quiz_question" VALUES(117,'Which is NOT a network analysis tool?','tools',3,'','tcpdump dumps traffic on a network; wireshark is a network traffic analyzer; nmap is a network security auditing tool; that leaves us with screen, which is a terminal multiplexer tool.',1,'2013-07-18 15:49:31.959083','2013-07-18 15:49:31.959095');
INSERT INTO "quiz_question" VALUES(118,'What is the purpose of the -h flag of the ls command in UNIX?','tools',3,'','When used together with the -l flag for long format, the -h makes the ls command print file sizes in human readable format like 1K, 234M, 2G.',1,'2013-07-18 15:49:32.092749','2013-07-18 15:49:32.092761');
INSERT INTO "quiz_question" VALUES(119,'Which is NOT a Version Control System?','version-control',2,'','CSV stands for Comma Separated Values, it is a common file format, not a Version Control System.',1,'2013-07-18 15:49:32.255120','2013-07-18 15:49:32.255135');
INSERT INTO "quiz_question" VALUES(120,'Which version control operation will never result in a conflict?','version-control',2,'','The update, merge and rebase operations all involve some sort of merging, and may result in conflicts. The add operation can never result in a conflict.',1,'2013-07-18 15:49:32.494986','2013-07-18 15:49:32.494999');
INSERT INTO "quiz_question" VALUES(121,'Which version control operation may alter the history?','version-control',2,'','The rebase operation rewrites the history of a branch by replaying a set of changes on top another branch.',1,'2013-07-18 15:49:32.607919','2013-07-18 15:49:32.607934');
INSERT INTO "quiz_question" VALUES(122,'In version control, what is the term for merging another branch that is not diverged but some versions ahead of the current branch?','version-control',2,'','In this situation the current branch HEAD can be simply fast-forwarded to the same position as the other branch HEAD, hence the name.',1,'2013-07-18 15:49:32.733414','2013-07-18 15:49:32.733427');
INSERT INTO "quiz_question" VALUES(123,'In version control, which is the least scalable workflow?','version-control',2,'','The central server can become a bottleneck. The other workflows can be scaled by replicating them on multiple layers.',1,'2013-07-18 15:49:32.851823','2013-07-18 15:49:32.851835');
INSERT INTO "quiz_question" VALUES(124,'Which is a Distributed Version Control System?','version-control',3,'','These are all version control systems, but only Mercurial has a distributed model, the others use a client-server model.',1,'2013-07-18 15:49:32.930070','2013-07-18 15:49:32.930085');
INSERT INTO "quiz_question" VALUES(125,'Which version control operation requires access to the server in a centralized VCS?','version-control',3,'','In a centralized VCS all operations that involve the history need to access the repository on the central server. The status, add, and mv commands can be performed without access to the server.',1,'2013-07-18 15:49:33.088775','2013-07-18 15:49:33.088789');
INSERT INTO "quiz_question" VALUES(126,'What can be a disadvantage of a distributed VCS compared to a centralized VCS?','version-control',4,'','In a distributed VCS, initial cloning is typically slower, as the tool must download the entire project history. The other choices are disadvantages of centralized VCS.',1,'2013-07-18 15:49:33.267465','2013-07-18 15:49:33.267481');
INSERT INTO "quiz_question" VALUES(127,'In a version control system, which type of conflict can have an automatic resolution when merging branchA into branchB?','version-control',4,'','If branchA and branchB edited completely different parts of the file, that should be possible to resolve automatically. The other types of conflict require an explicit decision and action by a human.',1,'2013-07-18 15:49:33.344815','2013-07-18 15:49:33.344829');
INSERT INTO "quiz_question" VALUES(128,'In web programming, what is the QUERY_STRING?','web-programming',2,'','The QUERY_STRING is the part of a URL after the question mark, not including the question mark itself, for example "search=hello&page=2".',1,'2013-07-18 15:49:33.496755','2013-07-18 15:49:33.496768');
INSERT INTO "quiz_question" VALUES(129,'What is the status code of a successful HTTP request?','web-programming',2,'','"200 OK" is the standard response for successful HTTP requests.',1,'2013-07-18 15:49:33.709099','2013-07-18 15:49:33.709112');
INSERT INTO "quiz_question" VALUES(130,'What does CGI stand for in web programming?','web-programming',2,'','Common Gateway Interface, a standard for dynamic generation of web pages by a web server.',1,'2013-07-18 15:49:33.858368','2013-07-18 15:49:33.858383');
INSERT INTO "quiz_question" VALUES(131,'In web programming, where are cookies stored?','web-programming',2,'','Cookies are stored on the client side and sent to the server until expired',1,'2013-07-18 15:49:34.001618','2013-07-18 15:49:34.001629');
INSERT INTO "quiz_question" VALUES(132,'Which is NOT a standard attribute of HTTP cookie parameters?','web-programming',2,'','Standard parameters of HTTP cookies are: Expires, Domain, Path, HttpOnly, Secure. Date is not one of them.',1,'2013-07-18 15:49:34.084531','2013-07-18 15:49:34.084545');
INSERT INTO "quiz_question" VALUES(133,'What marks the end of an HTTP header?','web-programming',2,'','The end of the header fields is indicated by an empty field, resulting in the transmission of two consecutive CR-LF pairs.',1,'2013-07-18 15:49:34.169822','2013-07-18 15:49:34.169836');
INSERT INTO "quiz_question" VALUES(134,'Which is NOT a common CGI environment variable?','web-programming',3,'','HTTP_USER_AGENT is the browser type of the visitor, HTTP_REFERER is the URL of the page that called the current one, and DOCUMENT_ROOT is the root directory of the server.',1,'2013-07-18 15:49:34.359681','2013-07-18 15:49:34.359696');
INSERT INTO "quiz_question" VALUES(135,'Which is a common CGI environment variable?','web-programming',3,'','REMOTE_ADDR is the IP address of the visitor.',1,'2013-07-18 15:49:34.483015','2013-07-18 15:49:34.483029');
INSERT INTO "quiz_question" VALUES(136,'Which HTTP method was not part of the HTTP/1.0 specification?','web-programming',3,'','The OPTIONS method was added in the HTTP/1.1 specification.',1,'2013-07-18 15:49:34.626318','2013-07-18 15:49:34.626332');
INSERT INTO "quiz_question" VALUES(137,'What is the difference between the GET and HEAD methods of the HTTP protocol?','web-programming',3,'','The response of a HEAD requests is a header identical to that of a GET request, but without a response body.',1,'2013-07-18 15:49:34.758592','2013-07-18 15:49:34.758605');
INSERT INTO "quiz_question" VALUES(138,'Which server response is NOT part of the HTTP standard?','web-programming',3,'','404 is part of the standard but it means something else: "Not Found"',1,'2013-07-18 15:49:34.843756','2013-07-18 15:49:34.843768');
INSERT INTO "quiz_question" VALUES(139,'Which type of error is indicated by a 4xx class of HTTP status code?','web-programming',3,'','Status codes in the class 4xx all indicate some kind of client error, such as requesting a non-existent page, or a syntax error in the request, just to name a few.',1,'2013-07-18 15:49:34.936319','2013-07-18 15:49:34.936330');
INSERT INTO "quiz_question" VALUES(140,'What can you do with HTTP POST that you cannot do with HTTP GET?','web-programming',3,'','Uploading a file requires enclosing an entity in the request, which is supported by a POST request but not by a GET request.',1,'2013-07-18 15:49:35.134228','2013-07-18 15:49:35.134242');
INSERT INTO "quiz_question" VALUES(141,'What was the limit of the header size in the HTTP/1.0 standard?','web-programming',4,'','The standard itself does not set a limit on the header size, but most implementations impose some limits for practical and security reasons.',1,'2013-07-18 15:49:35.257037','2013-07-18 15:49:35.257052');
INSERT INTO "quiz_question" VALUES(142,'What is the file descriptor number of standard error in DOS?','windows',3,'','The file descriptor number of standard error in DOS is 2 (the same as in Linux).',1,'2013-07-18 15:49:35.343738','2013-07-18 15:49:35.343751');
INSERT INTO "quiz_question" VALUES(143,'Which was the first version of Microsoft Windows that enforced preemptive multitasking?','windows',4,'','Windows NT was the first version of Microsoft Windows which enforced preemptive multitasking. Earlier versions used cooperative multitasking.',1,'2013-07-18 15:49:35.428415','2013-07-18 15:49:35.428430');
INSERT INTO "quiz_answer" VALUES(1,1,'O(1)',1,1,'2013-07-18 15:49:16.729652','2013-07-18 15:49:16.729658');
INSERT INTO "quiz_answer" VALUES(2,1,'O(n)',0,1,'2013-07-18 15:49:16.729706','2013-07-18 15:49:16.729711');
INSERT INTO "quiz_answer" VALUES(3,1,'O(n log n)',0,1,'2013-07-18 15:49:16.729756','2013-07-18 15:49:16.729762');
INSERT INTO "quiz_answer" VALUES(4,1,'O(n^2)',0,1,'2013-07-18 15:49:16.729805','2013-07-18 15:49:16.729810');
INSERT INTO "quiz_answer" VALUES(5,2,'O(n^2)',1,1,'2013-07-18 15:49:16.865547','2013-07-18 15:49:16.865553');
INSERT INTO "quiz_answer" VALUES(6,2,'O(1)',0,1,'2013-07-18 15:49:16.865601','2013-07-18 15:49:16.865606');
INSERT INTO "quiz_answer" VALUES(7,2,'O(n)',0,1,'2013-07-18 15:49:16.865652','2013-07-18 15:49:16.865657');
INSERT INTO "quiz_answer" VALUES(8,2,'O(n log n)',0,1,'2013-07-18 15:49:16.865702','2013-07-18 15:49:16.865707');
INSERT INTO "quiz_answer" VALUES(9,3,'O(n^2)',1,1,'2013-07-18 15:49:16.968551','2013-07-18 15:49:16.968558');
INSERT INTO "quiz_answer" VALUES(10,3,'O(n)',0,1,'2013-07-18 15:49:16.968611','2013-07-18 15:49:16.968617');
INSERT INTO "quiz_answer" VALUES(11,3,'O(1)',0,1,'2013-07-18 15:49:16.968670','2013-07-18 15:49:16.968676');
INSERT INTO "quiz_answer" VALUES(12,3,'O(n log n)',0,1,'2013-07-18 15:49:16.968728','2013-07-18 15:49:16.968734');
INSERT INTO "quiz_answer" VALUES(13,4,'O(n log n)',1,1,'2013-07-18 15:49:17.053954','2013-07-18 15:49:17.053961');
INSERT INTO "quiz_answer" VALUES(14,4,'O(n^2)',0,1,'2013-07-18 15:49:17.054016','2013-07-18 15:49:17.054022');
INSERT INTO "quiz_answer" VALUES(15,4,'O(n)',0,1,'2013-07-18 15:49:17.054074','2013-07-18 15:49:17.054080');
INSERT INTO "quiz_answer" VALUES(16,4,'O(1)',0,1,'2013-07-18 15:49:17.054131','2013-07-18 15:49:17.054137');
INSERT INTO "quiz_answer" VALUES(17,5,'heapsort',1,1,'2013-07-18 15:49:17.256153','2013-07-18 15:49:17.256158');
INSERT INTO "quiz_answer" VALUES(18,5,'bubble sort',0,1,'2013-07-18 15:49:17.256205','2013-07-18 15:49:17.256210');
INSERT INTO "quiz_answer" VALUES(19,5,'merge sort',0,1,'2013-07-18 15:49:17.256254','2013-07-18 15:49:17.256259');
INSERT INTO "quiz_answer" VALUES(20,5,'insertion sort',0,1,'2013-07-18 15:49:17.256303','2013-07-18 15:49:17.256307');
INSERT INTO "quiz_answer" VALUES(21,6,'Encrypt data',1,1,'2013-07-18 15:49:17.398634','2013-07-18 15:49:17.398640');
INSERT INTO "quiz_answer" VALUES(22,6,'Accelerate table lookup',0,1,'2013-07-18 15:49:17.398695','2013-07-18 15:49:17.398701');
INSERT INTO "quiz_answer" VALUES(23,6,'Accelerate data comparison',0,1,'2013-07-18 15:49:17.398754','2013-07-18 15:49:17.398759');
INSERT INTO "quiz_answer" VALUES(24,6,'Generate fixed length output data',0,1,'2013-07-18 15:49:17.398811','2013-07-18 15:49:17.398817');
INSERT INTO "quiz_answer" VALUES(25,7,'Hash functions are fast',1,1,'2013-07-18 15:49:17.509596','2013-07-18 15:49:17.509602');
INSERT INTO "quiz_answer" VALUES(26,7,'Hash functions are akin to lossy compression',0,1,'2013-07-18 15:49:17.509656','2013-07-18 15:49:17.509662');
INSERT INTO "quiz_answer" VALUES(27,7,'Hash functions return the same output for the same input',0,1,'2013-07-18 15:49:17.509713','2013-07-18 15:49:17.509719');
INSERT INTO "quiz_answer" VALUES(28,7,'Hash functions are related to checksums',0,1,'2013-07-18 15:49:17.509770','2013-07-18 15:49:17.509776');
INSERT INTO "quiz_answer" VALUES(29,8,'Make',1,1,'2013-07-18 15:49:17.595362','2013-07-18 15:49:17.595368');
INSERT INTO "quiz_answer" VALUES(30,8,'Apache Ant',0,1,'2013-07-18 15:49:17.595422','2013-07-18 15:49:17.595428');
INSERT INTO "quiz_answer" VALUES(31,8,'Apache Maven',0,1,'2013-07-18 15:49:17.595479','2013-07-18 15:49:17.595485');
INSERT INTO "quiz_answer" VALUES(32,8,'CMake',0,1,'2013-07-18 15:49:17.595536','2013-07-18 15:49:17.595542');
INSERT INTO "quiz_answer" VALUES(33,9,'Debug the source code',1,1,'2013-07-18 15:49:17.724084','2013-07-18 15:49:17.724091');
INSERT INTO "quiz_answer" VALUES(34,9,'Compile the source code',0,1,'2013-07-18 15:49:17.724146','2013-07-18 15:49:17.724152');
INSERT INTO "quiz_answer" VALUES(35,9,'Eliminate redundant tasks',0,1,'2013-07-18 15:49:17.724204','2013-07-18 15:49:17.724210');
INSERT INTO "quiz_answer" VALUES(36,9,'Execute unit tests',0,1,'2013-07-18 15:49:17.724262','2013-07-18 15:49:17.724268');
INSERT INTO "quiz_answer" VALUES(37,10,'make',1,1,'2013-07-18 15:49:17.802275','2013-07-18 15:49:17.802281');
INSERT INTO "quiz_answer" VALUES(38,10,'make universe',0,1,'2013-07-18 15:49:17.802335','2013-07-18 15:49:17.802341');
INSERT INTO "quiz_answer" VALUES(39,10,'make clean',0,1,'2013-07-18 15:49:17.802395','2013-07-18 15:49:17.802401');
INSERT INTO "quiz_answer" VALUES(40,10,'./run.sh',0,1,'2013-07-18 15:49:17.802453','2013-07-18 15:49:17.802458');
INSERT INTO "quiz_answer" VALUES(41,11,'A build tool based on Java',1,1,'2013-07-18 15:49:17.886301','2013-07-18 15:49:17.886308');
INSERT INTO "quiz_answer" VALUES(42,11,'An insect',0,1,'2013-07-18 15:49:17.886362','2013-07-18 15:49:17.886368');
INSERT INTO "quiz_answer" VALUES(43,11,'An IDE for the Java language',0,1,'2013-07-18 15:49:17.886420','2013-07-18 15:49:17.886426');
INSERT INTO "quiz_answer" VALUES(44,11,'A debugger for the Java language',0,1,'2013-07-18 15:49:17.886477','2013-07-18 15:49:17.886483');
INSERT INTO "quiz_answer" VALUES(45,12,'Makefile',1,1,'2013-07-18 15:49:18.033292','2013-07-18 15:49:18.033298');
INSERT INTO "quiz_answer" VALUES(46,12,'make.config',0,1,'2013-07-18 15:49:18.033352','2013-07-18 15:49:18.033358');
INSERT INTO "quiz_answer" VALUES(47,12,'config.ini',0,1,'2013-07-18 15:49:18.033410','2013-07-18 15:49:18.033416');
INSERT INTO "quiz_answer" VALUES(48,12,'build.xml',0,1,'2013-07-18 15:49:18.033467','2013-07-18 15:49:18.033473');
INSERT INTO "quiz_answer" VALUES(49,13,'build.xml',1,1,'2013-07-18 15:49:18.110284','2013-07-18 15:49:18.110290');
INSERT INTO "quiz_answer" VALUES(50,13,'Makefile',0,1,'2013-07-18 15:49:18.110344','2013-07-18 15:49:18.110350');
INSERT INTO "quiz_answer" VALUES(51,13,'ant.config',0,1,'2013-07-18 15:49:18.110402','2013-07-18 15:49:18.110408');
INSERT INTO "quiz_answer" VALUES(52,13,'config.ini',0,1,'2013-07-18 15:49:18.110459','2013-07-18 15:49:18.110465');
INSERT INTO "quiz_answer" VALUES(53,14,'pom.xml',1,1,'2013-07-18 15:49:18.201629','2013-07-18 15:49:18.201635');
INSERT INTO "quiz_answer" VALUES(54,14,'build.xml',0,1,'2013-07-18 15:49:18.201689','2013-07-18 15:49:18.201695');
INSERT INTO "quiz_answer" VALUES(55,14,'maven.config',0,1,'2013-07-18 15:49:18.201747','2013-07-18 15:49:18.201753');
INSERT INTO "quiz_answer" VALUES(56,14,'config.ini',0,1,'2013-07-18 15:49:18.201804','2013-07-18 15:49:18.201810');
INSERT INTO "quiz_answer" VALUES(57,15,'taskA: taskB',1,1,'2013-07-18 15:49:18.382271','2013-07-18 15:49:18.382278');
INSERT INTO "quiz_answer" VALUES(58,15,'taskB: taskA',0,1,'2013-07-18 15:49:18.382332','2013-07-18 15:49:18.382338');
INSERT INTO "quiz_answer" VALUES(59,15,'taskA -> taskB',0,1,'2013-07-18 15:49:18.382390','2013-07-18 15:49:18.382396');
INSERT INTO "quiz_answer" VALUES(60,15,'taskB -> taskA',0,1,'2013-07-18 15:49:18.382447','2013-07-18 15:49:18.382452');
INSERT INTO "quiz_answer" VALUES(61,16,'package',1,1,'2013-07-18 15:49:18.467126','2013-07-18 15:49:18.467132');
INSERT INTO "quiz_answer" VALUES(62,16,'compile',0,1,'2013-07-18 15:49:18.467185','2013-07-18 15:49:18.467191');
INSERT INTO "quiz_answer" VALUES(63,16,'deploy',0,1,'2013-07-18 15:49:18.467242','2013-07-18 15:49:18.467248');
INSERT INTO "quiz_answer" VALUES(64,16,'install',0,1,'2013-07-18 15:49:18.467300','2013-07-18 15:49:18.467305');
INSERT INTO "quiz_answer" VALUES(65,17,'Remove generated files',1,1,'2013-07-18 15:49:18.594969','2013-07-18 15:49:18.594975');
INSERT INTO "quiz_answer" VALUES(66,17,'Detect and report bugs in the software',0,1,'2013-07-18 15:49:18.595021','2013-07-18 15:49:18.595026');
INSERT INTO "quiz_answer" VALUES(67,17,'Detect and fix bugs in the software',0,1,'2013-07-18 15:49:18.595070','2013-07-18 15:49:18.595076');
INSERT INTO "quiz_answer" VALUES(68,17,'Remove unknown files that don''t belong to the project',0,1,'2013-07-18 15:49:18.595121','2013-07-18 15:49:18.595126');
INSERT INTO "quiz_answer" VALUES(69,18,'No, because HTML is not a regular language',1,1,'2013-07-18 15:49:18.746377','2013-07-18 15:49:18.746383');
INSERT INTO "quiz_answer" VALUES(70,18,'Yes, you can parse anything using regular expressions',0,1,'2013-07-18 15:49:18.746430','2013-07-18 15:49:18.746435');
INSERT INTO "quiz_answer" VALUES(71,18,'Yes, but only if it contains only ASCII characters',0,1,'2013-07-18 15:49:18.746481','2013-07-18 15:49:18.746486');
INSERT INTO "quiz_answer" VALUES(72,18,'Yes, because HTML is a context-free language',0,1,'2013-07-18 15:49:18.746530','2013-07-18 15:49:18.746535');
INSERT INTO "quiz_answer" VALUES(73,19,'A B-tree is a generalization of the binary tree.',1,1,'2013-07-18 15:49:18.907012','2013-07-18 15:49:18.907019');
INSERT INTO "quiz_answer" VALUES(74,19,'No difference, they are synonyms.',0,1,'2013-07-18 15:49:18.907072','2013-07-18 15:49:18.907079');
INSERT INTO "quiz_answer" VALUES(75,19,'In a B-tree each node has two child nodes.',0,1,'2013-07-18 15:49:18.907131','2013-07-18 15:49:18.907137');
INSERT INTO "quiz_answer" VALUES(76,19,'In a binary tree each node has two child nodes.',0,1,'2013-07-18 15:49:18.907188','2013-07-18 15:49:18.907194');
INSERT INTO "quiz_answer" VALUES(77,20,'3',1,1,'2013-07-18 15:49:18.992798','2013-07-18 15:49:18.992805');
INSERT INTO "quiz_answer" VALUES(78,20,'2',0,1,'2013-07-18 15:49:18.992859','2013-07-18 15:49:18.992865');
INSERT INTO "quiz_answer" VALUES(79,20,'4',0,1,'2013-07-18 15:49:18.992919','2013-07-18 15:49:18.992924');
INSERT INTO "quiz_answer" VALUES(80,20,'6',0,1,'2013-07-18 15:49:18.992976','2013-07-18 15:49:18.992983');
INSERT INTO "quiz_answer" VALUES(81,21,'6',1,1,'2013-07-18 15:49:19.152836','2013-07-18 15:49:19.152842');
INSERT INTO "quiz_answer" VALUES(82,21,'2',0,1,'2013-07-18 15:49:19.152889','2013-07-18 15:49:19.152895');
INSERT INTO "quiz_answer" VALUES(83,21,'3',0,1,'2013-07-18 15:49:19.152940','2013-07-18 15:49:19.152945');
INSERT INTO "quiz_answer" VALUES(84,21,'4',0,1,'2013-07-18 15:49:19.152990','2013-07-18 15:49:19.152995');
INSERT INTO "quiz_answer" VALUES(85,22,'queue',1,1,'2013-07-18 15:49:19.339353','2013-07-18 15:49:19.339360');
INSERT INTO "quiz_answer" VALUES(86,22,'LIFO',0,1,'2013-07-18 15:49:19.339415','2013-07-18 15:49:19.339421');
INSERT INTO "quiz_answer" VALUES(87,22,'FILO',0,1,'2013-07-18 15:49:19.339473','2013-07-18 15:49:19.339479');
INSERT INTO "quiz_answer" VALUES(88,22,'stack',0,1,'2013-07-18 15:49:19.339530','2013-07-18 15:49:19.339535');
INSERT INTO "quiz_answer" VALUES(89,23,'Linked list',1,1,'2013-07-18 15:49:19.459487','2013-07-18 15:49:19.459493');
INSERT INTO "quiz_answer" VALUES(90,23,'Array list',0,1,'2013-07-18 15:49:19.459547','2013-07-18 15:49:19.459553');
INSERT INTO "quiz_answer" VALUES(91,23,'Hash map',0,1,'2013-07-18 15:49:19.459606','2013-07-18 15:49:19.459612');
INSERT INTO "quiz_answer" VALUES(92,23,'Hash set',0,1,'2013-07-18 15:49:19.459663','2013-07-18 15:49:19.459669');
INSERT INTO "quiz_answer" VALUES(93,24,'INNER JOIN',1,1,'2013-07-18 15:49:19.597926','2013-07-18 15:49:19.597933');
INSERT INTO "quiz_answer" VALUES(94,24,'OUTER JOIN',0,1,'2013-07-18 15:49:19.597989','2013-07-18 15:49:19.597996');
INSERT INTO "quiz_answer" VALUES(95,24,'CROSS JOIN',0,1,'2013-07-18 15:49:19.598048','2013-07-18 15:49:19.598053');
INSERT INTO "quiz_answer" VALUES(96,24,'LEFT JOIN',0,1,'2013-07-18 15:49:19.598105','2013-07-18 15:49:19.598111');
INSERT INTO "quiz_answer" VALUES(97,25,'5 or more',1,1,'2013-07-18 15:49:19.747162','2013-07-18 15:49:19.747168');
INSERT INTO "quiz_answer" VALUES(98,25,'3 or more',0,1,'2013-07-18 15:49:19.747214','2013-07-18 15:49:19.747219');
INSERT INTO "quiz_answer" VALUES(99,25,'15',0,1,'2013-07-18 15:49:19.747264','2013-07-18 15:49:19.747269');
INSERT INTO "quiz_answer" VALUES(100,25,'It depends',0,1,'2013-07-18 15:49:19.747313','2013-07-18 15:49:19.747318');
INSERT INTO "quiz_answer" VALUES(101,26,'3 or more',1,1,'2013-07-18 15:49:19.906025','2013-07-18 15:49:19.906031');
INSERT INTO "quiz_answer" VALUES(102,26,'5 or more',0,1,'2013-07-18 15:49:19.906085','2013-07-18 15:49:19.906091');
INSERT INTO "quiz_answer" VALUES(103,26,'15',0,1,'2013-07-18 15:49:19.906143','2013-07-18 15:49:19.906149');
INSERT INTO "quiz_answer" VALUES(104,26,'It depends',0,1,'2013-07-18 15:49:19.906200','2013-07-18 15:49:19.906206');
INSERT INTO "quiz_answer" VALUES(105,27,'count(DepartmentID)',1,1,'2013-07-18 15:49:20.151460','2013-07-18 15:49:20.151466');
INSERT INTO "quiz_answer" VALUES(106,27,'count(*)',0,1,'2013-07-18 15:49:20.151513','2013-07-18 15:49:20.151518');
INSERT INTO "quiz_answer" VALUES(107,27,'count(1)',0,1,'2013-07-18 15:49:20.151563','2013-07-18 15:49:20.151568');
INSERT INTO "quiz_answer" VALUES(108,27,'count(null)',0,1,'2013-07-18 15:49:20.151612','2013-07-18 15:49:20.151617');
INSERT INTO "quiz_answer" VALUES(109,28,'SELECT DepartmentID, count(*) FROM Employee HAVING DepartmentID IS NOT NULL;',1,1,'2013-07-18 15:49:20.291128','2013-07-18 15:49:20.291134');
INSERT INTO "quiz_answer" VALUES(110,28,'SELECT DepartmentID, count(*) FROM Employee ORDER BY DepartmentID;',0,1,'2013-07-18 15:49:20.291180','2013-07-18 15:49:20.291185');
INSERT INTO "quiz_answer" VALUES(111,28,'SELECT DepartmentID, count(*) FROM Employee GROUP BY DepartmentID;',0,1,'2013-07-18 15:49:20.291229','2013-07-18 15:49:20.291235');
INSERT INTO "quiz_answer" VALUES(112,28,'SELECT DepartmentID, count(*) FROM Employee WHERE DepartmentID IS NOT NULL;',0,1,'2013-07-18 15:49:20.291279','2013-07-18 15:49:20.291284');
INSERT INTO "quiz_answer" VALUES(113,29,'SELECT * FROM Employee WHERE DepartmentID IS NULL;',1,1,'2013-07-18 15:49:20.589482','2013-07-18 15:49:20.589488');
INSERT INTO "quiz_answer" VALUES(114,29,'SELECT * FROM Employee WHERE DepartmentID = NULL;',0,1,'2013-07-18 15:49:20.589541','2013-07-18 15:49:20.589547');
INSERT INTO "quiz_answer" VALUES(115,29,'SELECT * FROM Employee WHERE DepartmentID EXISTS;',0,1,'2013-07-18 15:49:20.589600','2013-07-18 15:49:20.589606');
INSERT INTO "quiz_answer" VALUES(116,29,'SELECT * FROM Employee WHERE DepartmentID = 0;',0,1,'2013-07-18 15:49:20.589656','2013-07-18 15:49:20.589662');
INSERT INTO "quiz_answer" VALUES(117,30,'UNION ALL may return duplicate records',1,1,'2013-07-18 15:49:20.715586','2013-07-18 15:49:20.715592');
INSERT INTO "quiz_answer" VALUES(118,30,'They are the same, ALL is optional',0,1,'2013-07-18 15:49:20.715646','2013-07-18 15:49:20.715652');
INSERT INTO "quiz_answer" VALUES(119,30,'UNION ALL is incorrect syntax',0,1,'2013-07-18 15:49:20.715704','2013-07-18 15:49:20.715711');
INSERT INTO "quiz_answer" VALUES(120,30,'UNION is incorrect syntax',0,1,'2013-07-18 15:49:20.715762','2013-07-18 15:49:20.715768');
INSERT INTO "quiz_answer" VALUES(121,31,'Columns can be indexed.',1,1,'2013-07-18 15:49:20.808980','2013-07-18 15:49:20.808986');
INSERT INTO "quiz_answer" VALUES(122,31,'Data records always take less disk space in a database.',0,1,'2013-07-18 15:49:20.809032','2013-07-18 15:49:20.809038');
INSERT INTO "quiz_answer" VALUES(123,31,'Finding a data record is always faster using a database.',0,1,'2013-07-18 15:49:20.809082','2013-07-18 15:49:20.809087');
INSERT INTO "quiz_answer" VALUES(124,31,'Inserting a data record is always more efficient using a database.',0,1,'2013-07-18 15:49:20.809131','2013-07-18 15:49:20.809136');
INSERT INTO "quiz_answer" VALUES(125,32,'Oracle',1,1,'2013-07-18 15:49:20.957044','2013-07-18 15:49:20.957049');
INSERT INTO "quiz_answer" VALUES(126,32,'Sybase',0,1,'2013-07-18 15:49:20.957096','2013-07-18 15:49:20.957101');
INSERT INTO "quiz_answer" VALUES(127,32,'MySQL',0,1,'2013-07-18 15:49:20.957144','2013-07-18 15:49:20.957149');
INSERT INTO "quiz_answer" VALUES(128,32,'PostgreSQL',0,1,'2013-07-18 15:49:20.957193','2013-07-18 15:49:20.957198');
INSERT INTO "quiz_answer" VALUES(129,33,'SELECT d.DepartmentID, count(*) c FROM Department d JOIN Employee e ON d.DepartmentID = e.DepartmentID GROUP BY d.DepartmentID ORDER BY c DESC LIMIT 1;',1,1,'2013-07-18 15:49:21.083596','2013-07-18 15:49:21.083602');
INSERT INTO "quiz_answer" VALUES(130,33,'SELECT d.DepartmentID, count(*) c FROM Department d JOIN Employee e ON d.DepartmentID = e.DepartmentID GROUP BY DepartmentID ORDER BY c DESC LIMIT 1;',0,1,'2013-07-18 15:49:21.083656','2013-07-18 15:49:21.083662');
INSERT INTO "quiz_answer" VALUES(131,33,'SELECT DepartmentID, count(*) c FROM Department d JOIN Employee e ON d.DepartmentID = e.DepartmentID GROUP BY d.DepartmentID ORDER BY c DESC LIMIT 1;',0,1,'2013-07-18 15:49:21.083716','2013-07-18 15:49:21.083722');
INSERT INTO "quiz_answer" VALUES(132,33,'SELECT d.DepartmentID, count(null) c FROM Department d JOIN Employee e ON d.DepartmentID = e.DepartmentID GROUP BY d.DepartmentID HAVING c = MAX(c);',0,1,'2013-07-18 15:49:21.083772','2013-07-18 15:49:21.083778');
INSERT INTO "quiz_answer" VALUES(133,34,'SELECT SYSDATE FROM DUAL',1,1,'2013-07-18 15:49:21.215793','2013-07-18 15:49:21.215799');
INSERT INTO "quiz_answer" VALUES(134,34,'SELECT SYSDATE() FROM DUAL',0,1,'2013-07-18 15:49:21.215854','2013-07-18 15:49:21.215860');
INSERT INTO "quiz_answer" VALUES(135,34,'SELECT GETDATE',0,1,'2013-07-18 15:49:21.215912','2013-07-18 15:49:21.215918');
INSERT INTO "quiz_answer" VALUES(136,34,'SELECT GETDATE()',0,1,'2013-07-18 15:49:21.215970','2013-07-18 15:49:21.215976');
INSERT INTO "quiz_answer" VALUES(137,35,'SELECT GETDATE()',1,1,'2013-07-18 15:49:21.416612','2013-07-18 15:49:21.416619');
INSERT INTO "quiz_answer" VALUES(138,35,'SELECT SYSDATE FROM DUAL',0,1,'2013-07-18 15:49:21.416674','2013-07-18 15:49:21.416680');
INSERT INTO "quiz_answer" VALUES(139,35,'SELECT SYSDATE() FROM DUAL',0,1,'2013-07-18 15:49:21.416732','2013-07-18 15:49:21.416739');
INSERT INTO "quiz_answer" VALUES(140,35,'SELECT GETDATE',0,1,'2013-07-18 15:49:21.416790','2013-07-18 15:49:21.416797');
INSERT INTO "quiz_answer" VALUES(141,36,'Harddisk',1,1,'2013-07-18 15:49:21.547936','2013-07-18 15:49:21.547942');
INSERT INTO "quiz_answer" VALUES(142,36,'Memory',0,1,'2013-07-18 15:49:21.547989','2013-07-18 15:49:21.547994');
INSERT INTO "quiz_answer" VALUES(143,36,'Motherboard',0,1,'2013-07-18 15:49:21.548039','2013-07-18 15:49:21.548044');
INSERT INTO "quiz_answer" VALUES(144,36,'PSU',0,1,'2013-07-18 15:49:21.548089','2013-07-18 15:49:21.548094');
INSERT INTO "quiz_answer" VALUES(145,37,'4GB',1,1,'2013-07-18 15:49:21.624495','2013-07-18 15:49:21.624501');
INSERT INTO "quiz_answer" VALUES(146,37,'8GB',0,1,'2013-07-18 15:49:21.624547','2013-07-18 15:49:21.624553');
INSERT INTO "quiz_answer" VALUES(147,37,'2GB',0,1,'2013-07-18 15:49:21.624597','2013-07-18 15:49:21.624602');
INSERT INTO "quiz_answer" VALUES(148,37,'3GB',0,1,'2013-07-18 15:49:21.624646','2013-07-18 15:49:21.624651');
INSERT INTO "quiz_answer" VALUES(149,38,'A 64-bit processor is not compatible with 32-bit software.',1,1,'2013-07-18 15:49:21.732170','2013-07-18 15:49:21.732177');
INSERT INTO "quiz_answer" VALUES(150,38,'A 64-bit processor performs best with 64-bit software.',0,1,'2013-07-18 15:49:21.732231','2013-07-18 15:49:21.732237');
INSERT INTO "quiz_answer" VALUES(151,38,'A 32-bit processor is not compatible with 64-bit software.',0,1,'2013-07-18 15:49:21.732288','2013-07-18 15:49:21.732294');
INSERT INTO "quiz_answer" VALUES(152,38,'A 32-bit processor performs best with 32-bit software.',0,1,'2013-07-18 15:49:21.732344','2013-07-18 15:49:21.732350');
INSERT INTO "quiz_answer" VALUES(153,39,'GPU emphasizes executing many concurrent threads slowly',1,1,'2013-07-18 15:49:21.817682','2013-07-18 15:49:21.817688');
INSERT INTO "quiz_answer" VALUES(154,39,'GPU is faster than CPU',0,1,'2013-07-18 15:49:21.817735','2013-07-18 15:49:21.817740');
INSERT INTO "quiz_answer" VALUES(155,39,'CPU is faster than GPU',0,1,'2013-07-18 15:49:21.817786','2013-07-18 15:49:21.817791');
INSERT INTO "quiz_answer" VALUES(156,39,'GPU emphasizes executing a single thread very quickly',0,1,'2013-07-18 15:49:21.817835','2013-07-18 15:49:21.817840');
INSERT INTO "quiz_answer" VALUES(157,40,'SSD',1,1,'2013-07-18 15:49:21.977388','2013-07-18 15:49:21.977394');
INSERT INTO "quiz_answer" VALUES(158,40,'SATA',0,1,'2013-07-18 15:49:21.977441','2013-07-18 15:49:21.977446');
INSERT INTO "quiz_answer" VALUES(159,40,'SCSI',0,1,'2013-07-18 15:49:21.977490','2013-07-18 15:49:21.977495');
INSERT INTO "quiz_answer" VALUES(160,40,'iSCSI',0,1,'2013-07-18 15:49:21.977538','2013-07-18 15:49:21.977543');
INSERT INTO "quiz_answer" VALUES(161,41,'1',1,1,'2013-07-18 15:49:22.139327','2013-07-18 15:49:22.139333');
INSERT INTO "quiz_answer" VALUES(162,41,'0 (none)',0,1,'2013-07-18 15:49:22.139389','2013-07-18 15:49:22.139395');
INSERT INTO "quiz_answer" VALUES(163,41,'2',0,1,'2013-07-18 15:49:22.139447','2013-07-18 15:49:22.139453');
INSERT INTO "quiz_answer" VALUES(164,41,'3',0,1,'2013-07-18 15:49:22.139505','2013-07-18 15:49:22.139511');
INSERT INTO "quiz_answer" VALUES(165,42,'RAID 1',1,1,'2013-07-18 15:49:22.271484','2013-07-18 15:49:22.271490');
INSERT INTO "quiz_answer" VALUES(166,42,'RAID 0',0,1,'2013-07-18 15:49:22.271536','2013-07-18 15:49:22.271542');
INSERT INTO "quiz_answer" VALUES(167,42,'RAID 3',0,1,'2013-07-18 15:49:22.271585','2013-07-18 15:49:22.271590');
INSERT INTO "quiz_answer" VALUES(168,42,'RAID 5',0,1,'2013-07-18 15:49:22.271634','2013-07-18 15:49:22.271639');
INSERT INTO "quiz_answer" VALUES(169,43,'MINIX',1,1,'2013-07-18 15:49:22.389894','2013-07-18 15:49:22.389899');
INSERT INTO "quiz_answer" VALUES(170,43,'Mac OS X',0,1,'2013-07-18 15:49:22.389974','2013-07-18 15:49:22.389979');
INSERT INTO "quiz_answer" VALUES(171,43,'FreeBSD',0,1,'2013-07-18 15:49:22.390027','2013-07-18 15:49:22.390032');
INSERT INTO "quiz_answer" VALUES(172,43,'Solaris',0,1,'2013-07-18 15:49:22.390077','2013-07-18 15:49:22.390082');
INSERT INTO "quiz_answer" VALUES(173,44,'MINIX',1,1,'2013-07-18 15:49:22.466400','2013-07-18 15:49:22.466406');
INSERT INTO "quiz_answer" VALUES(174,44,'FreeBSD',0,1,'2013-07-18 15:49:22.466453','2013-07-18 15:49:22.466458');
INSERT INTO "quiz_answer" VALUES(175,44,'UNIX',0,1,'2013-07-18 15:49:22.466504','2013-07-18 15:49:22.466509');
INSERT INTO "quiz_answer" VALUES(176,44,'DOS',0,1,'2013-07-18 15:49:22.466552','2013-07-18 15:49:22.466557');
INSERT INTO "quiz_answer" VALUES(177,45,'Assembly',1,1,'2013-07-18 15:49:22.559877','2013-07-18 15:49:22.559884');
INSERT INTO "quiz_answer" VALUES(178,45,'B',0,1,'2013-07-18 15:49:22.559938','2013-07-18 15:49:22.559944');
INSERT INTO "quiz_answer" VALUES(179,45,'C',0,1,'2013-07-18 15:49:22.559995','2013-07-18 15:49:22.560001');
INSERT INTO "quiz_answer" VALUES(180,45,'Pascal',0,1,'2013-07-18 15:49:22.560053','2013-07-18 15:49:22.560059');
INSERT INTO "quiz_answer" VALUES(181,46,'sort < data.txt',1,1,'2013-07-18 15:49:22.788528','2013-07-18 15:49:22.788534');
INSERT INTO "quiz_answer" VALUES(182,46,'cat data.txt | sort',0,1,'2013-07-18 15:49:22.788581','2013-07-18 15:49:22.788586');
INSERT INTO "quiz_answer" VALUES(183,46,'sort data.txt',0,1,'2013-07-18 15:49:22.788631','2013-07-18 15:49:22.788636');
INSERT INTO "quiz_answer" VALUES(184,46,'sort data.txt &',0,1,'2013-07-18 15:49:22.788680','2013-07-18 15:49:22.788685');
INSERT INTO "quiz_answer" VALUES(185,47,'1234',1,1,'2013-07-18 15:49:22.874459','2013-07-18 15:49:22.874465');
INSERT INTO "quiz_answer" VALUES(186,47,'1000',0,1,'2013-07-18 15:49:22.874520','2013-07-18 15:49:22.874526');
INSERT INTO "quiz_answer" VALUES(187,47,'888',0,1,'2013-07-18 15:49:22.874578','2013-07-18 15:49:22.874584');
INSERT INTO "quiz_answer" VALUES(188,47,'1010',0,1,'2013-07-18 15:49:22.874635','2013-07-18 15:49:22.874641');
INSERT INTO "quiz_answer" VALUES(189,48,'Every 5th hour',1,1,'2013-07-18 15:49:22.983913','2013-07-18 15:49:22.983920');
INSERT INTO "quiz_answer" VALUES(190,48,'Every 5th minute',0,1,'2013-07-18 15:49:22.983974','2013-07-18 15:49:22.983980');
INSERT INTO "quiz_answer" VALUES(191,48,'Every 5th day',0,1,'2013-07-18 15:49:22.984033','2013-07-18 15:49:22.984039');
INSERT INTO "quiz_answer" VALUES(192,48,'At midnight',0,1,'2013-07-18 15:49:22.984092','2013-07-18 15:49:22.984098');
INSERT INTO "quiz_answer" VALUES(193,49,'$(cmd)',1,1,'2013-07-18 15:49:23.225397','2013-07-18 15:49:23.225403');
INSERT INTO "quiz_answer" VALUES(194,49,'eval cmd',0,1,'2013-07-18 15:49:23.225457','2013-07-18 15:49:23.225463');
INSERT INTO "quiz_answer" VALUES(195,49,'. cmd',0,1,'2013-07-18 15:49:23.225515','2013-07-18 15:49:23.225521');
INSERT INTO "quiz_answer" VALUES(196,49,'./cmd',0,1,'2013-07-18 15:49:23.225572','2013-07-18 15:49:23.225578');
INSERT INTO "quiz_answer" VALUES(197,50,'2',1,1,'2013-07-18 15:49:23.363817','2013-07-18 15:49:23.363824');
INSERT INTO "quiz_answer" VALUES(198,50,'1',0,1,'2013-07-18 15:49:23.363877','2013-07-18 15:49:23.363883');
INSERT INTO "quiz_answer" VALUES(199,50,'0',0,1,'2013-07-18 15:49:23.363935','2013-07-18 15:49:23.363941');
INSERT INTO "quiz_answer" VALUES(200,50,'-1',0,1,'2013-07-18 15:49:23.363992','2013-07-18 15:49:23.363998');
INSERT INTO "quiz_answer" VALUES(201,51,'PS1',1,1,'2013-07-18 15:49:23.440402','2013-07-18 15:49:23.440408');
INSERT INTO "quiz_answer" VALUES(202,51,'PS2',0,1,'2013-07-18 15:49:23.440454','2013-07-18 15:49:23.440459');
INSERT INTO "quiz_answer" VALUES(203,51,'PROMPT',0,1,'2013-07-18 15:49:23.440505','2013-07-18 15:49:23.440510');
INSERT INTO "quiz_answer" VALUES(204,51,'DISPLAY',0,1,'2013-07-18 15:49:23.440555','2013-07-18 15:49:23.440560');
INSERT INTO "quiz_answer" VALUES(205,52,'2nd',1,1,'2013-07-18 15:49:23.580771','2013-07-18 15:49:23.580777');
INSERT INTO "quiz_answer" VALUES(206,52,'1st',0,1,'2013-07-18 15:49:23.580823','2013-07-18 15:49:23.580828');
INSERT INTO "quiz_answer" VALUES(207,52,'3rd',0,1,'2013-07-18 15:49:23.580872','2013-07-18 15:49:23.580877');
INSERT INTO "quiz_answer" VALUES(208,52,'4th',0,1,'2013-07-18 15:49:23.580921','2013-07-18 15:49:23.580926');
INSERT INTO "quiz_answer" VALUES(209,53,'/etc/hosts.allow',1,1,'2013-07-18 15:49:23.698657','2013-07-18 15:49:23.698664');
INSERT INTO "quiz_answer" VALUES(210,53,'/etc/hosts_access',0,1,'2013-07-18 15:49:23.698720','2013-07-18 15:49:23.698726');
INSERT INTO "quiz_answer" VALUES(211,53,'/etc/hosts',0,1,'2013-07-18 15:49:23.698781','2013-07-18 15:49:23.698787');
INSERT INTO "quiz_answer" VALUES(212,53,'/etc/host.conf',0,1,'2013-07-18 15:49:23.698838','2013-07-18 15:49:23.698844');
INSERT INTO "quiz_answer" VALUES(213,54,'/etc/services',1,1,'2013-07-18 15:49:23.775962','2013-07-18 15:49:23.775968');
INSERT INTO "quiz_answer" VALUES(214,54,'/etc/ports',0,1,'2013-07-18 15:49:23.776015','2013-07-18 15:49:23.776020');
INSERT INTO "quiz_answer" VALUES(215,54,'/etc/hosts',0,1,'2013-07-18 15:49:23.776066','2013-07-18 15:49:23.776071');
INSERT INTO "quiz_answer" VALUES(216,54,'/etc/named.conf',0,1,'2013-07-18 15:49:23.776116','2013-07-18 15:49:23.776121');
INSERT INTO "quiz_answer" VALUES(217,55,'ls | perl -e ''m/tmp/ && print;''',1,1,'2013-07-18 15:49:23.972912','2013-07-18 15:49:23.972917');
INSERT INTO "quiz_answer" VALUES(218,55,'ls | sed -n /tmp/p',0,1,'2013-07-18 15:49:23.972963','2013-07-18 15:49:23.972969');
INSERT INTO "quiz_answer" VALUES(219,55,'ls | grep tmp',0,1,'2013-07-18 15:49:23.973013','2013-07-18 15:49:23.973019');
INSERT INTO "quiz_answer" VALUES(220,55,'ls | awk ''/tmp/ {print}''',0,1,'2013-07-18 15:49:23.973063','2013-07-18 15:49:23.973068');
INSERT INTO "quiz_answer" VALUES(221,56,'tar cf /tmp/apache.tar -C /opt apache',1,1,'2013-07-18 15:49:24.105237','2013-07-18 15:49:24.105244');
INSERT INTO "quiz_answer" VALUES(222,56,'tar cf /tmp/apache.tar -C /opt/apache',0,1,'2013-07-18 15:49:24.105298','2013-07-18 15:49:24.105304');
INSERT INTO "quiz_answer" VALUES(223,56,'tar cf /opt/apache/* > /tmp/apache.tar',0,1,'2013-07-18 15:49:24.105355','2013-07-18 15:49:24.105361');
INSERT INTO "quiz_answer" VALUES(224,56,'tar c /opt/apache/* | gzip -d > /tmp/apache.tar',0,1,'2013-07-18 15:49:24.105412','2013-07-18 15:49:24.105418');
INSERT INTO "quiz_answer" VALUES(225,57,'Debian',1,1,'2013-07-18 15:49:24.221510','2013-07-18 15:49:24.221517');
INSERT INTO "quiz_answer" VALUES(226,57,'Mint',0,1,'2013-07-18 15:49:24.221570','2013-07-18 15:49:24.221577');
INSERT INTO "quiz_answer" VALUES(227,57,'Ubuntu',0,1,'2013-07-18 15:49:24.221628','2013-07-18 15:49:24.221634');
INSERT INTO "quiz_answer" VALUES(228,57,'Knoppix',0,1,'2013-07-18 15:49:24.221684','2013-07-18 15:49:24.221690');
INSERT INTO "quiz_answer" VALUES(229,58,'iptables',1,1,'2013-07-18 15:49:24.298589','2013-07-18 15:49:24.298595');
INSERT INTO "quiz_answer" VALUES(230,58,'ipconfig',0,1,'2013-07-18 15:49:24.298641','2013-07-18 15:49:24.298646');
INSERT INTO "quiz_answer" VALUES(231,58,'ifconfig',0,1,'2013-07-18 15:49:24.298692','2013-07-18 15:49:24.298697');
INSERT INTO "quiz_answer" VALUES(232,58,'netstat',0,1,'2013-07-18 15:49:24.298739','2013-07-18 15:49:24.298745');
INSERT INTO "quiz_answer" VALUES(233,59,'LOGNAME',1,1,'2013-07-18 15:49:24.384430','2013-07-18 15:49:24.384436');
INSERT INTO "quiz_answer" VALUES(234,59,'PWD',0,1,'2013-07-18 15:49:24.384483','2013-07-18 15:49:24.384488');
INSERT INTO "quiz_answer" VALUES(235,59,'HOME',0,1,'2013-07-18 15:49:24.384532','2013-07-18 15:49:24.384538');
INSERT INTO "quiz_answer" VALUES(236,59,'SHELL',0,1,'2013-07-18 15:49:24.384581','2013-07-18 15:49:24.384586');
INSERT INTO "quiz_answer" VALUES(237,60,'/etc/inittab',1,1,'2013-07-18 15:49:24.595752','2013-07-18 15:49:24.595759');
INSERT INTO "quiz_answer" VALUES(238,60,'/etc/virttab',0,1,'2013-07-18 15:49:24.595813','2013-07-18 15:49:24.595819');
INSERT INTO "quiz_answer" VALUES(239,60,'/etc/fstab',0,1,'2013-07-18 15:49:24.595870','2013-07-18 15:49:24.595876');
INSERT INTO "quiz_answer" VALUES(240,60,'/etc/mtab',0,1,'2013-07-18 15:49:24.595927','2013-07-18 15:49:24.595933');
INSERT INTO "quiz_answer" VALUES(241,61,'Password',1,1,'2013-07-18 15:49:24.729678','2013-07-18 15:49:24.729684');
INSERT INTO "quiz_answer" VALUES(242,61,'Username',0,1,'2013-07-18 15:49:24.729732','2013-07-18 15:49:24.729738');
INSERT INTO "quiz_answer" VALUES(243,61,'Shell',0,1,'2013-07-18 15:49:24.729783','2013-07-18 15:49:24.729788');
INSERT INTO "quiz_answer" VALUES(244,61,'Home directory',0,1,'2013-07-18 15:49:24.729833','2013-07-18 15:49:24.729839');
INSERT INTO "quiz_answer" VALUES(245,62,'2',1,1,'2013-07-18 15:49:24.854897','2013-07-18 15:49:24.854904');
INSERT INTO "quiz_answer" VALUES(246,62,'S',0,1,'2013-07-18 15:49:24.854959','2013-07-18 15:49:24.854965');
INSERT INTO "quiz_answer" VALUES(247,62,'1',0,1,'2013-07-18 15:49:24.855018','2013-07-18 15:49:24.855024');
INSERT INTO "quiz_answer" VALUES(248,62,'6',0,1,'2013-07-18 15:49:24.855075','2013-07-18 15:49:24.855081');
INSERT INTO "quiz_answer" VALUES(249,63,'init',1,1,'2013-07-18 15:49:24.941766','2013-07-18 15:49:24.941774');
INSERT INTO "quiz_answer" VALUES(250,63,'kernel',0,1,'2013-07-18 15:49:24.941828','2013-07-18 15:49:24.941835');
INSERT INTO "quiz_answer" VALUES(251,63,'root',0,1,'2013-07-18 15:49:24.941898','2013-07-18 15:49:24.941905');
INSERT INTO "quiz_answer" VALUES(252,63,'launchd',0,1,'2013-07-18 15:49:24.941957','2013-07-18 15:49:24.941963');
INSERT INTO "quiz_answer" VALUES(253,64,'9 KILL',1,1,'2013-07-18 15:49:25.025411','2013-07-18 15:49:25.025418');
INSERT INTO "quiz_answer" VALUES(254,64,'3 QUIT',0,1,'2013-07-18 15:49:25.025471','2013-07-18 15:49:25.025477');
INSERT INTO "quiz_answer" VALUES(255,64,'6 ABRT',0,1,'2013-07-18 15:49:25.025530','2013-07-18 15:49:25.025536');
INSERT INTO "quiz_answer" VALUES(256,64,'15 TERM',0,1,'2013-07-18 15:49:25.025588','2013-07-18 15:49:25.025594');
INSERT INTO "quiz_answer" VALUES(257,65,'Path to a program to view man pages',1,1,'2013-07-18 15:49:25.170882','2013-07-18 15:49:25.170887');
INSERT INTO "quiz_answer" VALUES(258,65,'Path to a program to generate beeps',0,1,'2013-07-18 15:49:25.170934','2013-07-18 15:49:25.170940');
INSERT INTO "quiz_answer" VALUES(259,65,'Path to the default document viewer',0,1,'2013-07-18 15:49:25.170985','2013-07-18 15:49:25.170990');
INSERT INTO "quiz_answer" VALUES(260,65,'Enable or disable the system beep',0,1,'2013-07-18 15:49:25.171034','2013-07-18 15:49:25.171039');
INSERT INTO "quiz_answer" VALUES(261,66,'dirs',1,1,'2013-07-18 15:49:25.328561','2013-07-18 15:49:25.328568');
INSERT INTO "quiz_answer" VALUES(262,66,'ls',0,1,'2013-07-18 15:49:25.328621','2013-07-18 15:49:25.328628');
INSERT INTO "quiz_answer" VALUES(263,66,'tree',0,1,'2013-07-18 15:49:25.328679','2013-07-18 15:49:25.328685');
INSERT INTO "quiz_answer" VALUES(264,66,'echo',0,1,'2013-07-18 15:49:25.328736','2013-07-18 15:49:25.328742');
INSERT INTO "quiz_answer" VALUES(265,67,'groff',1,1,'2013-07-18 15:49:25.594592','2013-07-18 15:49:25.594598');
INSERT INTO "quiz_answer" VALUES(266,67,'telnet',0,1,'2013-07-18 15:49:25.594644','2013-07-18 15:49:25.594649');
INSERT INTO "quiz_answer" VALUES(267,67,'mailx',0,1,'2013-07-18 15:49:25.594694','2013-07-18 15:49:25.594699');
INSERT INTO "quiz_answer" VALUES(268,67,'mutt',0,1,'2013-07-18 15:49:25.594743','2013-07-18 15:49:25.594748');
INSERT INTO "quiz_answer" VALUES(269,68,'kill',1,1,'2013-07-18 15:49:25.655138','2013-07-18 15:49:25.655143');
INSERT INTO "quiz_answer" VALUES(270,68,'netstat',0,1,'2013-07-18 15:49:25.655190','2013-07-18 15:49:25.655195');
INSERT INTO "quiz_answer" VALUES(271,68,'top',0,1,'2013-07-18 15:49:25.655239','2013-07-18 15:49:25.655244');
INSERT INTO "quiz_answer" VALUES(272,68,'lsof',0,1,'2013-07-18 15:49:25.655287','2013-07-18 15:49:25.655292');
INSERT INTO "quiz_answer" VALUES(273,69,'21',1,1,'2013-07-18 15:49:25.771445','2013-07-18 15:49:25.771452');
INSERT INTO "quiz_answer" VALUES(274,69,'20',0,1,'2013-07-18 15:49:25.771506','2013-07-18 15:49:25.771512');
INSERT INTO "quiz_answer" VALUES(275,69,'25',0,1,'2013-07-18 15:49:25.771563','2013-07-18 15:49:25.771569');
INSERT INTO "quiz_answer" VALUES(276,69,'8080',0,1,'2013-07-18 15:49:25.771621','2013-07-18 15:49:25.771627');
INSERT INTO "quiz_answer" VALUES(277,70,'ACCEPT',1,1,'2013-07-18 15:49:25.849091','2013-07-18 15:49:25.849097');
INSERT INTO "quiz_answer" VALUES(278,70,'INPUT',0,1,'2013-07-18 15:49:25.849152','2013-07-18 15:49:25.849158');
INSERT INTO "quiz_answer" VALUES(279,70,'OUTPUT',0,1,'2013-07-18 15:49:25.849210','2013-07-18 15:49:25.849216');
INSERT INTO "quiz_answer" VALUES(280,70,'FORWARD',0,1,'2013-07-18 15:49:25.849267','2013-07-18 15:49:25.849273');
INSERT INTO "quiz_answer" VALUES(281,71,'/etc/resolv.conf',1,1,'2013-07-18 15:49:26.077078','2013-07-18 15:49:26.077084');
INSERT INTO "quiz_answer" VALUES(282,71,'/etc/hosts',0,1,'2013-07-18 15:49:26.077138','2013-07-18 15:49:26.077144');
INSERT INTO "quiz_answer" VALUES(283,71,'/etc/rc.common',0,1,'2013-07-18 15:49:26.077197','2013-07-18 15:49:26.077203');
INSERT INTO "quiz_answer" VALUES(284,71,'/etc/bashrc',0,1,'2013-07-18 15:49:26.077255','2013-07-18 15:49:26.077261');
INSERT INTO "quiz_answer" VALUES(285,72,'name server configuration',1,1,'2013-07-18 15:49:26.186733','2013-07-18 15:49:26.186739');
INSERT INTO "quiz_answer" VALUES(286,72,'route configuration',0,1,'2013-07-18 15:49:26.186794','2013-07-18 15:49:26.186801');
INSERT INTO "quiz_answer" VALUES(287,72,'IP address configuration',0,1,'2013-07-18 15:49:26.186854','2013-07-18 15:49:26.186860');
INSERT INTO "quiz_answer" VALUES(288,72,'netmask configuration',0,1,'2013-07-18 15:49:26.186912','2013-07-18 15:49:26.186918');
INSERT INTO "quiz_answer" VALUES(289,73,'route',1,1,'2013-07-18 15:49:26.303902','2013-07-18 15:49:26.303908');
INSERT INTO "quiz_answer" VALUES(290,73,'ifconfig',0,1,'2013-07-18 15:49:26.303956','2013-07-18 15:49:26.303961');
INSERT INTO "quiz_answer" VALUES(291,73,'iptables',0,1,'2013-07-18 15:49:26.304006','2013-07-18 15:49:26.304012');
INSERT INTO "quiz_answer" VALUES(292,73,'ping',0,1,'2013-07-18 15:49:26.304056','2013-07-18 15:49:26.304061');
INSERT INTO "quiz_answer" VALUES(293,74,'telnet localhost 1234',1,1,'2013-07-18 15:49:26.381016','2013-07-18 15:49:26.381022');
INSERT INTO "quiz_answer" VALUES(294,74,'ping localhost 1234',0,1,'2013-07-18 15:49:26.381077','2013-07-18 15:49:26.381083');
INSERT INTO "quiz_answer" VALUES(295,74,'telnet 1234',0,1,'2013-07-18 15:49:26.381134','2013-07-18 15:49:26.381140');
INSERT INTO "quiz_answer" VALUES(296,74,'netstat -p 1234',0,1,'2013-07-18 15:49:26.381191','2013-07-18 15:49:26.381197');
INSERT INTO "quiz_answer" VALUES(297,75,'The local PC is on a NAT',1,1,'2013-07-18 15:49:26.523917','2013-07-18 15:49:26.523922');
INSERT INTO "quiz_answer" VALUES(298,75,'The nameserver has crashed',0,1,'2013-07-18 15:49:26.523969','2013-07-18 15:49:26.523974');
INSERT INTO "quiz_answer" VALUES(299,75,'The firewall is blocking all ICMP packets',0,1,'2013-07-18 15:49:26.524018','2013-07-18 15:49:26.524023');
INSERT INTO "quiz_answer" VALUES(300,75,'There is no route from the local PC to google.com',0,1,'2013-07-18 15:49:26.524066','2013-07-18 15:49:26.524071');
INSERT INTO "quiz_answer" VALUES(301,76,'When you only need to traverse elements from the beginning',1,1,'2013-07-18 15:49:26.683937','2013-07-18 15:49:26.683944');
INSERT INTO "quiz_answer" VALUES(302,76,'LinkedList is more efficient than ArrayList in most practical cases',0,1,'2013-07-18 15:49:26.683997','2013-07-18 15:49:26.684003');
INSERT INTO "quiz_answer" VALUES(303,76,'LinkedList uses a hashmap internally',0,1,'2013-07-18 15:49:26.684055','2013-07-18 15:49:26.684061');
INSERT INTO "quiz_answer" VALUES(304,76,'I can access any element in a LinkedList very fast',0,1,'2013-07-18 15:49:26.684113','2013-07-18 15:49:26.684119');
INSERT INTO "quiz_answer" VALUES(305,77,'Accessing elements by index is faster',1,1,'2013-07-18 15:49:26.829368','2013-07-18 15:49:26.829375');
INSERT INTO "quiz_answer" VALUES(306,77,'Traversal of elements from start to end is faster',0,1,'2013-07-18 15:49:26.829430','2013-07-18 15:49:26.829436');
INSERT INTO "quiz_answer" VALUES(307,77,'ArrayList uses less memory than a LinkedList',0,1,'2013-07-18 15:49:26.829489','2013-07-18 15:49:26.829495');
INSERT INTO "quiz_answer" VALUES(308,77,'Removing an element in the middle of the list is faster',0,1,'2013-07-18 15:49:26.829552','2013-07-18 15:49:26.829559');
INSERT INTO "quiz_answer" VALUES(309,78,'Interprocess communication',1,1,'2013-07-18 15:49:26.931085','2013-07-18 15:49:26.931092');
INSERT INTO "quiz_answer" VALUES(310,78,'Memory management',0,1,'2013-07-18 15:49:26.931146','2013-07-18 15:49:26.931152');
INSERT INTO "quiz_answer" VALUES(311,78,'Schedule management',0,1,'2013-07-18 15:49:26.931204','2013-07-18 15:49:26.931210');
INSERT INTO "quiz_answer" VALUES(312,78,'Data encryption',0,1,'2013-07-18 15:49:26.931261','2013-07-18 15:49:26.931267');
INSERT INTO "quiz_answer" VALUES(313,79,'Detect accidental changes to raw data',1,1,'2013-07-18 15:49:27.023884','2013-07-18 15:49:27.023889');
INSERT INTO "quiz_answer" VALUES(314,79,'Encrypt data',0,1,'2013-07-18 15:49:27.023935','2013-07-18 15:49:27.023941');
INSERT INTO "quiz_answer" VALUES(315,79,'Serialize data',0,1,'2013-07-18 15:49:27.023986','2013-07-18 15:49:27.023991');
INSERT INTO "quiz_answer" VALUES(316,79,'Compress data',0,1,'2013-07-18 15:49:27.024035','2013-07-18 15:49:27.024040');
INSERT INTO "quiz_answer" VALUES(317,80,'int main(int argc, char **argv)',1,1,'2013-07-18 15:49:27.178925','2013-07-18 15:49:27.178932');
INSERT INTO "quiz_answer" VALUES(318,80,'void main(int argc, char **argv)',0,1,'2013-07-18 15:49:27.178986','2013-07-18 15:49:27.178992');
INSERT INTO "quiz_answer" VALUES(319,80,'void main(int argc)',0,1,'2013-07-18 15:49:27.179044','2013-07-18 15:49:27.179049');
INSERT INTO "quiz_answer" VALUES(320,80,'int main()',0,1,'2013-07-18 15:49:27.179100','2013-07-18 15:49:27.179106');
INSERT INTO "quiz_answer" VALUES(321,81,'foo.bar',1,1,'2013-07-18 15:49:27.256223','2013-07-18 15:49:27.256230');
INSERT INTO "quiz_answer" VALUES(322,81,'foo?bar',0,1,'2013-07-18 15:49:27.256284','2013-07-18 15:49:27.256291');
INSERT INTO "quiz_answer" VALUES(323,81,'foo*bar',0,1,'2013-07-18 15:49:27.256344','2013-07-18 15:49:27.256350');
INSERT INTO "quiz_answer" VALUES(324,81,'foo+bar',0,1,'2013-07-18 15:49:27.256402','2013-07-18 15:49:27.256407');
INSERT INTO "quiz_answer" VALUES(325,82,'printf("%s\n", *(argv + 0));',1,1,'2013-07-18 15:49:27.338591','2013-07-18 15:49:27.338598');
INSERT INTO "quiz_answer" VALUES(326,82,'printf("%s\n", &argv[0]);',0,1,'2013-07-18 15:49:27.338653','2013-07-18 15:49:27.338659');
INSERT INTO "quiz_answer" VALUES(327,82,'printf("%s\n", &argv);',0,1,'2013-07-18 15:49:27.338711','2013-07-18 15:49:27.338717');
INSERT INTO "quiz_answer" VALUES(328,82,'printf("%s\n", argv);',0,1,'2013-07-18 15:49:27.338768','2013-07-18 15:49:27.338774');
INSERT INTO "quiz_answer" VALUES(329,83,'(?<=pattern)',1,1,'2013-07-18 15:49:27.479193','2013-07-18 15:49:27.479200');
INSERT INTO "quiz_answer" VALUES(330,83,'(?=pattern)',0,1,'2013-07-18 15:49:27.479254','2013-07-18 15:49:27.479261');
INSERT INTO "quiz_answer" VALUES(331,83,'(?!pattern)',0,1,'2013-07-18 15:49:27.479312','2013-07-18 15:49:27.479319');
INSERT INTO "quiz_answer" VALUES(332,83,'(?<!pattern)',0,1,'2013-07-18 15:49:27.479370','2013-07-18 15:49:27.479376');
INSERT INTO "quiz_answer" VALUES(333,84,'C++',1,1,'2013-07-18 15:49:27.710092','2013-07-18 15:49:27.710099');
INSERT INTO "quiz_answer" VALUES(334,84,'R',0,1,'2013-07-18 15:49:27.710153','2013-07-18 15:49:27.710160');
INSERT INTO "quiz_answer" VALUES(335,84,'Scheme',0,1,'2013-07-18 15:49:27.710212','2013-07-18 15:49:27.710218');
INSERT INTO "quiz_answer" VALUES(336,84,'Scala',0,1,'2013-07-18 15:49:27.710270','2013-07-18 15:49:27.710276');
INSERT INTO "quiz_answer" VALUES(337,85,'Haskell',1,1,'2013-07-18 15:49:27.813032','2013-07-18 15:49:27.813038');
INSERT INTO "quiz_answer" VALUES(338,85,'C',0,1,'2013-07-18 15:49:27.813084','2013-07-18 15:49:27.813089');
INSERT INTO "quiz_answer" VALUES(339,85,'Java',0,1,'2013-07-18 15:49:27.813133','2013-07-18 15:49:27.813138');
INSERT INTO "quiz_answer" VALUES(340,85,'MATLAB',0,1,'2013-07-18 15:49:27.813182','2013-07-18 15:49:27.813186');
INSERT INTO "quiz_answer" VALUES(341,86,'Too deep recursion when using a recursive function',1,1,'2013-07-18 15:49:27.898657','2013-07-18 15:49:27.898664');
INSERT INTO "quiz_answer" VALUES(342,86,'Trying to access an array element by an index beyond the end of the array',0,1,'2013-07-18 15:49:27.898718','2013-07-18 15:49:27.898724');
INSERT INTO "quiz_answer" VALUES(343,86,'Trying to access an array element by a negative index',0,1,'2013-07-18 15:49:27.898776','2013-07-18 15:49:27.898782');
INSERT INTO "quiz_answer" VALUES(344,86,'The stack size limit is not set to unlimited in your system',0,1,'2013-07-18 15:49:27.898833','2013-07-18 15:49:27.898839');
INSERT INTO "quiz_answer" VALUES(345,87,'Code calling static methods is hard to test',1,1,'2013-07-18 15:49:28.078554','2013-07-18 15:49:28.078561');
INSERT INTO "quiz_answer" VALUES(346,87,'Static methods are hard to test',0,1,'2013-07-18 15:49:28.078616','2013-07-18 15:49:28.078623');
INSERT INTO "quiz_answer" VALUES(347,87,'Static methods don''t require an instance of the class',0,1,'2013-07-18 15:49:28.078676','2013-07-18 15:49:28.078682');
INSERT INTO "quiz_answer" VALUES(348,87,'Static methods cannot access the data of instances',0,1,'2013-07-18 15:49:28.078732','2013-07-18 15:49:28.078738');
INSERT INTO "quiz_answer" VALUES(349,88,'Positive look-ahead assertion',1,1,'2013-07-18 15:49:28.155794','2013-07-18 15:49:28.155799');
INSERT INTO "quiz_answer" VALUES(350,88,'Negative look-ahead assertion',0,1,'2013-07-18 15:49:28.155846','2013-07-18 15:49:28.155851');
INSERT INTO "quiz_answer" VALUES(351,88,'Positive look-behind assertion',0,1,'2013-07-18 15:49:28.155896','2013-07-18 15:49:28.155901');
INSERT INTO "quiz_answer" VALUES(352,88,'Negative look-behind assertion',0,1,'2013-07-18 15:49:28.155944','2013-07-18 15:49:28.155950');
INSERT INTO "quiz_answer" VALUES(353,89,'tr A-Z a-z < input.txt > output.txt',1,1,'2013-07-18 15:49:28.248185','2013-07-18 15:49:28.248191');
INSERT INTO "quiz_answer" VALUES(354,89,'tr A-Z a-z input.txt output.txt',0,1,'2013-07-18 15:49:28.248238','2013-07-18 15:49:28.248244');
INSERT INTO "quiz_answer" VALUES(355,89,'tr A-Z a-z input.txt > output.txt',0,1,'2013-07-18 15:49:28.248289','2013-07-18 15:49:28.248294');
INSERT INTO "quiz_answer" VALUES(356,89,'tr A-Z a-z < input.txt output.txt',0,1,'2013-07-18 15:49:28.248339','2013-07-18 15:49:28.248344');
INSERT INTO "quiz_answer" VALUES(357,90,'find dir -type f -exec mv "{}" "{}".bak \;',1,1,'2013-07-18 15:49:28.475894','2013-07-18 15:49:28.475899');
INSERT INTO "quiz_answer" VALUES(358,90,'find dir -type f -exec mv "{}" "{}".bak ;',0,1,'2013-07-18 15:49:28.475947','2013-07-18 15:49:28.475952');
INSERT INTO "quiz_answer" VALUES(359,90,'find dir -type f -exec mv "{}" "{}".bak',0,1,'2013-07-18 15:49:28.475998','2013-07-18 15:49:28.476003');
INSERT INTO "quiz_answer" VALUES(360,90,'find dir -type f -exec mv "{}" "{}".bak +',0,1,'2013-07-18 15:49:28.476047','2013-07-18 15:49:28.476053');
INSERT INTO "quiz_answer" VALUES(361,91,'bash',1,1,'2013-07-18 15:49:28.602733','2013-07-18 15:49:28.602740');
INSERT INTO "quiz_answer" VALUES(362,91,'perl',0,1,'2013-07-18 15:49:28.602795','2013-07-18 15:49:28.602801');
INSERT INTO "quiz_answer" VALUES(363,91,'python',0,1,'2013-07-18 15:49:28.602855','2013-07-18 15:49:28.602861');
INSERT INTO "quiz_answer" VALUES(364,91,'DOS',0,1,'2013-07-18 15:49:28.602913','2013-07-18 15:49:28.602919');
INSERT INTO "quiz_answer" VALUES(365,92,'/etc/profile',1,1,'2013-07-18 15:49:28.679650','2013-07-18 15:49:28.679657');
INSERT INTO "quiz_answer" VALUES(366,92,'/etc/bash_profile',0,1,'2013-07-18 15:49:28.679712','2013-07-18 15:49:28.679719');
INSERT INTO "quiz_answer" VALUES(367,92,'~/.bash_profile',0,1,'2013-07-18 15:49:28.679772','2013-07-18 15:49:28.679778');
INSERT INTO "quiz_answer" VALUES(368,92,'~/.profile',0,1,'2013-07-18 15:49:28.679829','2013-07-18 15:49:28.679836');
INSERT INTO "quiz_answer" VALUES(369,93,'2',1,1,'2013-07-18 15:49:28.757214','2013-07-18 15:49:28.757221');
INSERT INTO "quiz_answer" VALUES(370,93,'1',0,1,'2013-07-18 15:49:28.757276','2013-07-18 15:49:28.757282');
INSERT INTO "quiz_answer" VALUES(371,93,'0',0,1,'2013-07-18 15:49:28.757334','2013-07-18 15:49:28.757340');
INSERT INTO "quiz_answer" VALUES(372,93,'3',0,1,'2013-07-18 15:49:28.757393','2013-07-18 15:49:28.757399');
INSERT INTO "quiz_answer" VALUES(373,94,'3',1,1,'2013-07-18 15:49:28.956703','2013-07-18 15:49:28.956709');
INSERT INTO "quiz_answer" VALUES(374,94,'0',0,1,'2013-07-18 15:49:28.956765','2013-07-18 15:49:28.956771');
INSERT INTO "quiz_answer" VALUES(375,94,'9',0,1,'2013-07-18 15:49:28.956823','2013-07-18 15:49:28.956830');
INSERT INTO "quiz_answer" VALUES(376,94,'6',0,1,'2013-07-18 15:49:28.956881','2013-07-18 15:49:28.956887');
INSERT INTO "quiz_answer" VALUES(377,95,'two',1,1,'2013-07-18 15:49:29.028921','2013-07-18 15:49:29.028928');
INSERT INTO "quiz_answer" VALUES(378,95,'one',0,1,'2013-07-18 15:49:29.028983','2013-07-18 15:49:29.028989');
INSERT INTO "quiz_answer" VALUES(379,95,'3 lines: hello, one, two',0,1,'2013-07-18 15:49:29.029042','2013-07-18 15:49:29.029048');
INSERT INTO "quiz_answer" VALUES(380,95,'hello',0,1,'2013-07-18 15:49:29.029101','2013-07-18 15:49:29.029107');
INSERT INTO "quiz_answer" VALUES(381,96,'somecmd >file.out 2>&1',1,1,'2013-07-18 15:49:29.106502','2013-07-18 15:49:29.106508');
INSERT INTO "quiz_answer" VALUES(382,96,'somecmd >file.out 2>>&1',0,1,'2013-07-18 15:49:29.106564','2013-07-18 15:49:29.106570');
INSERT INTO "quiz_answer" VALUES(383,96,'somecmd 2>&1 >file.out',0,1,'2013-07-18 15:49:29.106623','2013-07-18 15:49:29.106629');
INSERT INTO "quiz_answer" VALUES(384,96,'somecmd 2>&1 >>file.out',0,1,'2013-07-18 15:49:29.106682','2013-07-18 15:49:29.106688');
INSERT INTO "quiz_answer" VALUES(385,97,'strncpy',1,1,'2013-07-18 15:49:29.232696','2013-07-18 15:49:29.232702');
INSERT INTO "quiz_answer" VALUES(386,97,'strcpy',0,1,'2013-07-18 15:49:29.232756','2013-07-18 15:49:29.232762');
INSERT INTO "quiz_answer" VALUES(387,97,'gets',0,1,'2013-07-18 15:49:29.232814','2013-07-18 15:49:29.232820');
INSERT INTO "quiz_answer" VALUES(388,97,'scanf',0,1,'2013-07-18 15:49:29.232872','2013-07-18 15:49:29.232878');
INSERT INTO "quiz_answer" VALUES(389,98,'Public key authentication',1,1,'2013-07-18 15:49:29.385731','2013-07-18 15:49:29.385738');
INSERT INTO "quiz_answer" VALUES(390,98,'HTTP+HTML form-based authentication',0,1,'2013-07-18 15:49:29.385792','2013-07-18 15:49:29.385797');
INSERT INTO "quiz_answer" VALUES(391,98,'Basic access authentication',0,1,'2013-07-18 15:49:29.385850','2013-07-18 15:49:29.385855');
INSERT INTO "quiz_answer" VALUES(392,98,'Digest access authentication',0,1,'2013-07-18 15:49:29.385945','2013-07-18 15:49:29.385951');
INSERT INTO "quiz_answer" VALUES(393,99,'man in the middle',1,1,'2013-07-18 15:49:29.463266','2013-07-18 15:49:29.463272');
INSERT INTO "quiz_answer" VALUES(394,99,'dns poisoning',0,1,'2013-07-18 15:49:29.463319','2013-07-18 15:49:29.463324');
INSERT INTO "quiz_answer" VALUES(395,99,'cross site scripting',0,1,'2013-07-18 15:49:29.463371','2013-07-18 15:49:29.463376');
INSERT INTO "quiz_answer" VALUES(396,99,'sql injection',0,1,'2013-07-18 15:49:29.463421','2013-07-18 15:49:29.463426');
INSERT INTO "quiz_answer" VALUES(397,100,'0600',1,1,'2013-07-18 15:49:29.556292','2013-07-18 15:49:29.556299');
INSERT INTO "quiz_answer" VALUES(398,100,'0655',0,1,'2013-07-18 15:49:29.556353','2013-07-18 15:49:29.556359');
INSERT INTO "quiz_answer" VALUES(399,100,'0644',0,1,'2013-07-18 15:49:29.556410','2013-07-18 15:49:29.556416');
INSERT INTO "quiz_answer" VALUES(400,100,'0640',0,1,'2013-07-18 15:49:29.556466','2013-07-18 15:49:29.556472');
INSERT INTO "quiz_answer" VALUES(401,101,'FTP',1,1,'2013-07-18 15:49:29.726834','2013-07-18 15:49:29.726840');
INSERT INTO "quiz_answer" VALUES(402,101,'SFTP',0,1,'2013-07-18 15:49:29.726895','2013-07-18 15:49:29.726901');
INSERT INTO "quiz_answer" VALUES(403,101,'SSH',0,1,'2013-07-18 15:49:29.726954','2013-07-18 15:49:29.726960');
INSERT INTO "quiz_answer" VALUES(404,101,'iptables',0,1,'2013-07-18 15:49:29.727013','2013-07-18 15:49:29.727019');
INSERT INTO "quiz_answer" VALUES(405,102,'23',1,1,'2013-07-18 15:49:29.804516','2013-07-18 15:49:29.804522');
INSERT INTO "quiz_answer" VALUES(406,102,'22',0,1,'2013-07-18 15:49:29.804568','2013-07-18 15:49:29.804573');
INSERT INTO "quiz_answer" VALUES(407,102,'443',0,1,'2013-07-18 15:49:29.804618','2013-07-18 15:49:29.804624');
INSERT INTO "quiz_answer" VALUES(408,102,'587',0,1,'2013-07-18 15:49:29.804669','2013-07-18 15:49:29.804674');
INSERT INTO "quiz_answer" VALUES(409,103,'The employees',1,1,'2013-07-18 15:49:29.919770','2013-07-18 15:49:29.919777');
INSERT INTO "quiz_answer" VALUES(410,103,'The firewall software used',0,1,'2013-07-18 15:49:29.919832','2013-07-18 15:49:29.919838');
INSERT INTO "quiz_answer" VALUES(411,103,'The antivirus software used',0,1,'2013-07-18 15:49:29.919890','2013-07-18 15:49:29.919896');
INSERT INTO "quiz_answer" VALUES(412,103,'The intranet software used',0,1,'2013-07-18 15:49:29.919949','2013-07-18 15:49:29.919955');
INSERT INTO "quiz_answer" VALUES(413,104,'nmap',1,1,'2013-07-18 15:49:30.068939','2013-07-18 15:49:30.068946');
INSERT INTO "quiz_answer" VALUES(414,104,'ping',0,1,'2013-07-18 15:49:30.069001','2013-07-18 15:49:30.069007');
INSERT INTO "quiz_answer" VALUES(415,104,'ifconfig',0,1,'2013-07-18 15:49:30.069061','2013-07-18 15:49:30.069067');
INSERT INTO "quiz_answer" VALUES(416,104,'telnet',0,1,'2013-07-18 15:49:30.069118','2013-07-18 15:49:30.069124');
INSERT INTO "quiz_answer" VALUES(417,105,'chmod +r file.txt',1,1,'2013-07-18 15:49:30.145930','2013-07-18 15:49:30.145937');
INSERT INTO "quiz_answer" VALUES(418,105,'chmod 777 file.txt',0,1,'2013-07-18 15:49:30.145992','2013-07-18 15:49:30.145998');
INSERT INTO "quiz_answer" VALUES(419,105,'chmod 4777 file.txt',0,1,'2013-07-18 15:49:30.146052','2013-07-18 15:49:30.146059');
INSERT INTO "quiz_answer" VALUES(420,105,'chmod 444 file.txt',0,1,'2013-07-18 15:49:30.146112','2013-07-18 15:49:30.146119');
INSERT INTO "quiz_answer" VALUES(421,106,'sha1',1,1,'2013-07-18 15:49:30.231391','2013-07-18 15:49:30.231398');
INSERT INTO "quiz_answer" VALUES(422,106,'des3',0,1,'2013-07-18 15:49:30.231453','2013-07-18 15:49:30.231459');
INSERT INTO "quiz_answer" VALUES(423,106,'aes-128-cbc',0,1,'2013-07-18 15:49:30.231510','2013-07-18 15:49:30.231516');
INSERT INTO "quiz_answer" VALUES(424,106,'crypt',0,1,'2013-07-18 15:49:30.231567','2013-07-18 15:49:30.231573');
INSERT INTO "quiz_answer" VALUES(425,107,'nmap',1,1,'2013-07-18 15:49:30.451678','2013-07-18 15:49:30.451685');
INSERT INTO "quiz_answer" VALUES(426,107,'encfs',0,1,'2013-07-18 15:49:30.451740','2013-07-18 15:49:30.451746');
INSERT INTO "quiz_answer" VALUES(427,107,'openssl',0,1,'2013-07-18 15:49:30.451799','2013-07-18 15:49:30.451805');
INSERT INTO "quiz_answer" VALUES(428,107,'TrueCrypt',0,1,'2013-07-18 15:49:30.451858','2013-07-18 15:49:30.451864');
INSERT INTO "quiz_answer" VALUES(429,108,'ping',1,1,'2013-07-18 15:49:30.537455','2013-07-18 15:49:30.537462');
INSERT INTO "quiz_answer" VALUES(430,108,'nmap',0,1,'2013-07-18 15:49:30.537510','2013-07-18 15:49:30.537516');
INSERT INTO "quiz_answer" VALUES(431,108,'telnet',0,1,'2013-07-18 15:49:30.537562','2013-07-18 15:49:30.537567');
INSERT INTO "quiz_answer" VALUES(432,108,'netstat',0,1,'2013-07-18 15:49:30.537612','2013-07-18 15:49:30.537617');
INSERT INTO "quiz_answer" VALUES(433,109,'netstat',1,1,'2013-07-18 15:49:30.693972','2013-07-18 15:49:30.693979');
INSERT INTO "quiz_answer" VALUES(434,109,'nmap',0,1,'2013-07-18 15:49:30.694035','2013-07-18 15:49:30.694041');
INSERT INTO "quiz_answer" VALUES(435,109,'telnet',0,1,'2013-07-18 15:49:30.694093','2013-07-18 15:49:30.694099');
INSERT INTO "quiz_answer" VALUES(436,109,'curl',0,1,'2013-07-18 15:49:30.694151','2013-07-18 15:49:30.694157');
INSERT INTO "quiz_answer" VALUES(437,110,'It could be used for privilege escalation',1,1,'2013-07-18 15:49:30.868950','2013-07-18 15:49:30.868956');
INSERT INTO "quiz_answer" VALUES(438,110,'It could be used to completely jam a network with DOS attacks',0,1,'2013-07-18 15:49:30.869005','2013-07-18 15:49:30.869010');
INSERT INTO "quiz_answer" VALUES(439,110,'It could be used to delete all files in the system',0,1,'2013-07-18 15:49:30.869056','2013-07-18 15:49:30.869061');
INSERT INTO "quiz_answer" VALUES(440,110,'It could be used to unleash the kraken',0,1,'2013-07-18 15:49:30.869105','2013-07-18 15:49:30.869110');
INSERT INTO "quiz_answer" VALUES(441,111,'Buffer overflow',1,1,'2013-07-18 15:49:31.045665','2013-07-18 15:49:31.045672');
INSERT INTO "quiz_answer" VALUES(442,111,'Blue screen of death',0,1,'2013-07-18 15:49:31.045726','2013-07-18 15:49:31.045732');
INSERT INTO "quiz_answer" VALUES(443,111,'Denial of service',0,1,'2013-07-18 15:49:31.045784','2013-07-18 15:49:31.045790');
INSERT INTO "quiz_answer" VALUES(444,111,'NullPointerException',0,1,'2013-07-18 15:49:31.045841','2013-07-18 15:49:31.045846');
INSERT INTO "quiz_answer" VALUES(445,112,'Binary protocol',1,1,'2013-07-18 15:49:31.192284','2013-07-18 15:49:31.192290');
INSERT INTO "quiz_answer" VALUES(446,112,'SOAP-based protocol',0,1,'2013-07-18 15:49:31.192337','2013-07-18 15:49:31.192342');
INSERT INTO "quiz_answer" VALUES(447,112,'XML-based protocol',0,1,'2013-07-18 15:49:31.192387','2013-07-18 15:49:31.192393');
INSERT INTO "quiz_answer" VALUES(448,112,'Text-based protocol',0,1,'2013-07-18 15:49:31.192437','2013-07-18 15:49:31.192442');
INSERT INTO "quiz_answer" VALUES(449,113,'Ordering of bytes',1,1,'2013-07-18 15:49:31.359650','2013-07-18 15:49:31.359656');
INSERT INTO "quiz_answer" VALUES(450,113,'Operating systems',0,1,'2013-07-18 15:49:31.359701','2013-07-18 15:49:31.359706');
INSERT INTO "quiz_answer" VALUES(451,113,'Network file transfer',0,1,'2013-07-18 15:49:31.359751','2013-07-18 15:49:31.359756');
INSERT INTO "quiz_answer" VALUES(452,113,'Memory management',0,1,'2013-07-18 15:49:31.359800','2013-07-18 15:49:31.359805');
INSERT INTO "quiz_answer" VALUES(453,114,'CGI',1,1,'2013-07-18 15:49:31.536040','2013-07-18 15:49:31.536047');
INSERT INTO "quiz_answer" VALUES(454,114,'Bash',0,1,'2013-07-18 15:49:31.536101','2013-07-18 15:49:31.536107');
INSERT INTO "quiz_answer" VALUES(455,114,'R',0,1,'2013-07-18 15:49:31.536165','2013-07-18 15:49:31.536171');
INSERT INTO "quiz_answer" VALUES(456,114,'Python',0,1,'2013-07-18 15:49:31.536222','2013-07-18 15:49:31.536229');
INSERT INTO "quiz_answer" VALUES(457,115,'7zip',1,1,'2013-07-18 15:49:31.671019','2013-07-18 15:49:31.671025');
INSERT INTO "quiz_answer" VALUES(458,115,'zip',0,1,'2013-07-18 15:49:31.671071','2013-07-18 15:49:31.671076');
INSERT INTO "quiz_answer" VALUES(459,115,'gzip',0,1,'2013-07-18 15:49:31.671121','2013-07-18 15:49:31.671126');
INSERT INTO "quiz_answer" VALUES(460,115,'lzma',0,1,'2013-07-18 15:49:31.671170','2013-07-18 15:49:31.671175');
INSERT INTO "quiz_answer" VALUES(461,116,'X server',1,1,'2013-07-18 15:49:31.809068','2013-07-18 15:49:31.809074');
INSERT INTO "quiz_answer" VALUES(462,116,'nginx',0,1,'2013-07-18 15:49:31.809120','2013-07-18 15:49:31.809125');
INSERT INTO "quiz_answer" VALUES(463,116,'Apache',0,1,'2013-07-18 15:49:31.809168','2013-07-18 15:49:31.809174');
INSERT INTO "quiz_answer" VALUES(464,116,'Lighttpd',0,1,'2013-07-18 15:49:31.809217','2013-07-18 15:49:31.809222');
INSERT INTO "quiz_answer" VALUES(465,117,'screen',1,1,'2013-07-18 15:49:31.959152','2013-07-18 15:49:31.959158');
INSERT INTO "quiz_answer" VALUES(466,117,'nmap',0,1,'2013-07-18 15:49:31.959213','2013-07-18 15:49:31.959219');
INSERT INTO "quiz_answer" VALUES(467,117,'tcpdump',0,1,'2013-07-18 15:49:31.959272','2013-07-18 15:49:31.959278');
INSERT INTO "quiz_answer" VALUES(468,117,'wireshark',0,1,'2013-07-18 15:49:31.959330','2013-07-18 15:49:31.959336');
INSERT INTO "quiz_answer" VALUES(469,118,'Print file sizes in human readable format',1,1,'2013-07-18 15:49:32.092819','2013-07-18 15:49:32.092826');
INSERT INTO "quiz_answer" VALUES(470,118,'Print short help message',0,1,'2013-07-18 15:49:32.092880','2013-07-18 15:49:32.092886');
INSERT INTO "quiz_answer" VALUES(471,118,'Print long help message',0,1,'2013-07-18 15:49:32.092938','2013-07-18 15:49:32.092945');
INSERT INTO "quiz_answer" VALUES(472,118,'Print hidden files',0,1,'2013-07-18 15:49:32.092996','2013-07-18 15:49:32.093002');
INSERT INTO "quiz_answer" VALUES(473,119,'CSV',1,1,'2013-07-18 15:49:32.255195','2013-07-18 15:49:32.255201');
INSERT INTO "quiz_answer" VALUES(474,119,'Bazaar',0,1,'2013-07-18 15:49:32.255256','2013-07-18 15:49:32.255262');
INSERT INTO "quiz_answer" VALUES(475,119,'Subversion',0,1,'2013-07-18 15:49:32.255314','2013-07-18 15:49:32.255320');
INSERT INTO "quiz_answer" VALUES(476,119,'CVS',0,1,'2013-07-18 15:49:32.255371','2013-07-18 15:49:32.255377');
INSERT INTO "quiz_answer" VALUES(477,120,'add',1,1,'2013-07-18 15:49:32.495051','2013-07-18 15:49:32.495057');
INSERT INTO "quiz_answer" VALUES(478,120,'update',0,1,'2013-07-18 15:49:32.495105','2013-07-18 15:49:32.495110');
INSERT INTO "quiz_answer" VALUES(479,120,'merge',0,1,'2013-07-18 15:49:32.495156','2013-07-18 15:49:32.495161');
INSERT INTO "quiz_answer" VALUES(480,120,'rebase',0,1,'2013-07-18 15:49:32.495206','2013-07-18 15:49:32.495211');
INSERT INTO "quiz_answer" VALUES(481,121,'rebase',1,1,'2013-07-18 15:49:32.607994','2013-07-18 15:49:32.608001');
INSERT INTO "quiz_answer" VALUES(482,121,'merge',0,1,'2013-07-18 15:49:32.608056','2013-07-18 15:49:32.608062');
INSERT INTO "quiz_answer" VALUES(483,121,'commit',0,1,'2013-07-18 15:49:32.608115','2013-07-18 15:49:32.608121');
INSERT INTO "quiz_answer" VALUES(484,121,'revert',0,1,'2013-07-18 15:49:32.608172','2013-07-18 15:49:32.608178');
INSERT INTO "quiz_answer" VALUES(485,122,'fast-forward',1,1,'2013-07-18 15:49:32.733481','2013-07-18 15:49:32.733487');
INSERT INTO "quiz_answer" VALUES(486,122,'branching',0,1,'2013-07-18 15:49:32.733535','2013-07-18 15:49:32.733540');
INSERT INTO "quiz_answer" VALUES(487,122,'rebasing',0,1,'2013-07-18 15:49:32.733585','2013-07-18 15:49:32.733591');
INSERT INTO "quiz_answer" VALUES(488,122,'pulling',0,1,'2013-07-18 15:49:32.733636','2013-07-18 15:49:32.733641');
INSERT INTO "quiz_answer" VALUES(489,123,'centralized workflow',1,1,'2013-07-18 15:49:32.851893','2013-07-18 15:49:32.851900');
INSERT INTO "quiz_answer" VALUES(490,123,'gatekeeper workflow',0,1,'2013-07-18 15:49:32.851954','2013-07-18 15:49:32.851960');
INSERT INTO "quiz_answer" VALUES(491,123,'automated gatekeeper workflow',0,1,'2013-07-18 15:49:32.852012','2013-07-18 15:49:32.852018');
INSERT INTO "quiz_answer" VALUES(492,123,'commander-lieutenant workflow',0,1,'2013-07-18 15:49:32.852069','2013-07-18 15:49:32.852075');
INSERT INTO "quiz_answer" VALUES(493,124,'Mercurial',1,1,'2013-07-18 15:49:32.930143','2013-07-18 15:49:32.930150');
INSERT INTO "quiz_answer" VALUES(494,124,'Subversion',0,1,'2013-07-18 15:49:32.930203','2013-07-18 15:49:32.930209');
INSERT INTO "quiz_answer" VALUES(495,124,'ClearCase',0,1,'2013-07-18 15:49:32.930262','2013-07-18 15:49:32.930268');
INSERT INTO "quiz_answer" VALUES(496,124,'Visual SourceSafe',0,1,'2013-07-18 15:49:32.930317','2013-07-18 15:49:32.930323');
INSERT INTO "quiz_answer" VALUES(497,125,'log',1,1,'2013-07-18 15:49:33.088840','2013-07-18 15:49:33.088845');
INSERT INTO "quiz_answer" VALUES(498,125,'status',0,1,'2013-07-18 15:49:33.088891','2013-07-18 15:49:33.088897');
INSERT INTO "quiz_answer" VALUES(499,125,'add',0,1,'2013-07-18 15:49:33.088941','2013-07-18 15:49:33.088946');
INSERT INTO "quiz_answer" VALUES(500,125,'mv',0,1,'2013-07-18 15:49:33.088990','2013-07-18 15:49:33.088995');
INSERT INTO "quiz_answer" VALUES(501,126,'The initial cloning is slower',1,1,'2013-07-18 15:49:33.267540','2013-07-18 15:49:33.267547');
INSERT INTO "quiz_answer" VALUES(502,126,'Users cannot commit revisions without a server',0,1,'2013-07-18 15:49:33.267600','2013-07-18 15:49:33.267607');
INSERT INTO "quiz_answer" VALUES(503,126,'Most operations are slower without a server',0,1,'2013-07-18 15:49:33.267658','2013-07-18 15:49:33.267664');
INSERT INTO "quiz_answer" VALUES(504,126,'Users cannot create forks without a server',0,1,'2013-07-18 15:49:33.267716','2013-07-18 15:49:33.267721');
INSERT INTO "quiz_answer" VALUES(505,127,'The same file was edited in both BranchA and BranchB',1,1,'2013-07-18 15:49:33.344888','2013-07-18 15:49:33.344894');
INSERT INTO "quiz_answer" VALUES(506,127,'The same file was edited in BranchA but deleted in BranchB',0,1,'2013-07-18 15:49:33.344949','2013-07-18 15:49:33.344955');
INSERT INTO "quiz_answer" VALUES(507,127,'The same file was edited in BranchA but renamed in BranchB',0,1,'2013-07-18 15:49:33.345008','2013-07-18 15:49:33.345014');
INSERT INTO "quiz_answer" VALUES(508,127,'A file with the same name was added in both BranchA and BranchB',0,1,'2013-07-18 15:49:33.345065','2013-07-18 15:49:33.345071');
INSERT INTO "quiz_answer" VALUES(509,128,'The part of a URL after the "?" mark',1,1,'2013-07-18 15:49:33.496817','2013-07-18 15:49:33.496823');
INSERT INTO "quiz_answer" VALUES(510,128,'The part of a URL after the "#" mark',0,1,'2013-07-18 15:49:33.496869','2013-07-18 15:49:33.496874');
INSERT INTO "quiz_answer" VALUES(511,128,'A variable in a HTTP GET request',0,1,'2013-07-18 15:49:33.496918','2013-07-18 15:49:33.496923');
INSERT INTO "quiz_answer" VALUES(512,128,'A variable in a HTTP POST request',0,1,'2013-07-18 15:49:33.496966','2013-07-18 15:49:33.496972');
INSERT INTO "quiz_answer" VALUES(513,129,'200',1,1,'2013-07-18 15:49:33.709166','2013-07-18 15:49:33.709171');
INSERT INTO "quiz_answer" VALUES(514,129,'100',0,1,'2013-07-18 15:49:33.709219','2013-07-18 15:49:33.709224');
INSERT INTO "quiz_answer" VALUES(515,129,'0',0,1,'2013-07-18 15:49:33.709268','2013-07-18 15:49:33.709274');
INSERT INTO "quiz_answer" VALUES(516,129,'1',0,1,'2013-07-18 15:49:33.709318','2013-07-18 15:49:33.709323');
INSERT INTO "quiz_answer" VALUES(517,130,'Common Gateway Interface',1,1,'2013-07-18 15:49:33.858441','2013-07-18 15:49:33.858447');
INSERT INTO "quiz_answer" VALUES(518,130,'Computer Generated Imagery',0,1,'2013-07-18 15:49:33.858501','2013-07-18 15:49:33.858507');
INSERT INTO "quiz_answer" VALUES(519,130,'Cognitive Guided Instruction',0,1,'2013-07-18 15:49:33.858559','2013-07-18 15:49:33.858565');
INSERT INTO "quiz_answer" VALUES(520,130,'Computer Graphics Interface',0,1,'2013-07-18 15:49:33.858616','2013-07-18 15:49:33.858622');
INSERT INTO "quiz_answer" VALUES(521,131,'On the client',1,1,'2013-07-18 15:49:34.001686','2013-07-18 15:49:34.001693');
INSERT INTO "quiz_answer" VALUES(522,131,'On the web server',0,1,'2013-07-18 15:49:34.001747','2013-07-18 15:49:34.001753');
INSERT INTO "quiz_answer" VALUES(523,131,'On a router',0,1,'2013-07-18 15:49:34.001806','2013-07-18 15:49:34.001812');
INSERT INTO "quiz_answer" VALUES(524,131,'On a cookie server',0,1,'2013-07-18 15:49:34.001889','2013-07-18 15:49:34.001896');
INSERT INTO "quiz_answer" VALUES(525,132,'Date',1,1,'2013-07-18 15:49:34.084605','2013-07-18 15:49:34.084611');
INSERT INTO "quiz_answer" VALUES(526,132,'Expires',0,1,'2013-07-18 15:49:34.084665','2013-07-18 15:49:34.084671');
INSERT INTO "quiz_answer" VALUES(527,132,'Domain',0,1,'2013-07-18 15:49:34.084723','2013-07-18 15:49:34.084729');
INSERT INTO "quiz_answer" VALUES(528,132,'Path',0,1,'2013-07-18 15:49:34.084780','2013-07-18 15:49:34.084786');
INSERT INTO "quiz_answer" VALUES(529,133,'empty line',1,1,'2013-07-18 15:49:34.169966','2013-07-18 15:49:34.169973');
INSERT INTO "quiz_answer" VALUES(530,133,'.',0,1,'2013-07-18 15:49:34.170030','2013-07-18 15:49:34.170036');
INSERT INTO "quiz_answer" VALUES(531,133,'Content-type: text/html',0,1,'2013-07-18 15:49:34.170090','2013-07-18 15:49:34.170096');
INSERT INTO "quiz_answer" VALUES(532,133,'</head>',0,1,'2013-07-18 15:49:34.170149','2013-07-18 15:49:34.170155');
INSERT INTO "quiz_answer" VALUES(533,134,'IOS_VERSION',1,1,'2013-07-18 15:49:34.359757','2013-07-18 15:49:34.359764');
INSERT INTO "quiz_answer" VALUES(534,134,'HTTP_REFERER',0,1,'2013-07-18 15:49:34.359817','2013-07-18 15:49:34.359823');
INSERT INTO "quiz_answer" VALUES(535,134,'HTTP_USER_AGENT',0,1,'2013-07-18 15:49:34.359876','2013-07-18 15:49:34.359882');
INSERT INTO "quiz_answer" VALUES(536,134,'DOCUMENT_ROOT',0,1,'2013-07-18 15:49:34.359933','2013-07-18 15:49:34.359939');
INSERT INTO "quiz_answer" VALUES(537,135,'REMOTE_ADDR',1,1,'2013-07-18 15:49:34.483080','2013-07-18 15:49:34.483086');
INSERT INTO "quiz_answer" VALUES(538,135,'MOBILE_PHONE_TYPE',0,1,'2013-07-18 15:49:34.483132','2013-07-18 15:49:34.483137');
INSERT INTO "quiz_answer" VALUES(539,135,'IOS_VERSION',0,1,'2013-07-18 15:49:34.483181','2013-07-18 15:49:34.483186');
INSERT INTO "quiz_answer" VALUES(540,135,'ANDROID_VERSION',0,1,'2013-07-18 15:49:34.483230','2013-07-18 15:49:34.483235');
INSERT INTO "quiz_answer" VALUES(541,136,'OPTIONS',1,1,'2013-07-18 15:49:34.626392','2013-07-18 15:49:34.626399');
INSERT INTO "quiz_answer" VALUES(542,136,'GET',0,1,'2013-07-18 15:49:34.626453','2013-07-18 15:49:34.626459');
INSERT INTO "quiz_answer" VALUES(543,136,'POST',0,1,'2013-07-18 15:49:34.626511','2013-07-18 15:49:34.626517');
INSERT INTO "quiz_answer" VALUES(544,136,'HEAD',0,1,'2013-07-18 15:49:34.626569','2013-07-18 15:49:34.626575');
INSERT INTO "quiz_answer" VALUES(545,137,'HEAD doesn''t include a response body',1,1,'2013-07-18 15:49:34.758656','2013-07-18 15:49:34.758662');
INSERT INTO "quiz_answer" VALUES(546,137,'HEAD returns only the <head> tag of HTML',0,1,'2013-07-18 15:49:34.758707','2013-07-18 15:49:34.758713');
INSERT INTO "quiz_answer" VALUES(547,137,'GET returns a response without a header',0,1,'2013-07-18 15:49:34.758758','2013-07-18 15:49:34.758763');
INSERT INTO "quiz_answer" VALUES(548,137,'GET can support SSL',0,1,'2013-07-18 15:49:34.758807','2013-07-18 15:49:34.758811');
INSERT INTO "quiz_answer" VALUES(549,138,'404 Internal Server Error',1,1,'2013-07-18 15:49:34.843826','2013-07-18 15:49:34.843832');
INSERT INTO "quiz_answer" VALUES(550,138,'418 I''m a teapot',0,1,'2013-07-18 15:49:34.843886','2013-07-18 15:49:34.843893');
INSERT INTO "quiz_answer" VALUES(551,138,'400 Bad Request',0,1,'2013-07-18 15:49:34.843945','2013-07-18 15:49:34.843951');
INSERT INTO "quiz_answer" VALUES(552,138,'401 Unauthorized',0,1,'2013-07-18 15:49:34.844002','2013-07-18 15:49:34.844008');
INSERT INTO "quiz_answer" VALUES(553,139,'Client error',1,1,'2013-07-18 15:49:34.936385','2013-07-18 15:49:34.936391');
INSERT INTO "quiz_answer" VALUES(554,139,'Server error',0,1,'2013-07-18 15:49:34.936446','2013-07-18 15:49:34.936452');
INSERT INTO "quiz_answer" VALUES(555,139,'Application error',0,1,'2013-07-18 15:49:34.936505','2013-07-18 15:49:34.936510');
INSERT INTO "quiz_answer" VALUES(556,139,'Connection error',0,1,'2013-07-18 15:49:34.936561','2013-07-18 15:49:34.936567');
INSERT INTO "quiz_answer" VALUES(557,140,'Upload files',1,1,'2013-07-18 15:49:35.134302','2013-07-18 15:49:35.134309');
INSERT INTO "quiz_answer" VALUES(558,140,'Implement session state',0,1,'2013-07-18 15:49:35.134363','2013-07-18 15:49:35.134369');
INSERT INTO "quiz_answer" VALUES(559,140,'Create cookies',0,1,'2013-07-18 15:49:35.134422','2013-07-18 15:49:35.134428');
INSERT INTO "quiz_answer" VALUES(560,140,'Pass multiple variables to a form',0,1,'2013-07-18 15:49:35.134480','2013-07-18 15:49:35.134486');
INSERT INTO "quiz_answer" VALUES(561,141,'Unspecified (no limit)',1,1,'2013-07-18 15:49:35.257110','2013-07-18 15:49:35.257117');
INSERT INTO "quiz_answer" VALUES(562,141,'8190 bytes',0,1,'2013-07-18 15:49:35.257171','2013-07-18 15:49:35.257177');
INSERT INTO "quiz_answer" VALUES(563,141,'1024 bytes',0,1,'2013-07-18 15:49:35.257228','2013-07-18 15:49:35.257234');
INSERT INTO "quiz_answer" VALUES(564,141,'512 bytes',0,1,'2013-07-18 15:49:35.257285','2013-07-18 15:49:35.257291');
INSERT INTO "quiz_answer" VALUES(565,142,'2',1,1,'2013-07-18 15:49:35.343804','2013-07-18 15:49:35.343809');
INSERT INTO "quiz_answer" VALUES(566,142,'1',0,1,'2013-07-18 15:49:35.343856','2013-07-18 15:49:35.343861');
INSERT INTO "quiz_answer" VALUES(567,142,'0',0,1,'2013-07-18 15:49:35.343907','2013-07-18 15:49:35.343912');
INSERT INTO "quiz_answer" VALUES(568,142,'-1',0,1,'2013-07-18 15:49:35.343957','2013-07-18 15:49:35.343962');
INSERT INTO "quiz_answer" VALUES(569,143,'Windows NT',1,1,'2013-07-18 15:49:35.428491','2013-07-18 15:49:35.428499');
INSERT INTO "quiz_answer" VALUES(570,143,'Windows XP',0,1,'2013-07-18 15:49:35.428554','2013-07-18 15:49:35.428561');
INSERT INTO "quiz_answer" VALUES(571,143,'Windows 3.1',0,1,'2013-07-18 15:49:35.428615','2013-07-18 15:49:35.428622');
INSERT INTO "quiz_answer" VALUES(572,143,'Windows 98',0,1,'2013-07-18 15:49:35.428675','2013-07-18 15:49:35.428681');
