CREATE TABLE "quiz_level" (
    "_id" integer NULL PRIMARY KEY AUTOINCREMENT,
    "name" varchar(80) NULL UNIQUE,
    "level" integer NULL UNIQUE
)
;
CREATE TABLE "quiz_question" (
    "_id" integer NULL PRIMARY KEY AUTOINCREMENT,
    "text" varchar(200) NULL,
    "category" varchar(80) NULL,
    "level_id" integer NULL REFERENCES "quiz_level" ("_id"),
    "hint" text NULL,
    "explanation" text NULL,
    "is_active" bool NULL,
    UNIQUE ("text", "level_id")
)
;
CREATE TABLE "quiz_answer" (
    "_id" integer NULL PRIMARY KEY AUTOINCREMENT,
    "question_id" integer NULL REFERENCES "quiz_question" ("_id"),
    "text" varchar(200) NULL,
    "is_correct" bool NULL,
    "is_active" bool NULL,
    UNIQUE ("question_id", "text")
)
;

INSERT INTO "quiz_level" VALUES(1,'Hobbyist',1);
INSERT INTO "quiz_level" VALUES(2,'Professional',2);
INSERT INTO "quiz_level" VALUES(3,'Expert',3);
INSERT INTO "quiz_level" VALUES(4,'Nightmare!',4);
INSERT INTO "quiz_question" VALUES(1,'Which denotes the fastest time complexity?','algorithms',1,'','O(1) indicates constant time regardless of the size of the input.',1);
INSERT INTO "quiz_question" VALUES(2,'What is the notation of quadratic time complexity?','algorithms',1,'','O(n^2) indicates quadratic time complexity, for example an algorithm that requires all input elements to be compared to all other input elements.',1);
INSERT INTO "quiz_question" VALUES(3,'What is the average performance of the bubble sort algorithm?','algorithms',2,'','Bubble sort has worst-case and average complexity both О(n2), where n is the number of items being sorted.',1);
INSERT INTO "quiz_question" VALUES(4,'What is the average performance of the quicksort algorithm?','algorithms',2,'','On average, quicksort makes O(n log n) comparisons to sort n items.',1);
INSERT INTO "quiz_question" VALUES(5,'Which is not a stable sorting algorithm?','algorithms',2,'','Stable sorting algorithms preserve the relative order of items that compare as equal. Heapsort does not guarantee that.',1);
INSERT INTO "quiz_question" VALUES(6,'What is not a good use case of a hash function?','algorithms',2,'','Hash functions are one-way, they cannot be applied in reverse, the input data is not recoverable from the output data, akin to lossy compression.',1);
INSERT INTO "quiz_question" VALUES(7,'Which is not true about hash functions?','algorithms',2,'','Hash functions are heavily used in cryptography, where they are designed to be slow on purpose, to make brute force attacks more difficult.',1);
INSERT INTO "quiz_question" VALUES(8,'Which is the oldest build tool?','build-automation',2,'','Make appeared in 1977, Ant in 2000, Maven in 2002, and CMake in 1999.',1);
INSERT INTO "quiz_question" VALUES(9,'What is not a responsibility of an automated build system?','build-automation',2,'','Debugging is an activity that involves interacting with a running program, not part of the build process.',1);
INSERT INTO "quiz_question" VALUES(10,'What is the common step between "./configure" and "make install" when building a software from source?','build-automation',2,'','"make" without any arguments runs the default build task, which is typically building the entire software. This step is usually after the configuration step. After this the software can be installed with "make install".',1);
INSERT INTO "quiz_question" VALUES(11,'What is Ant?','build-automation',2,'','Ant is a build tool like make, but it is based on Java. Unlike make, it can run on any platform that has a Java Virtual Machine.',1);
INSERT INTO "quiz_question" VALUES(12,'What is the name of the main configuration file used by make?','build-automation',2,'','The default configuration file used by make is called Makefile.',1);
INSERT INTO "quiz_question" VALUES(13,'What is the name of the main configuration file used by Ant?','build-automation',2,'','The default configuration file used by Ant is build.xml',1);
INSERT INTO "quiz_question" VALUES(14,'What is the name of the main configuration file used by Maven?','build-automation',2,'','The default configuration file used by Maven is pom.xml',1);
INSERT INTO "quiz_question" VALUES(15,'How to specify that taskA depends on taskB in a Makefile?','build-automation',2,'','The correct syntax is taskA: taskB, meaning taskB will be executed first (if needed) before performing taskA.',1);
INSERT INTO "quiz_question" VALUES(16,'In an automated build system, which is the most logical step after running unit tests?','build-automation',3,'','The software must already be compiled to run unit tests. Without a package, what is there to install or deploy?',1);
INSERT INTO "quiz_question" VALUES(17,'What is the purpose of the "clean" step in an automated build system?','build-automation',3,'','The "clean" step typically removes build products, with the intention to start over as if the "compile" or other build steps were never executed.',1);
INSERT INTO "quiz_question" VALUES(18,'Can you parse an HTML document using regular expressions?','computer-science',3,'','Regular expressions can only match regular languages but HTML is a context-free language. It is always possible to present a HTML file that will be matched wrongly by any regular expression.',1);
INSERT INTO "quiz_question" VALUES(19,'Which data structure is most suitable to implement an index?','data-structures',1,'','The concept of an index is like a lookup table: it allows looking up a specific value directly by its known index, without inspecting elements one by one.',1);
INSERT INTO "quiz_question" VALUES(20,'What is the difference between a binary tree and a B-tree?','data-structures',2,'','A B-tree is a generalization of the binary search tree: nodes can have more than two children.',1);
INSERT INTO "quiz_question" VALUES(21,'What is the minimum number of internal (non-leaf) nodes in a binary tree with 7 nodes?','data-structures',2,'','The minimum possible number of nodes can be achieved in a full binary tree, where every node has strictly 0 or 2 children. In this case there will be 3 internal nodes and 4 leaf nodes.',1);
INSERT INTO "quiz_question" VALUES(22,'What is the maximum number of internal (non-leaf) nodes in a binary tree with 7 nodes?','data-structures',2,'','In a degenerate tree each parent node has only one child node, effectively behaving like a linked list data structure. In this case there will be n-1 = 6 internal nodes and 1 leaf node.',1);
INSERT INTO "quiz_question" VALUES(23,'Which term is not like the others?','data-structures',2,'','Basically, LIFO = FILO = stack, while queue is the logical opposite.',1);
INSERT INTO "quiz_question" VALUES(24,'Which data structure is a natural choice to implement a queue?','data-structures',2,'','A doubly linked list has O(1) insertion and deletion at both ends, so is a natural choice for queues.',1);
INSERT INTO "quiz_question" VALUES(25,'How to count the number of sheep in the farm table?','database',1,'','The SQL syntax for counting records in some table is SELECT count(*) FROM table_name;',1);
INSERT INTO "quiz_question" VALUES(26,'What type of JOIN is this: SELECT * FROM t1 JOIN t2 ON t1.id = t2.id','database',2,'','When the type of the JOIN is unspecified, it is most commonly an INNER JOIN.',1);
INSERT INTO "quiz_question" VALUES(27,'How many records will match this query if there are 5 records in Employee and 3 records in Department: SELECT * FROM Employee e LEFT JOIN Department d ON e.DepartmentID = d.DepartmentID','database',2,'','Since this is a LEFT JOIN, there will be at least one record for each employee (the left table), therefore 5 or more records.',1);
INSERT INTO "quiz_question" VALUES(28,'How many records will match this query if there are 5 records in Employee and 3 records in Department: SELECT count(*) FROM Employee e RIGHT JOIN Department d ON e.DepartmentID = d.DepartmentID','database',2,'','Since this is a RIGHT JOIN, there will be at least one record for each department (the right table), therefore 3 or more records.',1);
INSERT INTO "quiz_question" VALUES(29,'In SQL, which form of the count() clause might be invalid?','database',2,'','If there is no column named DepartmentID in the source tables then count(DepartmentID) will be invalid. The other forms are always valid.',1);
INSERT INTO "quiz_question" VALUES(30,'Which SQL statement is incorrect?','database',2,'','A GROUP BY clause is required before HAVING.',1);
INSERT INTO "quiz_question" VALUES(31,'How to find employees with DepartmentID set to NULL?','database',2,'','The correct syntax to test if something is NULL is using IS NULL.',1);
INSERT INTO "quiz_question" VALUES(32,'What is the difference between UNION and UNION ALL in SQL?','database',2,'','Duplicate records are removed from the result of UNION, while UNION ALL returns all records.',1);
INSERT INTO "quiz_question" VALUES(33,'What is the advantage of using a database instead of a CSV file?','database',2,'','In a database columns can be indexed, which can help finding data much faster. The other statements are not necessarily true.',1);
INSERT INTO "quiz_question" VALUES(34,'Which database system uses the commands: lsnrctl, isqlplusctl, emctl?','database',3,'','These commands are used by Oracle to provide various services.',1);
INSERT INTO "quiz_question" VALUES(35,'Which SQL statement might select the department with the largest number of employees?','database',3,'','The other statements either have SQL errors or incorrect.',1);
INSERT INTO "quiz_question" VALUES(36,'How to get the current date in Oracle?','database',3,'','The function to get the current date in Oracle is SYSDATE without parentheses.',1);
INSERT INTO "quiz_question" VALUES(37,'How to get the current date in Sybase?','database',3,'','The function to get the current date in Sybase is GETDATE().',1);
INSERT INTO "quiz_question" VALUES(38,'A computer uses the least power in which mode?','hardware',1,'','When hibernated, the computer is completely off. It can restore itself by reloading the previously saved content of the memory.',1);
INSERT INTO "quiz_question" VALUES(39,'How to reset the BIOS password if you forgot it?','hardware',1,'','You can try to remove and reinsert the battery on the motherboard. If that doesn''t work, the solution might be changing a jumper setting. Look for the manual of your computer.',1);
INSERT INTO "quiz_question" VALUES(40,'Which one looks like a MAC address?','hardware',1,'','MAC addresses are used as a network address for most IEEE 802 network technologies, including Ethernet.',1);
INSERT INTO "quiz_question" VALUES(41,'Which is optional to boot an operating system?','hardware',2,'','Harddisk is not essential. An operating system can be loaded from CD or USB storage, for example. Everything else is essential (PSU is the Power Supply Unit).',1);
INSERT INTO "quiz_question" VALUES(42,'What is the maximum amount of RAM directly addressable in a 32-bit system?','hardware',2,'','A 32-bit register can store 2^32 different values. Hence, a processor with 32-bit memory addresses can directly access 4 GiB of byte-addressable memory.',1);
INSERT INTO "quiz_question" VALUES(43,'Which statement is false?','hardware',2,'','A 64-bit processor has backward compatibility and will handle most 32-bit software.',1);
INSERT INTO "quiz_question" VALUES(44,'What is the difference between GPU and CPU?','hardware',2,'','GPUs have a parallel throughput architecture that emphasizes executing many concurrent threads slowly, rather than executing a single thread very quickly.',1);
INSERT INTO "quiz_question" VALUES(45,'Which storage type has the highest theoretical transfer rate?','hardware',2,'','SSD has the highest theoretical and practical transfer rate among these choices.',1);
INSERT INTO "quiz_question" VALUES(46,'How many disks can fail in a RAID 5 array without risk of data loss?','hardware',3,'','RAID 5 distributes parity along with the data and requires that all drives but one be present to operate. The array is not destroyed by a single drive failure. On drive failure, any subsequent reads can be calculated from the distributed parity such that the drive failure is masked from the end user.',1);
INSERT INTO "quiz_question" VALUES(47,'Which RAID level provides the highest fault tolerance, given an array of 3 disks?','hardware',3,'','With RAID 1, n-1 disks can fail without losing data. With RAID 3 and RAID 5 only one disk can fail. RAID 0 provides no fault tolerance at all.',1);
INSERT INTO "quiz_question" VALUES(48,'Who said that the number of transistors in a chip will double every 18 months?','history',1,'','The co-founder of Intel, Gordon E. Moore.',1);
INSERT INTO "quiz_question" VALUES(49,'What is SMTP for?','history',1,'','SMTP stands for Simple Message Transfer Protocol, it is used by mail servers to send and receive mail messages.',1);
INSERT INTO "quiz_question" VALUES(50,'When will the world run out of the free pool of IPv4 addresses?','history',1,'','On 31 January 2011, IANA (Internet Assigned Numbers Authority) announced it had exhausted its free pool of IPv4 addresses.',1);
INSERT INTO "quiz_question" VALUES(51,'Which browser was the ancestor of Firefox?','history',1,'','The Firefox project began as an experimental branch of the Mozilla project.',1);
INSERT INTO "quiz_question" VALUES(52,'Who invented semaphores in concurrent programs?','history',2,'','Edsger W. Dijkstra, to whom we owe much (banker''s algorithm, philosopher''s dinner, Dijkstra algorithm, ...)',1);
INSERT INTO "quiz_question" VALUES(53,'Which operating system was not derived from a version of UNIX?','history',3,'','MINIX is a UNIX-like system but it was not derived from UNIX. The others can all be traced back to some version of UNIX.',1);
INSERT INTO "quiz_question" VALUES(54,'Which operating system was the inspiration of Linux?','history',3,'','MINIX inspired Linus Torvalds to create the Linux kernel.',1);
INSERT INTO "quiz_question" VALUES(55,'In what language was UNIX originally written?','history',3,'','UNIX was originally written in assembly language, and later rewritten in C.',1);
INSERT INTO "quiz_question" VALUES(56,'Which command will give read permission on a file for everyone?','linux',1,'','"a" means everyone, "+r" means give read permission. 444 is not correct, because it does more than just give read permission, at the same time it removes write and execute permissions.',1);
INSERT INTO "quiz_question" VALUES(57,'How to shutdown safely a GNU/Linux machine?','linux',1,'','Ctrl-Alt-F1 will switch from graphical mode to the first virtual terminal in GNU/Linux. When on a virtual terminal, most GNU/Linux systems are configured to shut down safely.',1);
INSERT INTO "quiz_question" VALUES(58,'Which command will print the current working directory in UNIX?','linux',1,'','The pwd command prints the absolute path of the current working directory. Usually the same value is also stored in the environment variable $PWD.',1);
INSERT INTO "quiz_question" VALUES(59,'How to check the available disk space in GNU/Linux?','linux',1,'','The letters of the command stand for "disk free", and the "-h" makes the output more "human-friendly".',1);
INSERT INTO "quiz_question" VALUES(60,'In UNIX, how to put the current command in the background?','linux',1,'','Ctrl-z pauses execution of the current job, and the bg program puts the paused job in the background.',1);
INSERT INTO "quiz_question" VALUES(61,'Which is an example of input redirection?','linux',2,'','"<" is the input redirection operator in common shells, even in DOS.',1);
INSERT INTO "quiz_question" VALUES(62,'If you have a guest account on a GNU/Linux system, which port can you use to setup your personal echo server?','linux',2,'','In GNU/Linux only a superuser can open ports below 1024.',1);
INSERT INTO "quiz_question" VALUES(63,'When will this cron job run? 0 */5 * * * date','linux',2,'','The first column indicates the minute, the second column indicates the hour in a cron job definition.',1);
INSERT INTO "quiz_question" VALUES(64,'In the bash shell, which is similar to and better than `cmd`?','linux',2,'','$(command) and `command` are the two forms of command substitution.',1);
INSERT INTO "quiz_question" VALUES(65,'Which variable controls the prompt in bash?','linux',2,'','PS1 controls the primary prompt string in bash.',1);
INSERT INTO "quiz_question" VALUES(66,'Which file can restrict access to the system?','linux',2,'','The /etc/hosts.allow file can contain a list of hosts that are allowed to access the system.',1);
INSERT INTO "quiz_question" VALUES(67,'Which file contains well known port numbers?','linux',2,'','The /etc/services file contains well known port numbers of common services, as assigned by IANA.',1);
INSERT INTO "quiz_question" VALUES(68,'Which command will assign permissions rwxr-x--- to a file?','linux',2,'','chmod 750 gives all permissions to the owner (4 + 2 + 1), read and execute permission to the group (4 + 1), and no permissions for others (0).',1);
INSERT INTO "quiz_question" VALUES(69,'Which was the earliest GNU/Linux distribution?','linux',2,'','Knoppix, Ubuntu, Mint are all derivatives of Debian.',1);
INSERT INTO "quiz_question" VALUES(70,'What is usually not stored in /etc/passwd?','linux',2,'','The password is usually stored in /etc/shadow, with more strict access permissions.',1);
INSERT INTO "quiz_question" VALUES(71,'In which column of /etc/fstab might you see /proc?','linux',3,'','/proc looks like a mount point, so it is most likely the second column.',1);
INSERT INTO "quiz_question" VALUES(72,'Which command will produce different output?','linux',3,'','The perl command does not read standard input, therefore it cannot match the string "tmp" like the other commands.',1);
INSERT INTO "quiz_question" VALUES(73,'Which command will create a backup of /opt/apache/ directory?','linux',3,'','The "c" specifies that we want to create an archive, the "f" followed by a filename is the destination, the -C followed by a directory to change to, the "apache" in the end is the name of the file/directory to backup. The other choices are incorrect.',1);
INSERT INTO "quiz_question" VALUES(74,'Which command is used to configure a firewall?','linux',3,'','iptables is an administration tool for IPv4 packet filtering and NAT, a common firewall software in GNU/Linux.',1);
INSERT INTO "quiz_question" VALUES(75,'Which environment variable is usually not a path?','linux',3,'','LOGNAME is usually the username of the current user, not a path.',1);
INSERT INTO "quiz_question" VALUES(76,'Which file controls the number of available virtual terminals in GNU/Linux?','linux',3,'','The virtual terminals are configured in the /etc/inittab file.',1);
INSERT INTO "quiz_question" VALUES(77,'In GNU/Linux, which runlevel is a multi-user runlevel?','linux',3,'','Runlevels 2 to 5 are multi-user runlevels.',1);
INSERT INTO "quiz_question" VALUES(78,'In GNU/Linux, what is the name of the process with PID 1?','linux',3,'','In GNU/Linux the "init" process is the parent of all processes, it gets the first PID which is 1.',1);
INSERT INTO "quiz_question" VALUES(79,'Which signal cannot be trapped?','linux',3,'','The KILL signal is non-catchable, non-ignorable, immediately kills a process without possibility of cleaning up.',1);
INSERT INTO "quiz_question" VALUES(80,'What is the purpose of the PAGER variable in UNIX?','linux',3,'','The PAGER variable can be used to override the default program used to view man pages.',1);
INSERT INTO "quiz_question" VALUES(81,'Which command cannot list the files in a directory?','linux',3,'','The dirs command shows the list of remembered directories (stored by the pushd command), it cannot be used to list the files in a directory.',1);
INSERT INTO "quiz_question" VALUES(82,'Which command cannot send an email in GNU/Linux?','linux',3,'','groff is a document formatting system (for example rendering man pages) and cannot be used to send emails. Yes you can send an email with telnet, though it won''t be pretty.',1);
INSERT INTO "quiz_question" VALUES(83,'Which command check if a given PID is running or not?','linux',3,'','The top command shows only a subset of all processes, it might not include the PID you''re looking for. You can use kill -0 PID to check any PID, but of course ps -p is the ideal choice.',1);
INSERT INTO "quiz_question" VALUES(84,'Mac OS X is based on which operating system?','mac',2,'','OS X, previously Mac OS X, is based on the NeXTSTEP operating system, which incorporates certain parts from FreeBSD''s and NetBSD''s implementation of UNIX.',1);
INSERT INTO "quiz_question" VALUES(85,'The kernel of Mac OS X is based on which kernel?','mac',2,'','Mach is an operating system kernel developed at Carnegie Mellon University to support operating system research, primarily distributed and parallel computation.',1);
INSERT INTO "quiz_question" VALUES(86,'Which is not a version of Mac OS X?','mac',2,'','There was no Mac OS X version with codename Kitten, the codename of version 10.1 was Puma.',1);
INSERT INTO "quiz_question" VALUES(87,'Which utility is not installed by default on a Mac OS X?','mac',2,'','Mac OS X uses mostly BSD implementation of common UNIX tools, as opposed to GNU implementation. Gawk is the GNU implementation of the AWK programming language.',1);
INSERT INTO "quiz_question" VALUES(88,'What does the "X" stand for in Mac OS X?','mac',2,'','The X stands for the roman letter, meaning 10. Its predecessor was Mac OS 9.',1);
INSERT INTO "quiz_question" VALUES(89,'What is the purpose of a DHCP server?','network',1,'','The Dynamic Host Configuration Protocol (DHCP) is a network protocol used to configure devices that are connected to a network so they can communicate on that network using the Internet Protocol (IP).',1);
INSERT INTO "quiz_question" VALUES(90,'What is IPsec?','network',1,'','IPsec is an end-to-end security scheme operating in the Internet Layer of the Internet Protocol Suite.',1);
INSERT INTO "quiz_question" VALUES(91,'Which one looks like a netmask?','network',1,'','The subnet mask is used to separate the network address part and the host identifier part of an IP address. For example if the IP address is 192.168.2.103 and the subnet mask is 255.255.255.0, then the network address is 192.168.2.0 and the host identifier is 103.',1);
INSERT INTO "quiz_question" VALUES(92,'What is the common port number of an FTP server?','network',2,'','The common port of an FTP server is 21.',1);
INSERT INTO "quiz_question" VALUES(93,'Which is not one of the default chains of an iptables firewall?','network',2,'','ACCEPT is not a chain, but a rule. The others are typical chains.',1);
INSERT INTO "quiz_question" VALUES(94,'Which file might contain such line: nameserver 192.168.1.1','network',2,'','The /etc/resolv.conf file is used to provide various information to DNS resolver.',1);
INSERT INTO "quiz_question" VALUES(95,'Which is not essential for connecting to another computer on the same LAN?','network',2,'','It is not possible to connect to another computer without configuring a network interface with an IP address and correct netmask, and a route between the computers. A name server is optional.',1);
INSERT INTO "quiz_question" VALUES(96,'How to find the default gateway?','network',2,'','The route command prints all the routes, including the default gateway.',1);
INSERT INTO "quiz_question" VALUES(97,'How to check if port 1234 is listening for incoming connections?','network',2,'','telnet is useful to check if a port is open. Another easy way is using netstat, but not with the -p flag.',1);
INSERT INTO "quiz_question" VALUES(98,'Which does not necessarily cause the failure of: ping google.com','network',2,'','Being on a NAT does not necessarily prevent access to the outside. The other factors would necessarily prevent pinging google.com',1);
INSERT INTO "quiz_question" VALUES(99,'What is the purpose of mounting a disk?','os',1,'','Mounting a disk is the process of making a file system accessible.',1);
INSERT INTO "quiz_question" VALUES(100,'How many primary partitions are allowed on a PC hard disk?','os',1,'','The total data storage space of a PC HDD can be divided into at most four primary partitions, or alternatively three primary partitions and an extended partition.',1);
INSERT INTO "quiz_question" VALUES(101,'Which is not an operating system?','os',2,'','Linux is the kernel used in the GNU/Linux operating system, not an operating system by itself.',1);
INSERT INTO "quiz_question" VALUES(102,'What is the file descriptor number of stderr?','os',2,'','The file descriptor number of standard error is 2.',1);
INSERT INTO "quiz_question" VALUES(103,'How to declare a pointer to an integer in C?','programming',1,'','In the C language you declare pointers using *, which is called the value-at-address operator or indirection operator.',1);
INSERT INTO "quiz_question" VALUES(104,'What will be the value of i when executing int i = 10 / 3','programming',1,'','Since i is integer, the decimal part of the computation will be simply ignored.',1);
INSERT INTO "quiz_question" VALUES(105,'What will be the value of int i = 3 % 5?','programming',1,'','The modulo (sometimes called modulus) operation finds the remainder of division of one number by another. 3 divided by 5 is 0, and the remainder is 3.',1);
INSERT INTO "quiz_question" VALUES(106,'When would you use a LinkedList instead of an ArrayList?','programming',2,'','In a linked list, elements are chained together: each element has a pointer to the next. Insert and remove operations are more memory-efficient compared to an ArrayList, at the cost that random access of elements is less efficient.',1);
INSERT INTO "quiz_question" VALUES(107,'What is the advantage of using an ArrayList instead of a LinkedList?','programming',2,'','Elements in an ArrayList can be accessed directly by a numeric index, but in a LinkedList you must travers the elements from the start or the end until the desired element.',1);
INSERT INTO "quiz_question" VALUES(108,'What is CORBA for?','programming',2,'','The Common Object Request Broker Architecture (CORBA) enables software components written in multiple computer languages and running on multiple computers to work together.',1);
INSERT INTO "quiz_question" VALUES(109,'What is the purpose of a CRC function?','programming',2,'','A cyclic redundancy check (CRC) is an error-detecting code commonly used in digital networks and storage devices to detect accidental changes to raw data.',1);
INSERT INTO "quiz_question" VALUES(110,'How to declare the main method of a C program?','programming',2,'','The main method should return integer, and the arguments should give the number and values of the program''s command-line arguments.',1);
INSERT INTO "quiz_question" VALUES(111,'Which regular expression will not match "foobar"?','programming',2,'','The "." matches any character, but since there is nothing between "foo" and "bar", this won''t match.',1);
INSERT INTO "quiz_question" VALUES(112,'Which regular expression will match a word that starts with "foo" and has at least 4 letters?','programming',2,'','The "\<" indicates the start of a word, and "\w+" indicates one or more word characters. The other choices are not restrictive enough, and may match input that doesn''t meet the criteria.',1);
INSERT INTO "quiz_question" VALUES(113,'How to match an empty line using regular expressions?','programming',2,'','The "^" indicates the beginning of the line, and the "$" indicates the end of the line. Thus, if the beginning of the line is followed directly by the end of the line, that must be an empty line.',1);
INSERT INTO "quiz_question" VALUES(114,'If i=3 and j=i++, what is the value of j?','programming',2,'','In j=i++ the value of i will be first copied to j before i is incremented.',1);
INSERT INTO "quiz_question" VALUES(115,'What will be the value of f when executing float f = 5 / 2 / .5; in the C language?','programming',2,'','The first division will be treated as an operation on integers, resulting in 2, which divided by 0.5 will result in 4.',1);
INSERT INTO "quiz_question" VALUES(116,'What will be the value of f when executing float f = 5 / 2. / .5; in the C language?','programming',2,'','In the first division, "2." will be treated as a float, and the result of the division will be 2.5, which then divided by 0.5 will result in 5.',1);
INSERT INTO "quiz_question" VALUES(117,'In C#, which keyword is not related to method overloading?','programming',2,'','"implements" is a keyword in Java but not in C#.',1);
INSERT INTO "quiz_question" VALUES(118,'What is the operator of bitwise XOR in C?','programming',2,'','& is bitwise AND, | is bitwise OR, ~ is bitwise NOT, and ^ is bitwise XOR (exclusive OR).',1);
INSERT INTO "quiz_question" VALUES(119,'What is the maximum value of a uint16_t?','programming',2,'','uint16_t = unsigned int over 16 bits = 2^16-1 = 65535',1);
INSERT INTO "quiz_question" VALUES(120,'In C, given char **argv, what is equivalent to printf("%s\n", argv[0])','programming',3,'','argv + n is the address of the n-th element in the array. The * operator dereferences the pointer, obtaining the value stored at the pointed location.',1);
INSERT INTO "quiz_question" VALUES(121,'Which regular expression is a zero-width positive look-behind assertion?','programming',3,'','Usually, "<" indicates a look-behind assertion, and its absence a look-ahead assertion. Usually "=" indicates a positive assertion and "!" a negative assertion.',1);
INSERT INTO "quiz_question" VALUES(122,'Which is not in the same group as LISP?','programming',3,'','LISP, R, Scheme, and Scala are all functional languages. C++ is an imperative language.',1);
INSERT INTO "quiz_question" VALUES(123,'Which is not in the same group as C++?','programming',3,'','C++, C, Java, and MATLAB, are all imperative languages. Haskell is a functional language.',1);
INSERT INTO "quiz_question" VALUES(124,'What is the most likely to cause a stack overflow?','programming',3,'','A common cause of a stack overflow is very deep or infinite recursion, exhausting the address space of the call stack. A common solution is to improve the algorithm to reduce the depth of recursions.',1);
INSERT INTO "quiz_question" VALUES(125,'What is wrong with static methods?','programming',3,'','Code calling static methods is hard to test because you cannot mock the static calls. Static methods in themselves are not hard to test. The other statements are true of static methods but don''t constitute a "problem".',1);
INSERT INTO "quiz_question" VALUES(126,'What kind of regular expression is this: (?=pattern)','programming',3,'','This is zero-width positive look-ahead assertion. For example /\w+(?=\t)/ matches a word followed by a tab.',1);
INSERT INTO "quiz_question" VALUES(127,'In C/C++ what is the effect of the volatile keyword ?','programming',3,'','The variable may change "on its own" (means an interrupt or another thread might change it) so don''t optimize code and always read the value of this variable.',1);
INSERT INTO "quiz_question" VALUES(128,'Which command will change to your home directory in UNIX?','scripting',1,'','The cd command without arguments changes to the home directory in UNIX and GNU/Linux systems.',1);
INSERT INTO "quiz_question" VALUES(129,'In UNIX, which shell variable stores the exit code of the last executed command?','scripting',1,'','$? stores the exit code of the last executed command. $$ is the PID of the current process, $@ is the list of command line arguments and $1 is the first command line argument.',1);
INSERT INTO "quiz_question" VALUES(130,'How to save the output of a command to a file and see it at the same time?','scripting',1,'','The tee command takes standard input, save it to the specified file and at the same time prints it back to standard output.',1);
INSERT INTO "quiz_question" VALUES(131,'How to redirect the output of a script to /dev/null in Windows?','scripting',1,'','The Null Device Driver component provides the functional equivalent of \dev\null in the Unix environment by accepting I/O request packets and returning them to the caller.',1);
INSERT INTO "quiz_question" VALUES(132,'How to convert all characters in a file to lowercase?','scripting',2,'','tr reads text from standard input and writes to standard output. It does not take filenames as input or output arguments.',1);
INSERT INTO "quiz_question" VALUES(133,'How to append .bak extension to all files in a directory and all its sub-directories?','scripting',2,'','The -exec flag of the find command should end either with \; or +. With + the command will be executed only once with all files as arguments. With \; the command will be executed once for each file.',1);
INSERT INTO "quiz_question" VALUES(134,'In which scripting language is this a valid statement: cmd=/bin/cat.exe','scripting',2,'','This is a valid statement to assign the value "/bin/cat.exe" to the variable "cmd" in bash. The statement is not valid in the other languages.',1);
INSERT INTO "quiz_question" VALUES(135,'The bash shell reads which file first on startup?','scripting',2,'','When run without special options, bash reads /etc/profile first.',1);
INSERT INTO "quiz_question" VALUES(136,'How many lines will be printed by this: echo 1 && echo 2 || echo 3','scripting',2,'','2 lines: "echo 1" succeeds, therefore "echo 2" is executed, and since that succeeds, "echo 3" is not executed at all.',1);
INSERT INTO "quiz_question" VALUES(137,'How many lines will be printed by this: seq 9 | paste - - -','scripting',2,'','seq 9 will print the numbers 1 to 9, each on a separate line, and paste will organize them to 3 columns, resulting in 3 total lines in the output, starting with 1 2 3 on the first line, and so on.',1);
INSERT INTO "quiz_question" VALUES(138,'What will be the output of this: echo hello | grep hi && echo one || echo two','scripting',2,'','The grep will not match anything, which is a failure, therefore echo two will be executed.',1);
INSERT INTO "quiz_question" VALUES(139,'How to redirect both stdout and stderr of a command to the same file?','scripting',3,'','One way to achive this is to first redirect stdout and then redirect stderr to whatever stdout is pointing to.',1);
INSERT INTO "quiz_question" VALUES(140,'How to give read permission on a file to other users in GNU/Linux?','security',1,'','"o" means other users (not you and not users in the same group), and "+r" means "add read permission". Every time you do chmod 777, somewhere in the world a puppy gets killed.',1);
INSERT INTO "quiz_question" VALUES(141,'What is a disadvantage of a closed-source operating system?','security',1,'','You cannot verify how the system works, so you put yourself at the mercy of the vendor of the closed-source operating system.',1);
INSERT INTO "quiz_question" VALUES(142,'Which wireless security algorithm is the most insecure?','security',1,'','WEP has been demonstrated to have numerous flaws and has been deprecated in favour of newer standards such as WPA2.',1);
INSERT INTO "quiz_question" VALUES(143,'Which is the least unsafe?','security',2,'','Only the strncpy function checks bounds, the others don''t. Not checking bounds is very likely to lead to buffer overflow defects.',1);
INSERT INTO "quiz_question" VALUES(144,'Which is the most secure method to protect access to a website?','security',2,'','Public key authentication is usually implemented with HTTPS / SSL client certificates, and it is much safer than the other methods, where the password can be either sniffed or the authentication token replayed.',1);
INSERT INTO "quiz_question" VALUES(145,'Which kind of attack on computer security is a form of active eavesdropping (secretly listening)?','security',2,'','The attacker makes independent connections with the victims and relays messages between them, making them believe that they are talking directly to each other over a private connection, when in fact the entire conversation is controlled by the attacker.',1);
INSERT INTO "quiz_question" VALUES(146,'What is the recommended permission setting on a user''s ~/.ssh/authorized_keys file?','security',2,'','Only the owner of the file should have any kind of access.',1);
INSERT INTO "quiz_question" VALUES(147,'Which service should be removed to harden the security of a system?','security',2,'','File transfers via FTP are not encrypted, therefore they can be captured by anyone on the same network using a packet sniffereasily revealing login usernames and passwords. Windows is not a "service", it''s an operating system.',1);
INSERT INTO "quiz_question" VALUES(148,'Which open port signals a potential security risk in a UNIX-like system?','security',2,'','Port 23 is the default port of Telnet, an obsolete, insecure login service. The other ports correspond to more secure services protected by encryption.',1);
INSERT INTO "quiz_question" VALUES(149,'What is the weakest point in the computer security of a typical large firm?','security',3,'','The typical weakest point is the employees, as social engineering and human gallibility can often circumvent otherwise state of the art computer security system.',1);
INSERT INTO "quiz_question" VALUES(150,'Which is the most dangerous security probing tool?','security',3,'','nmap is a sophisticated port scanner, and can reveal much more about a network than all the other tools combined.',1);
INSERT INTO "quiz_question" VALUES(151,'Which is the worst method for encrypting data?','security',3,'','sha1 is not an encryption method but a message digest method.',1);
INSERT INTO "quiz_question" VALUES(152,'Which tool is not suitable to encrypt files?','security',3,'','encfs and TrueCrypt can be used to create encrypted directories, and openssl can be used to encrypt a stream of data. nmap is a network scanning tool, not for encryption.',1);
INSERT INTO "quiz_question" VALUES(153,'Which tool is not suitable to find open ports on the local system?','security',3,'','ping can only send ICMP ECHO requests to hosts, it cannot be used to find open ports.',1);
INSERT INTO "quiz_question" VALUES(154,'Which tool is not suitable to find open ports on a remote system?','security',3,'','Unlike the others, netstat cannot be used to scan arbitrary remote ports.',1);
INSERT INTO "quiz_question" VALUES(155,'What''s the worst thing that can happen if you configure nmap with suid root?','security',3,'','Privilege escalation could be used to create all the other damages. Except maybe releasing the kraken. Not sure.',1);
INSERT INTO "quiz_question" VALUES(156,'What''s the scariest defect that can happen in a web application?','security',3,'','A buffer overflow can potentially lead to privilege escalation, which could be used to produce all the others and much worse.',1);
INSERT INTO "quiz_question" VALUES(157,'Which kind of protocol would be the most efficient to implement low-latency communication between remote processes?','programming',2,'','A binary protocol yields the smallest possible footprint in the communication, which is often a significant boost compared to more verbose text-based protocols like SOAP or XML.',1);
INSERT INTO "quiz_question" VALUES(158,'What is the decimal value of 0x15?','system-programming',1,'','0x15 is a hexadecimal notation, its decimal value is calculated like this: 1 * 16^1 + 5 * 16^0 = 1 * 16 + 5 * 1 = 16 + 5 = 21',1);
INSERT INTO "quiz_question" VALUES(159,'What is the decimal value of 015 (octal)?','system-programming',1,'','015 is an octal notation, its decimal value is calculated like this: 1 * 8^1 + 5 * 8^0 = 1 * 8 + 5 * 1 = 8 + 5 = 13',1);
INSERT INTO "quiz_question" VALUES(160,'What is the decimal value of 0b1101?','system-programming',1,'','0b1101 is a binary notation, its decimal value is calculated like this: 1 * 2^3 + 1 * 2^2 + 0 * 2^1 + 1 * 2^0 = 8 + 4 + 1 = 13',1);
INSERT INTO "quiz_question" VALUES(161,'How to write the number 11 in binary notation?','system-programming',1,'','The value of the binary expression 0b1011 = 2^3 + 2^1 + 2^0 = 8 + 2 + 1 = 11',1);
INSERT INTO "quiz_question" VALUES(162,'Which is a low-level system programming language?','system-programming',1,'','Assembly is a low level language, designed for writing system software as distinct from application software.',1);
INSERT INTO "quiz_question" VALUES(163,'What is endianness about?','system-programming',2,'','Endian and endianness in the most common cases refers to how bytes are ordered.',1);
INSERT INTO "quiz_question" VALUES(164,'Which is not a system call?','system-programming',2,'','printf calls the write system call to print text on standard output.',1);
INSERT INTO "quiz_question" VALUES(165,'What is 0x15 + 0x17?','system-programming',2,'','0x15 is 16 + 5 = 21 and 0x17 is 16 + 7 = 23, so 21 + 23 = 44',1);
INSERT INTO "quiz_question" VALUES(166,'What is 0x15 & 0x17?','system-programming',2,'','0x15 is 10101 and 0x17 is 10111, so 10101 & 10111 = 10101 = 21',1);
INSERT INTO "quiz_question" VALUES(167,'How to represent -15 using 8-bit two''s complement?','system-programming',2,'','The 8-bit two''s complement of a number can be calculated by subtracting the unsigned number from 256, in this case 256 - 15 = 241 = 0b11110001',1);
INSERT INTO "quiz_question" VALUES(168,'In assembly, how do you usually copy a value?','system-programming',2,'','mov exists in different flavor if it copies a fixed value, a register, a value in memory.',1);
INSERT INTO "quiz_question" VALUES(169,'In assembly, what is an interrupt?','system-programming',2,'','An interrupt is a signal to the processor emitted by hardware or software indicating an event that needs immediate attention.',1);
INSERT INTO "quiz_question" VALUES(170,'How much is ((1 << 2) | (1 << 1)) & 0x03 in decimal?','system-programming',2,'','(0100 | 0010) & 0011 = 0110 & 0011 = 0010 = 2',1);
INSERT INTO "quiz_question" VALUES(171,'How do you clear the 3rd bit of a byte Z?','system-programming',2,'','Z = Z & ~0100 = Z & 1011 = effectively setting the 3rd bit to zero.',1);
INSERT INTO "quiz_question" VALUES(172,'Which is not a programming language?','system-programming',3,'','CGI stands for Common Gateway Interface, a standard for dynamic generation of web pages by a web server. It is not a programming language.',1);
INSERT INTO "quiz_question" VALUES(173,'How to check the owner of a domain name?','tools',1,'','The whois command looks up records in the database maintained by several Network Information Centers (NICs).',1);
INSERT INTO "quiz_question" VALUES(174,'What is the purpose of an .md5 file?','tools',1,'','md5 is a so-called digest function. You can use it to calculate the digest of a downloaded file, and if doesn''t match with the .md5 file provided by the server, that means the downloaded file is corrupt, not identical to the original file on the server.',1);
INSERT INTO "quiz_question" VALUES(175,'How to cycle between tabs in most tabbed browsers?','tools',1,'','Usually, Ctrl-Tab switches to the next tab and Ctrl-Shift-Tab switches to the previous tab in a tabbed browser.',1);
INSERT INTO "quiz_question" VALUES(176,'How many characters wide is a TAB?','tools',1,'','The visual length of the TAB character depends on the viewing application and your personal settings.',1);
INSERT INTO "quiz_question" VALUES(177,'Which audio format is lossless?','tools',1,'','FLAC (Free Lossless Audio Codec) is a codec (compressor-decompressor or coder-decoder) which allows digital audio to be losslessly compressed such that file size is reduced without any information being lost.',1);
INSERT INTO "quiz_question" VALUES(178,'Which compression tool cannot work as a filter?','tools',2,'','7zip has a very compression ratio but it cannot be used a filter.',1);
INSERT INTO "quiz_question" VALUES(179,'How to print the 3rd and 5th columns of a csv file?','tools',2,'','The -f flag is used to specify the columns, which can be a comma separated list. The -d flag is used to specify the delimiter of the columns.',1);
INSERT INTO "quiz_question" VALUES(180,'How to check if a web server is running?','tools',2,'','One way to check if a web server is running is to send a GET request to it using telnet, for example by sending the text "GET /".',1);
INSERT INTO "quiz_question" VALUES(181,'Which filesystem does not use journaling?','tools',2,'','ext2 is an old filesystem introduced in 1993, it did not use a journal. It has been supplanted by ext3, which is almost completely compatible with ext2 and is a journaling file system.',1);
INSERT INTO "quiz_question" VALUES(182,'How to check if the network interface is correctly configured in GNU/Linux?','tools',2,'','The ifconfig command shows the configuration of network interfaces, including such details as IP address, netmask, broadcast address and MAC address.',1);
INSERT INTO "quiz_question" VALUES(183,'How to permit incoming connections to the web server?','tools',2,'','-A INPUT is required to indicate incoming connections, --dport 80 is required to match destination port 80, -j ACCEPT is required to permit the connection.',1);
INSERT INTO "quiz_question" VALUES(184,'How to list the currently mounted file systems?','tools',2,'','The mount command with no parameters shows the currently mounted file systems.',1);
INSERT INTO "quiz_question" VALUES(185,'Which tool is most useful for load testing a web server?','tools',2,'','ab is the Apache HTTP server benchmarking tool, but it is useful to perform load testing on any web server.',1);
INSERT INTO "quiz_question" VALUES(186,'Which is not a web server software?','tools',3,'','X server is the server counterpart of the X Window System in UNIX, and has nothing to do with web servers.',1);
INSERT INTO "quiz_question" VALUES(187,'Which is not a network analysis tool?','tools',3,'','tcpdump dumps traffic on a network; wireshark is a network traffic analyzer; nmap is a network security auditing tool; that leaves us with screen, which is a terminal multiplexer tool.',1);
INSERT INTO "quiz_question" VALUES(188,'What is the purpose of the -h flag of the ls command in UNIX?','tools',3,'','When used together with the -l flag for long format, the -h makes the ls command print file sizes in human readable format like 1K, 234M, 2G.',1);
INSERT INTO "quiz_question" VALUES(189,'How to print the 2nd and 1st columns of a csv file, in that order?','tools',3,'','The awk solution works, by setting the input and output field separators to a comma, and printing the selected columns in the desired order.',1);
INSERT INTO "quiz_question" VALUES(190,'Which is a common version control operation?','version-control',1,'','The merge operation is used to combine multiple branches of code under version control into one.',1);
INSERT INTO "quiz_question" VALUES(191,'Which is not a Version Control System?','version-control',2,'','CSV stands for Comma Separated Values, it is a common file format, not a Version Control System.',1);
INSERT INTO "quiz_question" VALUES(192,'Which version control operation will never result in a conflict?','version-control',2,'','The update, merge and rebase operations all involve some sort of merging, and may result in conflicts. The add operation can never result in a conflict.',1);
INSERT INTO "quiz_question" VALUES(193,'Which version control operation may rewrite the history?','version-control',2,'','The rebase operation rewrites the history of a branch by replaying a set of changes on top another branch.',1);
INSERT INTO "quiz_question" VALUES(194,'Which version control operation requires access to the server in a centralized VCS?','version-control',2,'','In a centralized VCS all operations that involve the history need to access the repository on the central server. The status, add, and mv commands can be performed without access to the server.',1);
INSERT INTO "quiz_question" VALUES(195,'In version control, what is the term for merging another branch that is not diverged but some versions ahead of the current branch?','version-control',3,'','In this situation the current branch HEAD can be simply fast-forwarded to the same position as the other branch HEAD, hence the name.',1);
INSERT INTO "quiz_question" VALUES(196,'In version control, which is the least scalable workflow?','version-control',3,'','The central server can become a bottleneck. The other workflows can be scaled by replicating them on multiple layers.',1);
INSERT INTO "quiz_question" VALUES(197,'Which is a Distributed Version Control System?','version-control',3,'','These are all version control systems, but only Mercurial has a distributed model, the others use a client-server model.',1);
INSERT INTO "quiz_question" VALUES(198,'What can be a disadvantage of a distributed VCS compared to a centralized VCS?','version-control',3,'','In a distributed VCS, initial cloning is typically slower, as the tool must download the entire project history. The other choices are disadvantages of centralized VCS.',1);
INSERT INTO "quiz_question" VALUES(199,'In a version control system, which type of conflict can have an automatic resolution when merging branchA into branchB?','version-control',3,'','If branchA and branchB edited completely different parts of the file, that should be possible to resolve automatically. The other types of conflict require an explicit decision and action by a human.',1);
INSERT INTO "quiz_question" VALUES(200,'Which is not a valid character in HTML as tag content?','web-programming',1,'','In HTML content "&" should be written as &amp;',1);
INSERT INTO "quiz_question" VALUES(201,'In web programming, which variable stores the input data of a GET request?','web-programming',1,'','The QUERY_STRING is the part of a URL after the question mark, not including the question mark itself, for example "search=hello&page=2".',1);
INSERT INTO "quiz_question" VALUES(202,'Which website offers free validation of your HTML code?','web-programming',1,'','The website http://validator.w3.org/ can validate all kinds of web documents and show the list of errors with explanations.',1);
INSERT INTO "quiz_question" VALUES(203,'When might you see this: 404 - File not found','web-programming',1,'','404 is an HTTP status code, returned by the web server when the requested URL is unknown to the server.',1);
INSERT INTO "quiz_question" VALUES(204,'Where exactly is the HTTP 404 File not found error generated?','web-programming',1,'','When the requested URL doesn''t exist, the web server responds with 404 status code to the client.',1);
INSERT INTO "quiz_question" VALUES(205,'In web programming, what is the QUERY_STRING?','web-programming',2,'','The QUERY_STRING is the part of a URL after the question mark, not including the question mark itself, for example "search=hello&page=2".',1);
INSERT INTO "quiz_question" VALUES(206,'What is the status code of a successful HTTP request?','web-programming',2,'','"200 OK" is the standard response for successful HTTP requests.',1);
INSERT INTO "quiz_question" VALUES(207,'What does CGI stand for in web programming?','web-programming',2,'','Common Gateway Interface, a standard for dynamic generation of web pages by a web server.',1);
INSERT INTO "quiz_question" VALUES(208,'In web programming, where are cookies stored?','web-programming',2,'','Cookies are stored on the client side and sent to the server until expired',1);
INSERT INTO "quiz_question" VALUES(209,'Which is not a standard attribute of HTTP cookie parameters?','web-programming',2,'','Standard parameters of HTTP cookies are: Expires, Domain, Path, HttpOnly, Secure. Date is not one of them.',1);
INSERT INTO "quiz_question" VALUES(210,'What marks the end of an HTTP header?','web-programming',2,'','The end of the header fields is indicated by an empty field, resulting in the transmission of two consecutive CR-LF pairs.',1);
INSERT INTO "quiz_question" VALUES(211,'Which is not a common CGI environment variable?','web-programming',3,'','HTTP_USER_AGENT is the browser type of the visitor, HTTP_REFERER is the URL of the page that called the current one, and DOCUMENT_ROOT is the root directory of the server.',1);
INSERT INTO "quiz_question" VALUES(212,'Which is a common CGI environment variable?','web-programming',3,'','REMOTE_ADDR is the IP address of the visitor.',1);
INSERT INTO "quiz_question" VALUES(213,'Which HTTP method was not part of the HTTP/1.0 specification?','web-programming',3,'','The OPTIONS method was added in the HTTP/1.1 specification.',1);
INSERT INTO "quiz_question" VALUES(214,'What is the difference between the GET and HEAD methods of the HTTP protocol?','web-programming',3,'','The response of a HEAD requests is a header identical to that of a GET request, but without a response body.',1);
INSERT INTO "quiz_question" VALUES(215,'Which server response is not part of the HTTP standard?','web-programming',3,'','404 is part of the standard but it means something else: "Not Found"',1);
INSERT INTO "quiz_question" VALUES(216,'Which type of error is indicated by a 4xx class of HTTP status code?','web-programming',3,'','Status codes in the class 4xx all indicate some kind of client error, such as requesting a non-existent page, or a syntax error in the request, just to name a few.',1);
INSERT INTO "quiz_question" VALUES(217,'What can you do with HTTP POST that you cannot do with HTTP GET?','web-programming',3,'','Uploading a file requires enclosing an entity in the request, which is supported by a POST request but not by a GET request.',1);
INSERT INTO "quiz_question" VALUES(218,'What was the limit of the header size in the HTTP/1.0 standard?','web-programming',3,'','The standard itself does not set a limit on the header size, but most implementations impose some limits for practical and security reasons.',1);
INSERT INTO "quiz_question" VALUES(219,'What is the command to open a remote desktop connection in Windows?','windows',1,'','It''s mstsc.exe',1);
INSERT INTO "quiz_question" VALUES(220,'What is the keyboard shortcut to lock your PC on Windows?','windows',1,'','It''s Windows-l, for "lock"',1);
INSERT INTO "quiz_question" VALUES(221,'What is the keyboard shortcut to open the system properties in Windows?','windows',1,'','The Windows-Pause/Break combo opens the system properties window, useful to check basic system properties, edit environment variable, among others.',1);
INSERT INTO "quiz_question" VALUES(222,'What is the keyboard shortcut to open the task manager in Windows?','windows',1,'','Ctrl + Shift + Escape opens the task manager, useful to view memory usage and kill processes.',1);
INSERT INTO "quiz_question" VALUES(223,'How to delete a directory recursively in Windows?','windows',2,'','rmdir /s/q deletes the specified directory and all subdirectories. It is the equivalent of rm -fr in UNIX.',1);
INSERT INTO "quiz_question" VALUES(224,'In Windows, how can you know what time the machine was started?','windows',2,'','The net statistics server command prints various interesting statistics about the running system, including the time it was started, similar to the uptime utility in UNIX.',1);
INSERT INTO "quiz_question" VALUES(225,'How to map a network share to a drive letter in Windows?','windows',2,'','You can map a network share to a drive letter with net use. The first parameter is the drive letter followed by a colon, the second parameter is the path to the network share.',1);
INSERT INTO "quiz_question" VALUES(226,'Which is not a standard environment variable in Windows?','windows',2,'','%cd% is the current working directory, %date% is the current date, %time% is the current time. %pwd% is not a standard environment variable in Windows.',1);
INSERT INTO "quiz_question" VALUES(227,'What is the main function of the Domain Controller on a Microsoft Server?','windows',2,'','The main function of the Domain Controller is to handle user authentication requests.',1);
INSERT INTO "quiz_question" VALUES(228,'Which was the first version of Microsoft Windows that enforced preemptive multitasking?','windows',3,'','Windows NT was the first version of Microsoft Windows which enforced preemptive multitasking. Earlier versions used cooperative multitasking.',1);
INSERT INTO "quiz_answer" VALUES(1,1,'O(1)',1,1);
INSERT INTO "quiz_answer" VALUES(2,1,'O(n)',0,1);
INSERT INTO "quiz_answer" VALUES(3,1,'O(n log n)',0,1);
INSERT INTO "quiz_answer" VALUES(4,1,'O(n^2)',0,1);
INSERT INTO "quiz_answer" VALUES(5,2,'O(n^2)',1,1);
INSERT INTO "quiz_answer" VALUES(6,2,'O(1)',0,1);
INSERT INTO "quiz_answer" VALUES(7,2,'O(n)',0,1);
INSERT INTO "quiz_answer" VALUES(8,2,'O(n log n)',0,1);
INSERT INTO "quiz_answer" VALUES(9,3,'O(n^2)',1,1);
INSERT INTO "quiz_answer" VALUES(10,3,'O(n)',0,1);
INSERT INTO "quiz_answer" VALUES(11,3,'slooooow',0,1);
INSERT INTO "quiz_answer" VALUES(12,3,'O(n log n)',0,1);
INSERT INTO "quiz_answer" VALUES(13,4,'O(n log n)',1,1);
INSERT INTO "quiz_answer" VALUES(14,4,'O(n^2)',0,1);
INSERT INTO "quiz_answer" VALUES(15,4,'O(n)',0,1);
INSERT INTO "quiz_answer" VALUES(16,4,'like lightning',0,1);
INSERT INTO "quiz_answer" VALUES(17,5,'heapsort',1,1);
INSERT INTO "quiz_answer" VALUES(18,5,'bubble sort',0,1);
INSERT INTO "quiz_answer" VALUES(19,5,'merge sort',0,1);
INSERT INTO "quiz_answer" VALUES(20,5,'insertion sort',0,1);
INSERT INTO "quiz_answer" VALUES(21,6,'Encrypt data',1,1);
INSERT INTO "quiz_answer" VALUES(22,6,'Accelerate table lookup',0,1);
INSERT INTO "quiz_answer" VALUES(23,6,'Accelerate data comparison',0,1);
INSERT INTO "quiz_answer" VALUES(24,6,'Generate fixed length output data',0,1);
INSERT INTO "quiz_answer" VALUES(25,7,'Hash functions are fast',1,1);
INSERT INTO "quiz_answer" VALUES(26,7,'Hash functions are akin to lossy compression',0,1);
INSERT INTO "quiz_answer" VALUES(27,7,'Hash functions return the same output for the same input',0,1);
INSERT INTO "quiz_answer" VALUES(28,7,'Hash functions are related to checksums',0,1);
INSERT INTO "quiz_answer" VALUES(29,8,'Make',1,1);
INSERT INTO "quiz_answer" VALUES(30,8,'Apache Ant',0,1);
INSERT INTO "quiz_answer" VALUES(31,8,'Apache Maven',0,1);
INSERT INTO "quiz_answer" VALUES(32,8,'CMake',0,1);
INSERT INTO "quiz_answer" VALUES(33,9,'Debug the source code',1,1);
INSERT INTO "quiz_answer" VALUES(34,9,'Compile the source code',0,1);
INSERT INTO "quiz_answer" VALUES(35,9,'Eliminate redundant tasks',0,1);
INSERT INTO "quiz_answer" VALUES(36,9,'Execute unit tests',0,1);
INSERT INTO "quiz_answer" VALUES(37,10,'make',1,1);
INSERT INTO "quiz_answer" VALUES(38,10,'coffee break',0,1);
INSERT INTO "quiz_answer" VALUES(39,10,'make clean',0,1);
INSERT INTO "quiz_answer" VALUES(40,10,'make universe',0,1);
INSERT INTO "quiz_answer" VALUES(41,11,'A build tool based on Java',1,1);
INSERT INTO "quiz_answer" VALUES(42,11,'Social insect of the family Formicidae',0,1);
INSERT INTO "quiz_answer" VALUES(43,11,'An IDE for the Java language',0,1);
INSERT INTO "quiz_answer" VALUES(44,11,'A debugger for the Java language',0,1);
INSERT INTO "quiz_answer" VALUES(45,12,'Makefile',1,1);
INSERT INTO "quiz_answer" VALUES(46,12,'make.config',0,1);
INSERT INTO "quiz_answer" VALUES(47,12,'config.ini',0,1);
INSERT INTO "quiz_answer" VALUES(48,12,'build.xml',0,1);
INSERT INTO "quiz_answer" VALUES(49,13,'build.xml',1,1);
INSERT INTO "quiz_answer" VALUES(50,13,'Makefile',0,1);
INSERT INTO "quiz_answer" VALUES(51,13,'ant.config',0,1);
INSERT INTO "quiz_answer" VALUES(52,13,'config.ini',0,1);
INSERT INTO "quiz_answer" VALUES(53,14,'pom.xml',1,1);
INSERT INTO "quiz_answer" VALUES(54,14,'build.xml',0,1);
INSERT INTO "quiz_answer" VALUES(55,14,'pom-pom.pom',0,1);
INSERT INTO "quiz_answer" VALUES(56,14,'config.ini',0,1);
INSERT INTO "quiz_answer" VALUES(57,15,'taskA: taskB',1,1);
INSERT INTO "quiz_answer" VALUES(58,15,'taskB: taskA',0,1);
INSERT INTO "quiz_answer" VALUES(59,15,'taskA -> taskB',0,1);
INSERT INTO "quiz_answer" VALUES(60,15,'taskB <- taskA',0,1);
INSERT INTO "quiz_answer" VALUES(61,16,'package',1,1);
INSERT INTO "quiz_answer" VALUES(62,16,'compile',0,1);
INSERT INTO "quiz_answer" VALUES(63,16,'coffee break',0,1);
INSERT INTO "quiz_answer" VALUES(64,16,'install',0,1);
INSERT INTO "quiz_answer" VALUES(65,17,'Remove generated files',1,1);
INSERT INTO "quiz_answer" VALUES(66,17,'Detect and report bugs in the software',0,1);
INSERT INTO "quiz_answer" VALUES(67,17,'Remove careless bugs and useless features',0,1);
INSERT INTO "quiz_answer" VALUES(68,17,'Remove unknown files that don''t belong to the project',0,1);
INSERT INTO "quiz_answer" VALUES(69,18,'No, because HTML is not a regular language',1,1);
INSERT INTO "quiz_answer" VALUES(70,18,'Yes, you can parse anything using regular expressions',0,1);
INSERT INTO "quiz_answer" VALUES(71,18,'No, because HTML has too many angle brackets',0,1);
INSERT INTO "quiz_answer" VALUES(72,18,'Yes, because HTML is a context-free language',0,1);
INSERT INTO "quiz_answer" VALUES(73,19,'Map',1,1);
INSERT INTO "quiz_answer" VALUES(74,19,'Set',0,1);
INSERT INTO "quiz_answer" VALUES(75,19,'List',0,1);
INSERT INTO "quiz_answer" VALUES(76,19,'Array',0,1);
INSERT INTO "quiz_answer" VALUES(77,20,'A B-tree is a generalization of the binary tree.',1,1);
INSERT INTO "quiz_answer" VALUES(78,20,'No difference, they are synonyms.',0,1);
INSERT INTO "quiz_answer" VALUES(79,20,'In a B-tree each node has two child nodes.',0,1);
INSERT INTO "quiz_answer" VALUES(80,20,'In a binary tree each node has two child nodes.',0,1);
INSERT INTO "quiz_answer" VALUES(81,21,'3',1,1);
INSERT INTO "quiz_answer" VALUES(82,21,'2',0,1);
INSERT INTO "quiz_answer" VALUES(83,21,'4',0,1);
INSERT INTO "quiz_answer" VALUES(84,21,'6',0,1);
INSERT INTO "quiz_answer" VALUES(85,22,'6',1,1);
INSERT INTO "quiz_answer" VALUES(86,22,'2',0,1);
INSERT INTO "quiz_answer" VALUES(87,22,'3',0,1);
INSERT INTO "quiz_answer" VALUES(88,22,'4',0,1);
INSERT INTO "quiz_answer" VALUES(89,23,'queue',1,1);
INSERT INTO "quiz_answer" VALUES(90,23,'LIFO',0,1);
INSERT INTO "quiz_answer" VALUES(91,23,'FILO',0,1);
INSERT INTO "quiz_answer" VALUES(92,23,'stack',0,1);
INSERT INTO "quiz_answer" VALUES(93,24,'Linked list',1,1);
INSERT INTO "quiz_answer" VALUES(94,24,'Array list',0,1);
INSERT INTO "quiz_answer" VALUES(95,24,'Hash map',0,1);
INSERT INTO "quiz_answer" VALUES(96,24,'Hash set',0,1);
INSERT INTO "quiz_answer" VALUES(97,25,'SELECT count(*) FROM farm;',1,1);
INSERT INTO "quiz_answer" VALUES(98,25,'SELECT count sheep FROM farm;',0,1);
INSERT INTO "quiz_answer" VALUES(99,25,'SELECT count(sheep) FROM farm;',0,1);
INSERT INTO "quiz_answer" VALUES(100,25,'SELECT sheep FROM farm;',0,1);
INSERT INTO "quiz_answer" VALUES(101,26,'INNER JOIN',1,1);
INSERT INTO "quiz_answer" VALUES(102,26,'OUTER JOIN',0,1);
INSERT INTO "quiz_answer" VALUES(103,26,'CROSS JOIN',0,1);
INSERT INTO "quiz_answer" VALUES(104,26,'LEFT JOIN',0,1);
INSERT INTO "quiz_answer" VALUES(105,27,'5 or more',1,1);
INSERT INTO "quiz_answer" VALUES(106,27,'3 or more',0,1);
INSERT INTO "quiz_answer" VALUES(107,27,'15',0,1);
INSERT INTO "quiz_answer" VALUES(108,27,'It depends',0,1);
INSERT INTO "quiz_answer" VALUES(109,28,'3 or more',1,1);
INSERT INTO "quiz_answer" VALUES(110,28,'5 or more',0,1);
INSERT INTO "quiz_answer" VALUES(111,28,'15',0,1);
INSERT INTO "quiz_answer" VALUES(112,28,'It depends',0,1);
INSERT INTO "quiz_answer" VALUES(113,29,'count(DepartmentID)',1,1);
INSERT INTO "quiz_answer" VALUES(114,29,'count(*)',0,1);
INSERT INTO "quiz_answer" VALUES(115,29,'count(1)',0,1);
INSERT INTO "quiz_answer" VALUES(116,29,'count(null)',0,1);
INSERT INTO "quiz_answer" VALUES(117,30,'SELECT DepartmentID, count(*) FROM Employee HAVING DepartmentID IS NOT NULL;',1,1);
INSERT INTO "quiz_answer" VALUES(118,30,'SELECT DepartmentID, count(*) FROM Employee ORDER BY DepartmentID;',0,1);
INSERT INTO "quiz_answer" VALUES(119,30,'SELECT DepartmentID, count(*) FROM Employee GROUP BY DepartmentID;',0,1);
INSERT INTO "quiz_answer" VALUES(120,30,'SELECT DepartmentID, count(*) FROM Employee WHERE DepartmentID IS NOT NULL;',0,1);
INSERT INTO "quiz_answer" VALUES(121,31,'SELECT * FROM Employee WHERE DepartmentID IS NULL;',1,1);
INSERT INTO "quiz_answer" VALUES(122,31,'SELECT * FROM Employee WHERE DepartmentID = NULL;',0,1);
INSERT INTO "quiz_answer" VALUES(123,31,'SELECT * FROM Employee WHERE DepartmentID EXISTS;',0,1);
INSERT INTO "quiz_answer" VALUES(124,31,'SELECT * FROM Employee WHERE DepartmentID = 0;',0,1);
INSERT INTO "quiz_answer" VALUES(125,32,'UNION ALL may return duplicate records',1,1);
INSERT INTO "quiz_answer" VALUES(126,32,'They are the same, ALL is optional',0,1);
INSERT INTO "quiz_answer" VALUES(127,32,'UNION ALL is incorrect syntax',0,1);
INSERT INTO "quiz_answer" VALUES(128,32,'UNION is incorrect syntax',0,1);
INSERT INTO "quiz_answer" VALUES(129,33,'Columns can be indexed.',1,1);
INSERT INTO "quiz_answer" VALUES(130,33,'Records always take less disk space in a database.',0,1);
INSERT INTO "quiz_answer" VALUES(131,33,'Finding a record is always faster using a database.',0,1);
INSERT INTO "quiz_answer" VALUES(132,33,'Using databases is more professional.',0,1);
INSERT INTO "quiz_answer" VALUES(133,34,'Oracle',1,1);
INSERT INTO "quiz_answer" VALUES(134,34,'Sybase',0,1);
INSERT INTO "quiz_answer" VALUES(135,34,'MySQL',0,1);
INSERT INTO "quiz_answer" VALUES(136,34,'PostgreSQL',0,1);
INSERT INTO "quiz_answer" VALUES(137,35,'SELECT d.DepartmentID, count(*) c FROM Department d JOIN Employee e ON d.DepartmentID = e.DepartmentID GROUP BY d.DepartmentID ORDER BY c DESC LIMIT 1;',1,1);
INSERT INTO "quiz_answer" VALUES(138,35,'SELECT d.DepartmentID, count(*) c FROM Department d JOIN Employee e ON d.DepartmentID = e.DepartmentID GROUP BY DepartmentID ORDER BY c DESC LIMIT 1;',0,1);
INSERT INTO "quiz_answer" VALUES(139,35,'SELECT DepartmentID, count(*) c FROM Department d JOIN Employee e ON d.DepartmentID = e.DepartmentID GROUP BY d.DepartmentID ORDER BY c DESC LIMIT 1;',0,1);
INSERT INTO "quiz_answer" VALUES(140,35,'SELECT d.DepartmentID, count(null) c FROM Department d JOIN Employee e ON d.DepartmentID = e.DepartmentID GROUP BY d.DepartmentID HAVING c = MAX(c);',0,1);
INSERT INTO "quiz_answer" VALUES(141,36,'SELECT SYSDATE FROM DUAL',1,1);
INSERT INTO "quiz_answer" VALUES(142,36,'SELECT SYSDATE() FROM DUAL',0,1);
INSERT INTO "quiz_answer" VALUES(143,36,'SELECT GETDATE',0,1);
INSERT INTO "quiz_answer" VALUES(144,36,'SELECT GETDATE()',0,1);
INSERT INTO "quiz_answer" VALUES(145,37,'SELECT GETDATE()',1,1);
INSERT INTO "quiz_answer" VALUES(146,37,'SELECT SYSDATE FROM DUAL',0,1);
INSERT INTO "quiz_answer" VALUES(147,37,'SELECT SYSDATE() FROM DUAL',0,1);
INSERT INTO "quiz_answer" VALUES(148,37,'SELECT GETDATE',0,1);
INSERT INTO "quiz_answer" VALUES(149,38,'hibernate',1,1);
INSERT INTO "quiz_answer" VALUES(150,38,'sleep',0,1);
INSERT INTO "quiz_answer" VALUES(151,38,'stand-by',0,1);
INSERT INTO "quiz_answer" VALUES(152,38,'lock',0,1);
INSERT INTO "quiz_answer" VALUES(153,39,'Remove the motherboard battery for a few seconds',1,1);
INSERT INTO "quiz_answer" VALUES(154,39,'Reboot the computer',0,1);
INSERT INTO "quiz_answer" VALUES(155,39,'Reboot the computer using a system rescue CD',0,1);
INSERT INTO "quiz_answer" VALUES(156,39,'Replace hard disk',0,1);
INSERT INTO "quiz_answer" VALUES(157,40,'58:b0:35:80:36:9f',1,1);
INSERT INTO "quiz_answer" VALUES(158,40,'192.168.2.103',0,1);
INSERT INTO "quiz_answer" VALUES(159,40,'fe80::5ab0:35ff:fe80:369f',0,1);
INSERT INTO "quiz_answer" VALUES(160,40,'0xffffff00',0,1);
INSERT INTO "quiz_answer" VALUES(161,41,'Harddisk',1,1);
INSERT INTO "quiz_answer" VALUES(162,41,'Memory',0,1);
INSERT INTO "quiz_answer" VALUES(163,41,'Motherboard',0,1);
INSERT INTO "quiz_answer" VALUES(164,41,'PSU',0,1);
INSERT INTO "quiz_answer" VALUES(165,42,'4GB',1,1);
INSERT INTO "quiz_answer" VALUES(166,42,'8GB',0,1);
INSERT INTO "quiz_answer" VALUES(167,42,'2GB',0,1);
INSERT INTO "quiz_answer" VALUES(168,42,'3GB',0,1);
INSERT INTO "quiz_answer" VALUES(169,43,'A 64-bit processor is not compatible with 32-bit software.',1,1);
INSERT INTO "quiz_answer" VALUES(170,43,'A 64-bit processor performs best with 64-bit software.',0,1);
INSERT INTO "quiz_answer" VALUES(171,43,'A 32-bit processor is not compatible with 64-bit software.',0,1);
INSERT INTO "quiz_answer" VALUES(172,43,'A 32-bit processor performs best with 32-bit software.',0,1);
INSERT INTO "quiz_answer" VALUES(173,44,'GPU emphasizes executing many concurrent threads slowly',1,1);
INSERT INTO "quiz_answer" VALUES(174,44,'GPU is faster than CPU',0,1);
INSERT INTO "quiz_answer" VALUES(175,44,'CPU is faster than GPU',0,1);
INSERT INTO "quiz_answer" VALUES(176,44,'GPU emphasizes executing a single thread very quickly',0,1);
INSERT INTO "quiz_answer" VALUES(177,45,'SSD',1,1);
INSERT INTO "quiz_answer" VALUES(178,45,'SATA',0,1);
INSERT INTO "quiz_answer" VALUES(179,45,'SCSI',0,1);
INSERT INTO "quiz_answer" VALUES(180,45,'iSCSI',0,1);
INSERT INTO "quiz_answer" VALUES(181,46,'1',1,1);
INSERT INTO "quiz_answer" VALUES(182,46,'0',0,1);
INSERT INTO "quiz_answer" VALUES(183,46,'2',0,1);
INSERT INTO "quiz_answer" VALUES(184,46,'3',0,1);
INSERT INTO "quiz_answer" VALUES(185,47,'RAID 1',1,1);
INSERT INTO "quiz_answer" VALUES(186,47,'RAID 0',0,1);
INSERT INTO "quiz_answer" VALUES(187,47,'RAID 3',0,1);
INSERT INTO "quiz_answer" VALUES(188,47,'RAID 5',0,1);
INSERT INTO "quiz_answer" VALUES(189,48,'Moore',1,1);
INSERT INTO "quiz_answer" VALUES(190,48,'Von Neuman',0,1);
INSERT INTO "quiz_answer" VALUES(191,48,'Turing',0,1);
INSERT INTO "quiz_answer" VALUES(192,48,'MacGyver',0,1);
INSERT INTO "quiz_answer" VALUES(193,49,'Mail server',1,1);
INSERT INTO "quiz_answer" VALUES(194,49,'SMS server',0,1);
INSERT INTO "quiz_answer" VALUES(195,49,'FTP server',0,1);
INSERT INTO "quiz_answer" VALUES(196,49,'SPAM server',0,1);
INSERT INTO "quiz_answer" VALUES(197,50,'31 January 2011',1,1);
INSERT INTO "quiz_answer" VALUES(198,50,'12 December 2012',0,1);
INSERT INTO "quiz_answer" VALUES(199,50,'Not in the foreseeable future',0,1);
INSERT INTO "quiz_answer" VALUES(200,50,'29 February 2015',0,1);
INSERT INTO "quiz_answer" VALUES(201,51,'Mozilla',1,1);
INSERT INTO "quiz_answer" VALUES(202,51,'Godzilla',0,1);
INSERT INTO "quiz_answer" VALUES(203,51,'Netscape',0,1);
INSERT INTO "quiz_answer" VALUES(204,51,'Colossus',0,1);
INSERT INTO "quiz_answer" VALUES(205,52,'Dijkstra',1,1);
INSERT INTO "quiz_answer" VALUES(206,52,'Traffic Man',0,1);
INSERT INTO "quiz_answer" VALUES(207,52,'Kierkegaard',0,1);
INSERT INTO "quiz_answer" VALUES(208,52,'Descartes',0,1);
INSERT INTO "quiz_answer" VALUES(209,53,'MINIX',1,1);
INSERT INTO "quiz_answer" VALUES(210,53,'Mac OS X',0,1);
INSERT INTO "quiz_answer" VALUES(211,53,'FreeBSD',0,1);
INSERT INTO "quiz_answer" VALUES(212,53,'Solaris',0,1);
INSERT INTO "quiz_answer" VALUES(213,54,'MINIX',1,1);
INSERT INTO "quiz_answer" VALUES(214,54,'FreeBSD',0,1);
INSERT INTO "quiz_answer" VALUES(215,54,'UNIX',0,1);
INSERT INTO "quiz_answer" VALUES(216,54,'Linus',0,1);
INSERT INTO "quiz_answer" VALUES(217,55,'Assembly',1,1);
INSERT INTO "quiz_answer" VALUES(218,55,'English',0,1);
INSERT INTO "quiz_answer" VALUES(219,55,'C',0,1);
INSERT INTO "quiz_answer" VALUES(220,55,'Pascal',0,1);
INSERT INTO "quiz_answer" VALUES(221,56,'chmod a+r core',1,1);
INSERT INTO "quiz_answer" VALUES(222,56,'chmod 777 core',0,1);
INSERT INTO "quiz_answer" VALUES(223,56,'chmod go+r core',0,1);
INSERT INTO "quiz_answer" VALUES(224,56,'chmod 444 core',0,1);
INSERT INTO "quiz_answer" VALUES(225,57,'Press Ctrl-Alt-F1 first, and then Ctrl-Alt-Del',1,1);
INSERT INTO "quiz_answer" VALUES(226,57,'Press Ctrl-Alt-SysRq-b',0,1);
INSERT INTO "quiz_answer" VALUES(227,57,'Hold the power button until lights go bye bye',0,1);
INSERT INTO "quiz_answer" VALUES(228,57,'Pull the plug out',0,1);
INSERT INTO "quiz_answer" VALUES(229,58,'pwd',1,1);
INSERT INTO "quiz_answer" VALUES(230,58,'cwd',0,1);
INSERT INTO "quiz_answer" VALUES(231,58,'dir',0,1);
INSERT INTO "quiz_answer" VALUES(232,58,'cd',0,1);
INSERT INTO "quiz_answer" VALUES(233,59,'df -h',1,1);
INSERT INTO "quiz_answer" VALUES(234,59,'du -sm /*',0,1);
INSERT INTO "quiz_answer" VALUES(235,59,'diskusage',0,1);
INSERT INTO "quiz_answer" VALUES(236,59,'free',0,1);
INSERT INTO "quiz_answer" VALUES(237,60,'Press Ctrl-z and run the command: bg',1,1);
INSERT INTO "quiz_answer" VALUES(238,60,'Press Ctrl-c and run the command: bg',0,1);
INSERT INTO "quiz_answer" VALUES(239,60,'Press Ctrl-z and run the command: bg &',0,1);
INSERT INTO "quiz_answer" VALUES(240,60,'Press Ctrl-Alt-Del and run the command: bg',0,1);
INSERT INTO "quiz_answer" VALUES(241,61,'sort < data.txt',1,1);
INSERT INTO "quiz_answer" VALUES(242,61,'cat data.txt | sort',0,1);
INSERT INTO "quiz_answer" VALUES(243,61,'sort data.txt',0,1);
INSERT INTO "quiz_answer" VALUES(244,61,'sort data.txt &',0,1);
INSERT INTO "quiz_answer" VALUES(245,62,'1234',1,1);
INSERT INTO "quiz_answer" VALUES(246,62,'1000',0,1);
INSERT INTO "quiz_answer" VALUES(247,62,'888',0,1);
INSERT INTO "quiz_answer" VALUES(248,62,'1010',0,1);
INSERT INTO "quiz_answer" VALUES(249,63,'Every 5th hour',1,1);
INSERT INTO "quiz_answer" VALUES(250,63,'Every 5th minute',0,1);
INSERT INTO "quiz_answer" VALUES(251,63,'Every 5th day',0,1);
INSERT INTO "quiz_answer" VALUES(252,63,'At midnight',0,1);
INSERT INTO "quiz_answer" VALUES(253,64,'$(cmd)',1,1);
INSERT INTO "quiz_answer" VALUES(254,64,'eval cmd',0,1);
INSERT INTO "quiz_answer" VALUES(255,64,'. cmd',0,1);
INSERT INTO "quiz_answer" VALUES(256,64,'./cmd',0,1);
INSERT INTO "quiz_answer" VALUES(257,65,'PS1',1,1);
INSERT INTO "quiz_answer" VALUES(258,65,'PS2',0,1);
INSERT INTO "quiz_answer" VALUES(259,65,'PROMPT',0,1);
INSERT INTO "quiz_answer" VALUES(260,65,'DISPLAY',0,1);
INSERT INTO "quiz_answer" VALUES(261,66,'/etc/hosts.allow',1,1);
INSERT INTO "quiz_answer" VALUES(262,66,'/etc/vicious.dog',0,1);
INSERT INTO "quiz_answer" VALUES(263,66,'/etc/hosts',0,1);
INSERT INTO "quiz_answer" VALUES(264,66,'/etc/host.conf',0,1);
INSERT INTO "quiz_answer" VALUES(265,67,'/etc/services',1,1);
INSERT INTO "quiz_answer" VALUES(266,67,'/etc/ports',0,1);
INSERT INTO "quiz_answer" VALUES(267,67,'/etc/hosts',0,1);
INSERT INTO "quiz_answer" VALUES(268,67,'/etc/named.conf',0,1);
INSERT INTO "quiz_answer" VALUES(269,68,'chmod 750 script.sh',1,1);
INSERT INTO "quiz_answer" VALUES(270,68,'chmod u+rwx,g-w script.sh',0,1);
INSERT INTO "quiz_answer" VALUES(271,68,'chmod 4750 script.sh',0,1);
INSERT INTO "quiz_answer" VALUES(272,68,'chmod 022 script.sh',0,1);
INSERT INTO "quiz_answer" VALUES(273,69,'Debian',1,1);
INSERT INTO "quiz_answer" VALUES(274,69,'Mint',0,1);
INSERT INTO "quiz_answer" VALUES(275,69,'Ubuntu',0,1);
INSERT INTO "quiz_answer" VALUES(276,69,'Knoppix',0,1);
INSERT INTO "quiz_answer" VALUES(277,70,'Password',1,1);
INSERT INTO "quiz_answer" VALUES(278,70,'Username',0,1);
INSERT INTO "quiz_answer" VALUES(279,70,'Shell',0,1);
INSERT INTO "quiz_answer" VALUES(280,70,'Home directory',0,1);
INSERT INTO "quiz_answer" VALUES(281,71,'2nd',1,1);
INSERT INTO "quiz_answer" VALUES(282,71,'1st',0,1);
INSERT INTO "quiz_answer" VALUES(283,71,'3rd',0,1);
INSERT INTO "quiz_answer" VALUES(284,71,'4th',0,1);
INSERT INTO "quiz_answer" VALUES(285,72,'ls | perl -e ''m/tmp/ && print;''',1,1);
INSERT INTO "quiz_answer" VALUES(286,72,'ls | sed -n /tmp/p',0,1);
INSERT INTO "quiz_answer" VALUES(287,72,'ls | grep tmp',0,1);
INSERT INTO "quiz_answer" VALUES(288,72,'ls | awk ''/tmp/ {print}''',0,1);
INSERT INTO "quiz_answer" VALUES(289,73,'tar cf /tmp/apache.tar -C /opt apache',1,1);
INSERT INTO "quiz_answer" VALUES(290,73,'tar cf /tmp/apache.tar -C /opt/apache',0,1);
INSERT INTO "quiz_answer" VALUES(291,73,'time-machine /opt/apache /tmp/apache.tar',0,1);
INSERT INTO "quiz_answer" VALUES(292,73,'tar c /opt/apache/* | gzip -d > /tmp/apache.tar',0,1);
INSERT INTO "quiz_answer" VALUES(293,74,'iptables',1,1);
INSERT INTO "quiz_answer" VALUES(294,74,'ipconfig',0,1);
INSERT INTO "quiz_answer" VALUES(295,74,'ifconfig',0,1);
INSERT INTO "quiz_answer" VALUES(296,74,'netstat',0,1);
INSERT INTO "quiz_answer" VALUES(297,75,'LOGNAME',1,1);
INSERT INTO "quiz_answer" VALUES(298,75,'PWD',0,1);
INSERT INTO "quiz_answer" VALUES(299,75,'HOME',0,1);
INSERT INTO "quiz_answer" VALUES(300,75,'SHELL',0,1);
INSERT INTO "quiz_answer" VALUES(301,76,'/etc/inittab',1,1);
INSERT INTO "quiz_answer" VALUES(302,76,'/etc/virsli',0,1);
INSERT INTO "quiz_answer" VALUES(303,76,'/etc/fstab',0,1);
INSERT INTO "quiz_answer" VALUES(304,76,'/etc/mtab',0,1);
INSERT INTO "quiz_answer" VALUES(305,77,'2',1,1);
INSERT INTO "quiz_answer" VALUES(306,77,'S',0,1);
INSERT INTO "quiz_answer" VALUES(307,77,'1',0,1);
INSERT INTO "quiz_answer" VALUES(308,77,'6',0,1);
INSERT INTO "quiz_answer" VALUES(309,78,'init',1,1);
INSERT INTO "quiz_answer" VALUES(310,78,'kernel',0,1);
INSERT INTO "quiz_answer" VALUES(311,78,'root',0,1);
INSERT INTO "quiz_answer" VALUES(312,78,'launchd',0,1);
INSERT INTO "quiz_answer" VALUES(313,79,'9 (KILL)',1,1);
INSERT INTO "quiz_answer" VALUES(314,79,'3 (QUIT)',0,1);
INSERT INTO "quiz_answer" VALUES(315,79,'6 (ABRT)',0,1);
INSERT INTO "quiz_answer" VALUES(316,79,'15 (TERM)',0,1);
INSERT INTO "quiz_answer" VALUES(317,80,'Path to a program to view man pages',1,1);
INSERT INTO "quiz_answer" VALUES(318,80,'Path to a program to generate beeps',0,1);
INSERT INTO "quiz_answer" VALUES(319,80,'Path to the default document viewer',0,1);
INSERT INTO "quiz_answer" VALUES(320,80,'Enable or disable the system beep',0,1);
INSERT INTO "quiz_answer" VALUES(321,81,'dirs',1,1);
INSERT INTO "quiz_answer" VALUES(322,81,'ls',0,1);
INSERT INTO "quiz_answer" VALUES(323,81,'tree',0,1);
INSERT INTO "quiz_answer" VALUES(324,81,'echo',0,1);
INSERT INTO "quiz_answer" VALUES(325,82,'groff',1,1);
INSERT INTO "quiz_answer" VALUES(326,82,'telnet',0,1);
INSERT INTO "quiz_answer" VALUES(327,82,'mailx',0,1);
INSERT INTO "quiz_answer" VALUES(328,82,'mutt',0,1);
INSERT INTO "quiz_answer" VALUES(329,83,'kill',1,1);
INSERT INTO "quiz_answer" VALUES(330,83,'netstat',0,1);
INSERT INTO "quiz_answer" VALUES(331,83,'top',0,1);
INSERT INTO "quiz_answer" VALUES(332,83,'lsof',0,1);
INSERT INTO "quiz_answer" VALUES(333,84,'NeXTSTEP',1,1);
INSERT INTO "quiz_answer" VALUES(334,84,'FreeBSD',0,1);
INSERT INTO "quiz_answer" VALUES(335,84,'UNIX',0,1);
INSERT INTO "quiz_answer" VALUES(336,84,'Mac OS 9',0,1);
INSERT INTO "quiz_answer" VALUES(337,85,'Mach',1,1);
INSERT INTO "quiz_answer" VALUES(338,85,'Linux',0,1);
INSERT INTO "quiz_answer" VALUES(339,85,'Darwin',0,1);
INSERT INTO "quiz_answer" VALUES(340,85,'FreeBSD',0,1);
INSERT INTO "quiz_answer" VALUES(341,86,'10.1 Kitten',1,1);
INSERT INTO "quiz_answer" VALUES(342,86,'10.4 Tiger',0,1);
INSERT INTO "quiz_answer" VALUES(343,86,'10.5 Leopard',0,1);
INSERT INTO "quiz_answer" VALUES(344,86,'10.7 Lion',0,1);
INSERT INTO "quiz_answer" VALUES(345,87,'gawk',1,1);
INSERT INTO "quiz_answer" VALUES(346,87,'awk',0,1);
INSERT INTO "quiz_answer" VALUES(347,87,'sed',0,1);
INSERT INTO "quiz_answer" VALUES(348,87,'tar',0,1);
INSERT INTO "quiz_answer" VALUES(349,88,'The roman letter X',1,1);
INSERT INTO "quiz_answer" VALUES(350,88,'Extreme Power',0,1);
INSERT INTO "quiz_answer" VALUES(351,88,'X Windows',0,1);
INSERT INTO "quiz_answer" VALUES(352,88,'Experimental',0,1);
INSERT INTO "quiz_answer" VALUES(353,89,'Dynamically assign IP addresses to PCs',1,1);
INSERT INTO "quiz_answer" VALUES(354,89,'Dynamically assign MAC addresses to PCs',0,1);
INSERT INTO "quiz_answer" VALUES(355,89,'Proxy connections from a local network to internet',0,1);
INSERT INTO "quiz_answer" VALUES(356,89,'Increase the security of a network',0,1);
INSERT INTO "quiz_answer" VALUES(357,90,'A security scheme',1,1);
INSERT INTO "quiz_answer" VALUES(358,90,'Secure IP address',0,1);
INSERT INTO "quiz_answer" VALUES(359,90,'Secondary IP address',0,1);
INSERT INTO "quiz_answer" VALUES(360,90,'Proxy server',0,1);
INSERT INTO "quiz_answer" VALUES(361,91,'255.255.255.0',1,1);
INSERT INTO "quiz_answer" VALUES(362,91,'192.168.2.103',0,1);
INSERT INTO "quiz_answer" VALUES(363,91,'192.168.2.255',0,1);
INSERT INTO "quiz_answer" VALUES(364,91,'192.168.2.1',0,1);
INSERT INTO "quiz_answer" VALUES(365,92,'21',1,1);
INSERT INTO "quiz_answer" VALUES(366,92,'20',0,1);
INSERT INTO "quiz_answer" VALUES(367,92,'25',0,1);
INSERT INTO "quiz_answer" VALUES(368,92,'8080',0,1);
INSERT INTO "quiz_answer" VALUES(369,93,'ACCEPT',1,1);
INSERT INTO "quiz_answer" VALUES(370,93,'INPUT',0,1);
INSERT INTO "quiz_answer" VALUES(371,93,'OUTPUT',0,1);
INSERT INTO "quiz_answer" VALUES(372,93,'FORWARD',0,1);
INSERT INTO "quiz_answer" VALUES(373,94,'/etc/resolv.conf',1,1);
INSERT INTO "quiz_answer" VALUES(374,94,'/etc/hosts',0,1);
INSERT INTO "quiz_answer" VALUES(375,94,'/etc/rc.common',0,1);
INSERT INTO "quiz_answer" VALUES(376,94,'/etc/bashrc',0,1);
INSERT INTO "quiz_answer" VALUES(377,95,'name server configuration',1,1);
INSERT INTO "quiz_answer" VALUES(378,95,'route configuration',0,1);
INSERT INTO "quiz_answer" VALUES(379,95,'IP address configuration',0,1);
INSERT INTO "quiz_answer" VALUES(380,95,'netmask configuration',0,1);
INSERT INTO "quiz_answer" VALUES(381,96,'route',1,1);
INSERT INTO "quiz_answer" VALUES(382,96,'ifconfig',0,1);
INSERT INTO "quiz_answer" VALUES(383,96,'iptables',0,1);
INSERT INTO "quiz_answer" VALUES(384,96,'ping',0,1);
INSERT INTO "quiz_answer" VALUES(385,97,'telnet localhost 1234',1,1);
INSERT INTO "quiz_answer" VALUES(386,97,'ping localhost 1234',0,1);
INSERT INTO "quiz_answer" VALUES(387,97,'telnet 1234',0,1);
INSERT INTO "quiz_answer" VALUES(388,97,'netstat -p 1234',0,1);
INSERT INTO "quiz_answer" VALUES(389,98,'The local PC is on a NAT',1,1);
INSERT INTO "quiz_answer" VALUES(390,98,'The nameserver has crashed',0,1);
INSERT INTO "quiz_answer" VALUES(391,98,'The firewall is blocking all ICMP packets',0,1);
INSERT INTO "quiz_answer" VALUES(392,98,'There is no route from the local PC to google.com',0,1);
INSERT INTO "quiz_answer" VALUES(393,99,'Make a filesystem accessible',1,1);
INSERT INTO "quiz_answer" VALUES(394,99,'Format a disk to store data',0,1);
INSERT INTO "quiz_answer" VALUES(395,99,'Crush a disk by sitting on it',0,1);
INSERT INTO "quiz_answer" VALUES(396,99,'Prepare an installation disk',0,1);
INSERT INTO "quiz_answer" VALUES(397,100,'4',1,1);
INSERT INTO "quiz_answer" VALUES(398,100,'3',0,1);
INSERT INTO "quiz_answer" VALUES(399,100,'5',0,1);
INSERT INTO "quiz_answer" VALUES(400,100,'unlimited',0,1);
INSERT INTO "quiz_answer" VALUES(401,101,'Linux',1,1);
INSERT INTO "quiz_answer" VALUES(402,101,'FreeBSD',0,1);
INSERT INTO "quiz_answer" VALUES(403,101,'Windows',0,1);
INSERT INTO "quiz_answer" VALUES(404,101,'DOS',0,1);
INSERT INTO "quiz_answer" VALUES(405,102,'2',1,1);
INSERT INTO "quiz_answer" VALUES(406,102,'1',0,1);
INSERT INTO "quiz_answer" VALUES(407,102,'0',0,1);
INSERT INTO "quiz_answer" VALUES(408,102,'911',0,1);
INSERT INTO "quiz_answer" VALUES(409,103,'int * p;',1,1);
INSERT INTO "quiz_answer" VALUES(410,103,'int & p;',0,1);
INSERT INTO "quiz_answer" VALUES(411,103,'int ** p;',0,1);
INSERT INTO "quiz_answer" VALUES(412,103,'int p;',0,1);
INSERT INTO "quiz_answer" VALUES(413,104,'3',1,1);
INSERT INTO "quiz_answer" VALUES(414,104,'3.333333',0,1);
INSERT INTO "quiz_answer" VALUES(415,104,'3.4',0,1);
INSERT INTO "quiz_answer" VALUES(416,104,'4',0,1);
INSERT INTO "quiz_answer" VALUES(417,105,'3',1,1);
INSERT INTO "quiz_answer" VALUES(418,105,'2',0,1);
INSERT INTO "quiz_answer" VALUES(419,105,'5',0,1);
INSERT INTO "quiz_answer" VALUES(420,105,'0',0,1);
INSERT INTO "quiz_answer" VALUES(421,106,'When you only need to traverse elements from the beginning',1,1);
INSERT INTO "quiz_answer" VALUES(422,106,'LinkedList is more efficient than ArrayList in most practical cases',0,1);
INSERT INTO "quiz_answer" VALUES(423,106,'LinkedList uses a hashmap internally',0,1);
INSERT INTO "quiz_answer" VALUES(424,106,'I can access any element in a LinkedList very fast',0,1);
INSERT INTO "quiz_answer" VALUES(425,107,'Accessing elements by index is faster',1,1);
INSERT INTO "quiz_answer" VALUES(426,107,'Traversal of elements from start to end is faster',0,1);
INSERT INTO "quiz_answer" VALUES(427,107,'ArrayList uses less memory than a LinkedList',0,1);
INSERT INTO "quiz_answer" VALUES(428,107,'Removing an element in the middle of the list is faster',0,1);
INSERT INTO "quiz_answer" VALUES(429,108,'Interprocess communication',1,1);
INSERT INTO "quiz_answer" VALUES(430,108,'Memory management',0,1);
INSERT INTO "quiz_answer" VALUES(431,108,'Schedule management',0,1);
INSERT INTO "quiz_answer" VALUES(432,108,'Data encryption',0,1);
INSERT INTO "quiz_answer" VALUES(433,109,'Detect accidental changes to raw data',1,1);
INSERT INTO "quiz_answer" VALUES(434,109,'Encrypt data',0,1);
INSERT INTO "quiz_answer" VALUES(435,109,'Serialize data',0,1);
INSERT INTO "quiz_answer" VALUES(436,109,'Compress data',0,1);
INSERT INTO "quiz_answer" VALUES(437,110,'int main(int argc, char **argv)',1,1);
INSERT INTO "quiz_answer" VALUES(438,110,'void main(int argc, char **argv)',0,1);
INSERT INTO "quiz_answer" VALUES(439,110,'void main(int argc)',0,1);
INSERT INTO "quiz_answer" VALUES(440,110,'int main()',0,1);
INSERT INTO "quiz_answer" VALUES(441,111,'foo.bar',1,1);
INSERT INTO "quiz_answer" VALUES(442,111,'foo?bar',0,1);
INSERT INTO "quiz_answer" VALUES(443,111,'foo*bar',0,1);
INSERT INTO "quiz_answer" VALUES(444,111,'foo+bar',0,1);
INSERT INTO "quiz_answer" VALUES(445,112,'\<foo\w+',1,1);
INSERT INTO "quiz_answer" VALUES(446,112,'\<fookit',0,1);
INSERT INTO "quiz_answer" VALUES(447,112,'\<foo\w*',0,1);
INSERT INTO "quiz_answer" VALUES(448,112,'foo\w*',0,1);
INSERT INTO "quiz_answer" VALUES(449,113,'^$',1,1);
INSERT INTO "quiz_answer" VALUES(450,113,'\s*',0,1);
INSERT INTO "quiz_answer" VALUES(451,113,'\S*',0,1);
INSERT INTO "quiz_answer" VALUES(452,113,'^.*',0,1);
INSERT INTO "quiz_answer" VALUES(453,114,'3',1,1);
INSERT INTO "quiz_answer" VALUES(454,114,'4',0,1);
INSERT INTO "quiz_answer" VALUES(455,114,'5',0,1);
INSERT INTO "quiz_answer" VALUES(456,114,'0',0,1);
INSERT INTO "quiz_answer" VALUES(457,115,'4',1,1);
INSERT INTO "quiz_answer" VALUES(458,115,'5',0,1);
INSERT INTO "quiz_answer" VALUES(459,115,'compile error',0,1);
INSERT INTO "quiz_answer" VALUES(460,115,'0',0,1);
INSERT INTO "quiz_answer" VALUES(461,116,'5',1,1);
INSERT INTO "quiz_answer" VALUES(462,116,'4',0,1);
INSERT INTO "quiz_answer" VALUES(463,116,'compile error',0,1);
INSERT INTO "quiz_answer" VALUES(464,116,'0',0,1);
INSERT INTO "quiz_answer" VALUES(465,117,'implements',1,1);
INSERT INTO "quiz_answer" VALUES(466,117,'new',0,1);
INSERT INTO "quiz_answer" VALUES(467,117,'virtual',0,1);
INSERT INTO "quiz_answer" VALUES(468,117,'override',0,1);
INSERT INTO "quiz_answer" VALUES(469,118,'^',1,1);
INSERT INTO "quiz_answer" VALUES(470,118,'&',0,1);
INSERT INTO "quiz_answer" VALUES(471,118,'~',0,1);
INSERT INTO "quiz_answer" VALUES(472,118,'|',0,1);
INSERT INTO "quiz_answer" VALUES(473,119,'65535',1,1);
INSERT INTO "quiz_answer" VALUES(474,119,'32768',0,1);
INSERT INTO "quiz_answer" VALUES(475,119,'256',0,1);
INSERT INTO "quiz_answer" VALUES(476,119,'16',0,1);
INSERT INTO "quiz_answer" VALUES(477,120,'printf("%s\n", *(argv + 0));',1,1);
INSERT INTO "quiz_answer" VALUES(478,120,'printf("%s\n", &argv[0]);',0,1);
INSERT INTO "quiz_answer" VALUES(479,120,'printf("%s\n", &argv);',0,1);
INSERT INTO "quiz_answer" VALUES(480,120,'printf("%s\n", argv);',0,1);
INSERT INTO "quiz_answer" VALUES(481,121,'(?<=pattern)',1,1);
INSERT INTO "quiz_answer" VALUES(482,121,'(?=pattern)',0,1);
INSERT INTO "quiz_answer" VALUES(483,121,'(?!pattern)',0,1);
INSERT INTO "quiz_answer" VALUES(484,121,'(?<!pattern)',0,1);
INSERT INTO "quiz_answer" VALUES(485,122,'C++',1,1);
INSERT INTO "quiz_answer" VALUES(486,122,'R',0,1);
INSERT INTO "quiz_answer" VALUES(487,122,'Scheme',0,1);
INSERT INTO "quiz_answer" VALUES(488,122,'Scala',0,1);
INSERT INTO "quiz_answer" VALUES(489,123,'Haskell',1,1);
INSERT INTO "quiz_answer" VALUES(490,123,'C',0,1);
INSERT INTO "quiz_answer" VALUES(491,123,'Java',0,1);
INSERT INTO "quiz_answer" VALUES(492,123,'MATLAB',0,1);
INSERT INTO "quiz_answer" VALUES(493,124,'Too deep recursion when using a recursive function',1,1);
INSERT INTO "quiz_answer" VALUES(494,124,'Trying to access an array element by an index beyond the end of the array',0,1);
INSERT INTO "quiz_answer" VALUES(495,124,'Trying to access an array element by a negative index',0,1);
INSERT INTO "quiz_answer" VALUES(496,124,'The stack size limit is not set to unlimited in your system',0,1);
INSERT INTO "quiz_answer" VALUES(497,125,'Hard to test code that is calling static methods',1,1);
INSERT INTO "quiz_answer" VALUES(498,125,'Hard to test static methods',0,1);
INSERT INTO "quiz_answer" VALUES(499,125,'Static methods don''t require an instance of the class',0,1);
INSERT INTO "quiz_answer" VALUES(500,125,'Static methods scare the bejesus outta me',0,1);
INSERT INTO "quiz_answer" VALUES(501,126,'Positive look-ahead assertion',1,1);
INSERT INTO "quiz_answer" VALUES(502,126,'Negative look-ahead assertion',0,1);
INSERT INTO "quiz_answer" VALUES(503,126,'Positive look-behind assertion',0,1);
INSERT INTO "quiz_answer" VALUES(504,126,'Negative look-behind assertion',0,1);
INSERT INTO "quiz_answer" VALUES(505,127,'Tell the compiler to not optimize access to this variable',1,1);
INSERT INTO "quiz_answer" VALUES(506,127,'Tell the compiler to load the variable in the low-memory zone for fast access',0,1);
INSERT INTO "quiz_answer" VALUES(507,127,'Tell the compiler to reserve a register to store this variable all along',0,1);
INSERT INTO "quiz_answer" VALUES(508,127,'Tell the compiler to make the variable access threadsafe with a lock',0,1);
INSERT INTO "quiz_answer" VALUES(509,128,'cd',1,1);
INSERT INTO "quiz_answer" VALUES(510,128,'cd -',0,1);
INSERT INTO "quiz_answer" VALUES(511,128,'cd .',0,1);
INSERT INTO "quiz_answer" VALUES(512,128,'cd ..',0,1);
INSERT INTO "quiz_answer" VALUES(513,129,'$?',1,1);
INSERT INTO "quiz_answer" VALUES(514,129,'$$',0,1);
INSERT INTO "quiz_answer" VALUES(515,129,'$@',0,1);
INSERT INTO "quiz_answer" VALUES(516,129,'$1',0,1);
INSERT INTO "quiz_answer" VALUES(517,130,'somecmd | tee somefile.txt',1,1);
INSERT INTO "quiz_answer" VALUES(518,130,'somecmd >> somefile.txt',0,1);
INSERT INTO "quiz_answer" VALUES(519,130,'somecmd | ttt somefile.txt',0,1);
INSERT INTO "quiz_answer" VALUES(520,130,'somecmd >> tee somefile.txt',0,1);
INSERT INTO "quiz_answer" VALUES(521,131,'script.bat >nul',1,1);
INSERT INTO "quiz_answer" VALUES(522,131,'script.bat >null',0,1);
INSERT INTO "quiz_answer" VALUES(523,131,'script.bat >/dev/null',0,1);
INSERT INTO "quiz_answer" VALUES(524,131,'script.bat >0',0,1);
INSERT INTO "quiz_answer" VALUES(525,132,'tr A-Z a-z < input.txt > output.txt',1,1);
INSERT INTO "quiz_answer" VALUES(526,132,'tr A-Z a-z input.txt output.txt',0,1);
INSERT INTO "quiz_answer" VALUES(527,132,'tr A-Z a-z input.txt > output.txt',0,1);
INSERT INTO "quiz_answer" VALUES(528,132,'tr A-Z a-z < input.txt output.txt',0,1);
INSERT INTO "quiz_answer" VALUES(529,133,'find dir -type f -exec mv "{}" "{}".bak \;',1,1);
INSERT INTO "quiz_answer" VALUES(530,133,'find dir -type f -exec mv "{}" "{}".bak ;',0,1);
INSERT INTO "quiz_answer" VALUES(531,133,'find dir -type f -exec mv "{}" "{}".bak',0,1);
INSERT INTO "quiz_answer" VALUES(532,133,'find dir -type f -exec mv "{}" "{}".bak +',0,1);
INSERT INTO "quiz_answer" VALUES(533,134,'bash',1,1);
INSERT INTO "quiz_answer" VALUES(534,134,'perl',0,1);
INSERT INTO "quiz_answer" VALUES(535,134,'lolcat',0,1);
INSERT INTO "quiz_answer" VALUES(536,134,'DOS',0,1);
INSERT INTO "quiz_answer" VALUES(537,135,'/etc/profile',1,1);
INSERT INTO "quiz_answer" VALUES(538,135,'/etc/bash_profile',0,1);
INSERT INTO "quiz_answer" VALUES(539,135,'~/.bash_profile',0,1);
INSERT INTO "quiz_answer" VALUES(540,135,'~/.profile',0,1);
INSERT INTO "quiz_answer" VALUES(541,136,'2',1,1);
INSERT INTO "quiz_answer" VALUES(542,136,'1',0,1);
INSERT INTO "quiz_answer" VALUES(543,136,'12',0,1);
INSERT INTO "quiz_answer" VALUES(544,136,'3',0,1);
INSERT INTO "quiz_answer" VALUES(545,137,'3',1,1);
INSERT INTO "quiz_answer" VALUES(546,137,'0',0,1);
INSERT INTO "quiz_answer" VALUES(547,137,'9',0,1);
INSERT INTO "quiz_answer" VALUES(548,137,'6',0,1);
INSERT INTO "quiz_answer" VALUES(549,138,'two',1,1);
INSERT INTO "quiz_answer" VALUES(550,138,'one',0,1);
INSERT INTO "quiz_answer" VALUES(551,138,'3 lines: hello, one, two',0,1);
INSERT INTO "quiz_answer" VALUES(552,138,'hello',0,1);
INSERT INTO "quiz_answer" VALUES(553,139,'somecmd >file.out 2>&1',1,1);
INSERT INTO "quiz_answer" VALUES(554,139,'somecmd >file.out 2>>&1',0,1);
INSERT INTO "quiz_answer" VALUES(555,139,'somecmd 2>&1 >file.out',0,1);
INSERT INTO "quiz_answer" VALUES(556,139,'somecmd 2>&1 >>file.out',0,1);
INSERT INTO "quiz_answer" VALUES(557,140,'chmod o+r file.txt',1,1);
INSERT INTO "quiz_answer" VALUES(558,140,'chmod 777',0,1);
INSERT INTO "quiz_answer" VALUES(559,140,'chmod o+rwx file.txt',0,1);
INSERT INTO "quiz_answer" VALUES(560,140,'chmod u+r file.txt',0,1);
INSERT INTO "quiz_answer" VALUES(561,141,'A closed-source system may spy on you without your knowledge',1,1);
INSERT INTO "quiz_answer" VALUES(562,141,'A closed-source system has inherently more viruses',0,1);
INSERT INTO "quiz_answer" VALUES(563,141,'A closed-source system is inherently insecure',0,1);
INSERT INTO "quiz_answer" VALUES(564,141,'A closed-source system attracts game developers',0,1);
INSERT INTO "quiz_answer" VALUES(565,142,'WEP',1,1);
INSERT INTO "quiz_answer" VALUES(566,142,'WPA',0,1);
INSERT INTO "quiz_answer" VALUES(567,142,'WPA2',0,1);
INSERT INTO "quiz_answer" VALUES(568,142,'RSN',0,1);
INSERT INTO "quiz_answer" VALUES(569,143,'strncpy',1,1);
INSERT INTO "quiz_answer" VALUES(570,143,'strcpy',0,1);
INSERT INTO "quiz_answer" VALUES(571,143,'gets',0,1);
INSERT INTO "quiz_answer" VALUES(572,143,'scanf',0,1);
INSERT INTO "quiz_answer" VALUES(573,144,'Public key authentication',1,1);
INSERT INTO "quiz_answer" VALUES(574,144,'HTTP+HTML form-based authentication',0,1);
INSERT INTO "quiz_answer" VALUES(575,144,'Basic access authentication',0,1);
INSERT INTO "quiz_answer" VALUES(576,144,'Digest access authentication',0,1);
INSERT INTO "quiz_answer" VALUES(577,145,'man in the middle',1,1);
INSERT INTO "quiz_answer" VALUES(578,145,'dns poisoning',0,1);
INSERT INTO "quiz_answer" VALUES(579,145,'cross site scripting',0,1);
INSERT INTO "quiz_answer" VALUES(580,145,'sql injection',0,1);
INSERT INTO "quiz_answer" VALUES(581,146,'0600',1,1);
INSERT INTO "quiz_answer" VALUES(582,146,'0655',0,1);
INSERT INTO "quiz_answer" VALUES(583,146,'777',0,1);
INSERT INTO "quiz_answer" VALUES(584,146,'0640',0,1);
INSERT INTO "quiz_answer" VALUES(585,147,'FTP',1,1);
INSERT INTO "quiz_answer" VALUES(586,147,'SFTP',0,1);
INSERT INTO "quiz_answer" VALUES(587,147,'SSH',0,1);
INSERT INTO "quiz_answer" VALUES(588,147,'Windows',0,1);
INSERT INTO "quiz_answer" VALUES(589,148,'23',1,1);
INSERT INTO "quiz_answer" VALUES(590,148,'22',0,1);
INSERT INTO "quiz_answer" VALUES(591,148,'443',0,1);
INSERT INTO "quiz_answer" VALUES(592,148,'587',0,1);
INSERT INTO "quiz_answer" VALUES(593,149,'The employees',1,1);
INSERT INTO "quiz_answer" VALUES(594,149,'The firewall software',0,1);
INSERT INTO "quiz_answer" VALUES(595,149,'The antivirus software',0,1);
INSERT INTO "quiz_answer" VALUES(596,149,'The intranet software',0,1);
INSERT INTO "quiz_answer" VALUES(597,150,'nmap',1,1);
INSERT INTO "quiz_answer" VALUES(598,150,'ping',0,1);
INSERT INTO "quiz_answer" VALUES(599,150,'ifconfig',0,1);
INSERT INTO "quiz_answer" VALUES(600,150,'telnet',0,1);
INSERT INTO "quiz_answer" VALUES(601,151,'sha1',1,1);
INSERT INTO "quiz_answer" VALUES(602,151,'des3',0,1);
INSERT INTO "quiz_answer" VALUES(603,151,'aes-128-cbc',0,1);
INSERT INTO "quiz_answer" VALUES(604,151,'crypt',0,1);
INSERT INTO "quiz_answer" VALUES(605,152,'nmap',1,1);
INSERT INTO "quiz_answer" VALUES(606,152,'encfs',0,1);
INSERT INTO "quiz_answer" VALUES(607,152,'openssl',0,1);
INSERT INTO "quiz_answer" VALUES(608,152,'TrueCrypt',0,1);
INSERT INTO "quiz_answer" VALUES(609,153,'ping',1,1);
INSERT INTO "quiz_answer" VALUES(610,153,'nmap',0,1);
INSERT INTO "quiz_answer" VALUES(611,153,'telnet',0,1);
INSERT INTO "quiz_answer" VALUES(612,153,'netstat',0,1);
INSERT INTO "quiz_answer" VALUES(613,154,'netstat',1,1);
INSERT INTO "quiz_answer" VALUES(614,154,'nmap',0,1);
INSERT INTO "quiz_answer" VALUES(615,154,'telnet',0,1);
INSERT INTO "quiz_answer" VALUES(616,154,'curl',0,1);
INSERT INTO "quiz_answer" VALUES(617,155,'It could be used for privilege escalation',1,1);
INSERT INTO "quiz_answer" VALUES(618,155,'It could be used to completely jam a network with DOS attacks',0,1);
INSERT INTO "quiz_answer" VALUES(619,155,'It could be used to delete all files in the system',0,1);
INSERT INTO "quiz_answer" VALUES(620,155,'It could be used to unleash the kraken',0,1);
INSERT INTO "quiz_answer" VALUES(621,156,'Buffer overflow',1,1);
INSERT INTO "quiz_answer" VALUES(622,156,'Blue screen of death',0,1);
INSERT INTO "quiz_answer" VALUES(623,156,'Denial of service',0,1);
INSERT INTO "quiz_answer" VALUES(624,156,'NullPointerException',0,1);
INSERT INTO "quiz_answer" VALUES(625,157,'Binary protocol',1,1);
INSERT INTO "quiz_answer" VALUES(626,157,'SOAP-based protocol',0,1);
INSERT INTO "quiz_answer" VALUES(627,157,'XML-based protocol',0,1);
INSERT INTO "quiz_answer" VALUES(628,157,'Text-based protocol',0,1);
INSERT INTO "quiz_answer" VALUES(629,158,'21',1,1);
INSERT INTO "quiz_answer" VALUES(630,158,'15',0,1);
INSERT INTO "quiz_answer" VALUES(631,158,'13',0,1);
INSERT INTO "quiz_answer" VALUES(632,158,'0',0,1);
INSERT INTO "quiz_answer" VALUES(633,159,'13',1,1);
INSERT INTO "quiz_answer" VALUES(634,159,'15',0,1);
INSERT INTO "quiz_answer" VALUES(635,159,'21',0,1);
INSERT INTO "quiz_answer" VALUES(636,159,'0',0,1);
INSERT INTO "quiz_answer" VALUES(637,160,'13',1,1);
INSERT INTO "quiz_answer" VALUES(638,160,'14',0,1);
INSERT INTO "quiz_answer" VALUES(639,160,'15',0,1);
INSERT INTO "quiz_answer" VALUES(640,160,'11',0,1);
INSERT INTO "quiz_answer" VALUES(641,161,'0b1011',1,1);
INSERT INTO "quiz_answer" VALUES(642,161,'0b11',0,1);
INSERT INTO "quiz_answer" VALUES(643,161,'0x0b',0,1);
INSERT INTO "quiz_answer" VALUES(644,161,'0b11111111111',0,1);
INSERT INTO "quiz_answer" VALUES(645,162,'Assembly',1,1);
INSERT INTO "quiz_answer" VALUES(646,162,'C',0,1);
INSERT INTO "quiz_answer" VALUES(647,162,'C++',0,1);
INSERT INTO "quiz_answer" VALUES(648,162,'brainfuck',0,1);
INSERT INTO "quiz_answer" VALUES(649,163,'Ordering of bytes',1,1);
INSERT INTO "quiz_answer" VALUES(650,163,'Operating systems',0,1);
INSERT INTO "quiz_answer" VALUES(651,163,'Network file transfer',0,1);
INSERT INTO "quiz_answer" VALUES(652,163,'Native folklore',0,1);
INSERT INTO "quiz_answer" VALUES(653,164,'printf',1,1);
INSERT INTO "quiz_answer" VALUES(654,164,'open',0,1);
INSERT INTO "quiz_answer" VALUES(655,164,'close',0,1);
INSERT INTO "quiz_answer" VALUES(656,164,'execve',0,1);
INSERT INTO "quiz_answer" VALUES(657,165,'44',1,1);
INSERT INTO "quiz_answer" VALUES(658,165,'32',0,1);
INSERT INTO "quiz_answer" VALUES(659,165,'28',0,1);
INSERT INTO "quiz_answer" VALUES(660,165,'30',0,1);
INSERT INTO "quiz_answer" VALUES(661,166,'21',1,1);
INSERT INTO "quiz_answer" VALUES(662,166,'44',0,1);
INSERT INTO "quiz_answer" VALUES(663,166,'32',0,1);
INSERT INTO "quiz_answer" VALUES(664,166,'28',0,1);
INSERT INTO "quiz_answer" VALUES(665,167,'0b11110001',1,1);
INSERT INTO "quiz_answer" VALUES(666,167,'0b10001111',0,1);
INSERT INTO "quiz_answer" VALUES(667,167,'0b10001110',0,1);
INSERT INTO "quiz_answer" VALUES(668,167,'0b11110000',0,1);
INSERT INTO "quiz_answer" VALUES(669,168,'mov',1,1);
INSERT INTO "quiz_answer" VALUES(670,168,'jne',0,1);
INSERT INTO "quiz_answer" VALUES(671,168,'add',0,1);
INSERT INTO "quiz_answer" VALUES(672,168,'cp',0,1);
INSERT INTO "quiz_answer" VALUES(673,169,'Some kind of signal to the processor',1,1);
INSERT INTO "quiz_answer" VALUES(674,169,'An instruction to pause the program for n millisec',0,1);
INSERT INTO "quiz_answer" VALUES(675,169,'A keyword to skip one instruction',0,1);
INSERT INTO "quiz_answer" VALUES(676,169,'A small button to start/stop the program',0,1);
INSERT INTO "quiz_answer" VALUES(677,170,'2',1,1);
INSERT INTO "quiz_answer" VALUES(678,170,'1',0,1);
INSERT INTO "quiz_answer" VALUES(679,170,'0',0,1);
INSERT INTO "quiz_answer" VALUES(680,170,'6',0,1);
INSERT INTO "quiz_answer" VALUES(681,171,'Z = Z & ~(1 << 2)',1,1);
INSERT INTO "quiz_answer" VALUES(682,171,'Z = Z | (1 << 3)',0,1);
INSERT INTO "quiz_answer" VALUES(683,171,'Z = Z & ~(1 << 3)',0,1);
INSERT INTO "quiz_answer" VALUES(684,171,'Z = Z | (1 << 2)',0,1);
INSERT INTO "quiz_answer" VALUES(685,172,'CGI',1,1);
INSERT INTO "quiz_answer" VALUES(686,172,'Bash',0,1);
INSERT INTO "quiz_answer" VALUES(687,172,'R',0,1);
INSERT INTO "quiz_answer" VALUES(688,172,'Python',0,1);
INSERT INTO "quiz_answer" VALUES(689,173,'whois example.com',1,1);
INSERT INTO "quiz_answer" VALUES(690,173,'ping example.com',0,1);
INSERT INTO "quiz_answer" VALUES(691,173,'checkdomain example.com',0,1);
INSERT INTO "quiz_answer" VALUES(692,173,'knock-knock example.com',0,1);
INSERT INTO "quiz_answer" VALUES(693,174,'Verify the integrity of a file downloaded from server',1,1);
INSERT INTO "quiz_answer" VALUES(694,174,'Store encrypted data',0,1);
INSERT INTO "quiz_answer" VALUES(695,174,'Store cryptographic signature',0,1);
INSERT INTO "quiz_answer" VALUES(696,174,'Completely pointless',0,1);
INSERT INTO "quiz_answer" VALUES(697,175,'Ctrl-Tab',1,1);
INSERT INTO "quiz_answer" VALUES(698,175,'Alt-Tab',0,1);
INSERT INTO "quiz_answer" VALUES(699,175,'ESC-Tab',0,1);
INSERT INTO "quiz_answer" VALUES(700,175,'Ctrl-Alt-Tab',0,1);
INSERT INTO "quiz_answer" VALUES(701,176,'It depends',1,1);
INSERT INTO "quiz_answer" VALUES(702,176,'4',0,1);
INSERT INTO "quiz_answer" VALUES(703,176,'8',0,1);
INSERT INTO "quiz_answer" VALUES(704,176,'2',0,1);
INSERT INTO "quiz_answer" VALUES(705,177,'flac',1,1);
INSERT INTO "quiz_answer" VALUES(706,177,'ogg-vorbis',0,1);
INSERT INTO "quiz_answer" VALUES(707,177,'mp3',0,1);
INSERT INTO "quiz_answer" VALUES(708,177,'aac',0,1);
INSERT INTO "quiz_answer" VALUES(709,178,'7zip',1,1);
INSERT INTO "quiz_answer" VALUES(710,178,'zip',0,1);
INSERT INTO "quiz_answer" VALUES(711,178,'gzip',0,1);
INSERT INTO "quiz_answer" VALUES(712,178,'lzma',0,1);
INSERT INTO "quiz_answer" VALUES(713,179,'cut -f3,5 -d, file.csv',1,1);
INSERT INTO "quiz_answer" VALUES(714,179,'cut -k3,5 -d, file.csv',0,1);
INSERT INTO "quiz_answer" VALUES(715,179,'cut -f3,5 -s, file.csv',0,1);
INSERT INTO "quiz_answer" VALUES(716,179,'gimme -f3,5 file.csv',0,1);
INSERT INTO "quiz_answer" VALUES(717,180,'telnet server 80',1,1);
INSERT INTO "quiz_answer" VALUES(718,180,'shutdown -r now',0,1);
INSERT INTO "quiz_answer" VALUES(719,180,'netstat -n -s server | grep 80',0,1);
INSERT INTO "quiz_answer" VALUES(720,180,'tcpdump -i eth0 dst host server and port 80',0,1);
INSERT INTO "quiz_answer" VALUES(721,181,'ext2',1,1);
INSERT INTO "quiz_answer" VALUES(722,181,'reiserfs',0,1);
INSERT INTO "quiz_answer" VALUES(723,181,'JFS',0,1);
INSERT INTO "quiz_answer" VALUES(724,181,'NTFS',0,1);
INSERT INTO "quiz_answer" VALUES(725,182,'ifconfig',1,1);
INSERT INTO "quiz_answer" VALUES(726,182,'ipconfig',0,1);
INSERT INTO "quiz_answer" VALUES(727,182,'netstat',0,1);
INSERT INTO "quiz_answer" VALUES(728,182,'remove and insert',0,1);
INSERT INTO "quiz_answer" VALUES(729,183,'iptables -i eth0 -A INPUT -p tcp --dport 80 -j ACCEPT',1,1);
INSERT INTO "quiz_answer" VALUES(730,183,'iptables -i eth0 -p tcp --dport 80 -j ACCEPT',0,1);
INSERT INTO "quiz_answer" VALUES(731,183,'iptables -i eth0 -A INPUT -p tcp -j ACCEPT',0,1);
INSERT INTO "quiz_answer" VALUES(732,183,'iptables -i eth0 -A INPUT -p tcp --dport 80',0,1);
INSERT INTO "quiz_answer" VALUES(733,184,'mount',1,1);
INSERT INTO "quiz_answer" VALUES(734,184,'df -h',0,1);
INSERT INTO "quiz_answer" VALUES(735,184,'cat /etc/fstab',0,1);
INSERT INTO "quiz_answer" VALUES(736,184,'ls /media',0,1);
INSERT INTO "quiz_answer" VALUES(737,185,'ab',1,1);
INSERT INTO "quiz_answer" VALUES(738,185,'nmap',0,1);
INSERT INTO "quiz_answer" VALUES(739,185,'curl',0,1);
INSERT INTO "quiz_answer" VALUES(740,185,'wget',0,1);
INSERT INTO "quiz_answer" VALUES(741,186,'X server',1,1);
INSERT INTO "quiz_answer" VALUES(742,186,'nginx',0,1);
INSERT INTO "quiz_answer" VALUES(743,186,'Apache',0,1);
INSERT INTO "quiz_answer" VALUES(744,186,'Lighttpd',0,1);
INSERT INTO "quiz_answer" VALUES(745,187,'screen',1,1);
INSERT INTO "quiz_answer" VALUES(746,187,'nmap',0,1);
INSERT INTO "quiz_answer" VALUES(747,187,'tcpdump',0,1);
INSERT INTO "quiz_answer" VALUES(748,187,'wireshark',0,1);
INSERT INTO "quiz_answer" VALUES(749,188,'Print file sizes in human readable format',1,1);
INSERT INTO "quiz_answer" VALUES(750,188,'Print short help message',0,1);
INSERT INTO "quiz_answer" VALUES(751,188,'Print long help message',0,1);
INSERT INTO "quiz_answer" VALUES(752,188,'Print hidden files',0,1);
INSERT INTO "quiz_answer" VALUES(753,189,'awk -v FS=, -v OFS=, ''{print $2, $1}'' file.csv',1,1);
INSERT INTO "quiz_answer" VALUES(754,189,'cut -f2,1 -d, file.csv',0,1);
INSERT INTO "quiz_answer" VALUES(755,189,'fmt -f2,1 -s, file.csv',0,1);
INSERT INTO "quiz_answer" VALUES(756,189,'while read a b; do echo $b,$a; done < file.csv',0,1);
INSERT INTO "quiz_answer" VALUES(757,190,'merge',1,1);
INSERT INTO "quiz_answer" VALUES(758,190,'slice',0,1);
INSERT INTO "quiz_answer" VALUES(759,190,'dice',0,1);
INSERT INTO "quiz_answer" VALUES(760,190,'truncate',0,1);
INSERT INTO "quiz_answer" VALUES(761,191,'CSV',1,1);
INSERT INTO "quiz_answer" VALUES(762,191,'Bazaar',0,1);
INSERT INTO "quiz_answer" VALUES(763,191,'Subversion',0,1);
INSERT INTO "quiz_answer" VALUES(764,191,'CVS',0,1);
INSERT INTO "quiz_answer" VALUES(765,192,'add',1,1);
INSERT INTO "quiz_answer" VALUES(766,192,'update',0,1);
INSERT INTO "quiz_answer" VALUES(767,192,'merge',0,1);
INSERT INTO "quiz_answer" VALUES(768,192,'rebase',0,1);
INSERT INTO "quiz_answer" VALUES(769,193,'rebase',1,1);
INSERT INTO "quiz_answer" VALUES(770,193,'merge',0,1);
INSERT INTO "quiz_answer" VALUES(771,193,'revolution',0,1);
INSERT INTO "quiz_answer" VALUES(772,193,'revert',0,1);
INSERT INTO "quiz_answer" VALUES(773,194,'log',1,1);
INSERT INTO "quiz_answer" VALUES(774,194,'status',0,1);
INSERT INTO "quiz_answer" VALUES(775,194,'add',0,1);
INSERT INTO "quiz_answer" VALUES(776,194,'mv',0,1);
INSERT INTO "quiz_answer" VALUES(777,195,'fast-forward',1,1);
INSERT INTO "quiz_answer" VALUES(778,195,'branching',0,1);
INSERT INTO "quiz_answer" VALUES(779,195,'rebasing',0,1);
INSERT INTO "quiz_answer" VALUES(780,195,'rock on!',0,1);
INSERT INTO "quiz_answer" VALUES(781,196,'centralized workflow',1,1);
INSERT INTO "quiz_answer" VALUES(782,196,'gatekeeper workflow',0,1);
INSERT INTO "quiz_answer" VALUES(783,196,'automated gatekeeper workflow',0,1);
INSERT INTO "quiz_answer" VALUES(784,196,'commander-lieutenant workflow',0,1);
INSERT INTO "quiz_answer" VALUES(785,197,'Mercurial',1,1);
INSERT INTO "quiz_answer" VALUES(786,197,'Subversion',0,1);
INSERT INTO "quiz_answer" VALUES(787,197,'ClearCase',0,1);
INSERT INTO "quiz_answer" VALUES(788,197,'Visual SourceSafe',0,1);
INSERT INTO "quiz_answer" VALUES(789,198,'The initial cloning is slower',1,1);
INSERT INTO "quiz_answer" VALUES(790,198,'Users cannot commit revisions without a server',0,1);
INSERT INTO "quiz_answer" VALUES(791,198,'Most operations are slower without a server',0,1);
INSERT INTO "quiz_answer" VALUES(792,198,'Users cannot create forks without a server',0,1);
INSERT INTO "quiz_answer" VALUES(793,199,'The same file was edited in both BranchA and BranchB',1,1);
INSERT INTO "quiz_answer" VALUES(794,199,'The same file was edited in BranchA but deleted in BranchB',0,1);
INSERT INTO "quiz_answer" VALUES(795,199,'The same file was edited in BranchA but renamed in BranchB',0,1);
INSERT INTO "quiz_answer" VALUES(796,199,'A file with the same name was added in both BranchA and BranchB',0,1);
INSERT INTO "quiz_answer" VALUES(797,200,'&',1,1);
INSERT INTO "quiz_answer" VALUES(798,200,'$',0,1);
INSERT INTO "quiz_answer" VALUES(799,200,'%',0,1);
INSERT INTO "quiz_answer" VALUES(800,200,'!',0,1);
INSERT INTO "quiz_answer" VALUES(801,201,'QUERY_STRING',1,1);
INSERT INTO "quiz_answer" VALUES(802,201,'INPUT',0,1);
INSERT INTO "quiz_answer" VALUES(803,201,'QUERY_INPUT',0,1);
INSERT INTO "quiz_answer" VALUES(804,201,'GET_READY',0,1);
INSERT INTO "quiz_answer" VALUES(805,202,'validator.w3.org',1,1);
INSERT INTO "quiz_answer" VALUES(806,202,'twitter.com',0,1);
INSERT INTO "quiz_answer" VALUES(807,202,'facebook.com',0,1);
INSERT INTO "quiz_answer" VALUES(808,202,'github.com',0,1);
INSERT INTO "quiz_answer" VALUES(809,203,'When visiting a URL that does not exist',1,1);
INSERT INTO "quiz_answer" VALUES(810,203,'When copying a file that does not exist',0,1);
INSERT INTO "quiz_answer" VALUES(811,203,'When running a command that does not exist',0,1);
INSERT INTO "quiz_answer" VALUES(812,203,'When opening an email attachment',0,1);
INSERT INTO "quiz_answer" VALUES(813,204,'The web server',1,1);
INSERT INTO "quiz_answer" VALUES(814,204,'The client browser',0,1);
INSERT INTO "quiz_answer" VALUES(815,204,'The client operating system',0,1);
INSERT INTO "quiz_answer" VALUES(816,204,'The router between client and server',0,1);
INSERT INTO "quiz_answer" VALUES(817,205,'The part of the URL after the "?" mark',1,1);
INSERT INTO "quiz_answer" VALUES(818,205,'The part of the URL after the "#" mark',0,1);
INSERT INTO "quiz_answer" VALUES(819,205,'A variable in a HTTP GET request',0,1);
INSERT INTO "quiz_answer" VALUES(820,205,'A feature request',0,1);
INSERT INTO "quiz_answer" VALUES(821,206,'200',1,1);
INSERT INTO "quiz_answer" VALUES(822,206,'100',0,1);
INSERT INTO "quiz_answer" VALUES(823,206,'0',0,1);
INSERT INTO "quiz_answer" VALUES(824,206,'1',0,1);
INSERT INTO "quiz_answer" VALUES(825,207,'Common Gateway Interface',1,1);
INSERT INTO "quiz_answer" VALUES(826,207,'Computer Generated Imagery',0,1);
INSERT INTO "quiz_answer" VALUES(827,207,'Computer Guided Infidel',0,1);
INSERT INTO "quiz_answer" VALUES(828,207,'Computer Graphics Interface',0,1);
INSERT INTO "quiz_answer" VALUES(829,208,'On the client',1,1);
INSERT INTO "quiz_answer" VALUES(830,208,'On the web server',0,1);
INSERT INTO "quiz_answer" VALUES(831,208,'On the top shelf',0,1);
INSERT INTO "quiz_answer" VALUES(832,208,'On a cookie server',0,1);
INSERT INTO "quiz_answer" VALUES(833,209,'Date',1,1);
INSERT INTO "quiz_answer" VALUES(834,209,'Expires',0,1);
INSERT INTO "quiz_answer" VALUES(835,209,'Domain',0,1);
INSERT INTO "quiz_answer" VALUES(836,209,'Path',0,1);
INSERT INTO "quiz_answer" VALUES(837,210,'empty line',1,1);
INSERT INTO "quiz_answer" VALUES(838,210,'.',0,1);
INSERT INTO "quiz_answer" VALUES(839,210,'Content-type: text/html',0,1);
INSERT INTO "quiz_answer" VALUES(840,210,'</head>',0,1);
INSERT INTO "quiz_answer" VALUES(841,211,'IOS_VERSION',1,1);
INSERT INTO "quiz_answer" VALUES(842,211,'HTTP_REFERER',0,1);
INSERT INTO "quiz_answer" VALUES(843,211,'HTTP_USER_AGENT',0,1);
INSERT INTO "quiz_answer" VALUES(844,211,'DOCUMENT_ROOT',0,1);
INSERT INTO "quiz_answer" VALUES(845,212,'REMOTE_ADDR',1,1);
INSERT INTO "quiz_answer" VALUES(846,212,'IS_MOBILE_PHONE',0,1);
INSERT INTO "quiz_answer" VALUES(847,212,'ORANGE_WHO',0,1);
INSERT INTO "quiz_answer" VALUES(848,212,'ANDROID_VERSION',0,1);
INSERT INTO "quiz_answer" VALUES(849,213,'OPTIONS',1,1);
INSERT INTO "quiz_answer" VALUES(850,213,'GET',0,1);
INSERT INTO "quiz_answer" VALUES(851,213,'POST',0,1);
INSERT INTO "quiz_answer" VALUES(852,213,'HEAD',0,1);
INSERT INTO "quiz_answer" VALUES(853,214,'HEAD doesn''t include a response body',1,1);
INSERT INTO "quiz_answer" VALUES(854,214,'HEAD returns only the <head> tag of HTML',0,1);
INSERT INTO "quiz_answer" VALUES(855,214,'GET returns a response without a header',0,1);
INSERT INTO "quiz_answer" VALUES(856,214,'GET can support SSL',0,1);
INSERT INTO "quiz_answer" VALUES(857,215,'404 Internal Server Error',1,1);
INSERT INTO "quiz_answer" VALUES(858,215,'418 I''m a teapot',0,1);
INSERT INTO "quiz_answer" VALUES(859,215,'400 Bad Request',0,1);
INSERT INTO "quiz_answer" VALUES(860,215,'401 Unauthorized',0,1);
INSERT INTO "quiz_answer" VALUES(861,216,'Client error',1,1);
INSERT INTO "quiz_answer" VALUES(862,216,'Server error',0,1);
INSERT INTO "quiz_answer" VALUES(863,216,'Application error',0,1);
INSERT INTO "quiz_answer" VALUES(864,216,'Connection error',0,1);
INSERT INTO "quiz_answer" VALUES(865,217,'Upload files',1,1);
INSERT INTO "quiz_answer" VALUES(866,217,'Implement session state',0,1);
INSERT INTO "quiz_answer" VALUES(867,217,'Create cookies',0,1);
INSERT INTO "quiz_answer" VALUES(868,217,'Pass multiple variables to a form',0,1);
INSERT INTO "quiz_answer" VALUES(869,218,'Unspecified (no limit)',1,1);
INSERT INTO "quiz_answer" VALUES(870,218,'8190 bytes',0,1);
INSERT INTO "quiz_answer" VALUES(871,218,'1024 bytes',0,1);
INSERT INTO "quiz_answer" VALUES(872,218,'512 bytes',0,1);
INSERT INTO "quiz_answer" VALUES(873,219,'mstsc',1,1);
INSERT INTO "quiz_answer" VALUES(874,219,'remote-desktop',0,1);
INSERT INTO "quiz_answer" VALUES(875,219,'msdesktop',0,1);
INSERT INTO "quiz_answer" VALUES(876,219,'msterm',0,1);
INSERT INTO "quiz_answer" VALUES(877,220,'Windows + l',1,1);
INSERT INTO "quiz_answer" VALUES(878,220,'Ctrl-Alt-Del',0,1);
INSERT INTO "quiz_answer" VALUES(879,220,'Ctrl-Escape',0,1);
INSERT INTO "quiz_answer" VALUES(880,220,'Windows + d',0,1);
INSERT INTO "quiz_answer" VALUES(881,221,'Windows + Pause/Break',1,1);
INSERT INTO "quiz_answer" VALUES(882,221,'Windows + Home',0,1);
INSERT INTO "quiz_answer" VALUES(883,221,'Windows + l',0,1);
INSERT INTO "quiz_answer" VALUES(884,221,'Windows + m',0,1);
INSERT INTO "quiz_answer" VALUES(885,222,'Ctrl + Shift + Escape',1,1);
INSERT INTO "quiz_answer" VALUES(886,222,'Ctrl + Escape',0,1);
INSERT INTO "quiz_answer" VALUES(887,222,'Windows + l',0,1);
INSERT INTO "quiz_answer" VALUES(888,222,'Windows + m',0,1);
INSERT INTO "quiz_answer" VALUES(889,223,'rmdir /s/q',1,1);
INSERT INTO "quiz_answer" VALUES(890,223,'rm -fr',0,1);
INSERT INTO "quiz_answer" VALUES(891,223,'del /r',0,1);
INSERT INTO "quiz_answer" VALUES(892,223,'format',0,1);
INSERT INTO "quiz_answer" VALUES(893,224,'net statistics server',1,1);
INSERT INTO "quiz_answer" VALUES(894,224,'uptime',0,1);
INSERT INTO "quiz_answer" VALUES(895,224,'services.msc',0,1);
INSERT INTO "quiz_answer" VALUES(896,224,'bsod.exe',0,1);
INSERT INTO "quiz_answer" VALUES(897,225,'net use z: \\server\folder',1,1);
INSERT INTO "quiz_answer" VALUES(898,225,'map z: \\server\folder',0,1);
INSERT INTO "quiz_answer" VALUES(899,225,'xcopy \\server\folder z:',0,1);
INSERT INTO "quiz_answer" VALUES(900,225,'map \\server\folder z:',0,1);
INSERT INTO "quiz_answer" VALUES(901,226,'%pwd%',1,1);
INSERT INTO "quiz_answer" VALUES(902,226,'%cd%',0,1);
INSERT INTO "quiz_answer" VALUES(903,226,'%date%',0,1);
INSERT INTO "quiz_answer" VALUES(904,226,'%time%',0,1);
INSERT INTO "quiz_answer" VALUES(905,227,'handle authentication requests',1,1);
INSERT INTO "quiz_answer" VALUES(906,227,'domain name server',0,1);
INSERT INTO "quiz_answer" VALUES(907,227,'host user home directories',0,1);
INSERT INTO "quiz_answer" VALUES(908,227,'host Microsoft Exchange',0,1);
INSERT INTO "quiz_answer" VALUES(909,228,'Windows NT',1,1);
INSERT INTO "quiz_answer" VALUES(910,228,'Windows XP',0,1);
INSERT INTO "quiz_answer" VALUES(911,228,'Windows 3.1',0,1);
INSERT INTO "quiz_answer" VALUES(912,228,'Windows 98',0,1);
