CREATE TABLE "quiz_level" (
    "_id" integer NULL PRIMARY KEY AUTOINCREMENT,
    "name" varchar(80) NULL UNIQUE,
    "level" integer NULL UNIQUE
)
;
CREATE TABLE "quiz_question" (
    "_id" integer NULL PRIMARY KEY AUTOINCREMENT,
    "text" varchar(200) NULL,
    "category" varchar(80) NULL,
    "level_id" integer NULL REFERENCES "quiz_level" ("_id"),
    "hint" text NULL,
    "explanation" text NULL,
    "is_active" bool NULL,
    UNIQUE ("text", "level_id")
)
;
CREATE TABLE "quiz_answer" (
    "_id" integer NULL PRIMARY KEY AUTOINCREMENT,
    "question_id" integer NULL REFERENCES "quiz_question" ("_id"),
    "text" varchar(200) NULL,
    "is_correct" bool NULL,
    "is_active" bool NULL,
    UNIQUE ("question_id", "text")
)
;

INSERT INTO "quiz_level" VALUES(1,'Hobbyist',1);
INSERT INTO "quiz_level" VALUES(2,'Professional',2);
INSERT INTO "quiz_level" VALUES(3,'Expert',3);
INSERT INTO "quiz_level" VALUES(4,'Nightmare!',4);
INSERT INTO "quiz_question" VALUES(1,'Which is the slowest sort algorithm?','algorithms',1,'','The worst-case and average complexity of bubble sort is О(n^2), in contrast with O(n log n) of the other methods.',1);
INSERT INTO "quiz_question" VALUES(2,'Which denotes the fastest time complexity?','algorithms',1,'','O(1) indicates constant time regardless of the size of the input.',1);
INSERT INTO "quiz_question" VALUES(3,'What is the notation of quadratic time complexity?','algorithms',1,'','O(n^2) indicates quadratic time complexity, for example an algorithm that requires all input elements to be compared to all other input elements.',1);
INSERT INTO "quiz_question" VALUES(4,'What is the term for source code that has a complex and tangled control structure?','algorithms',1,'','It is named such because program flow is conceptually like a bowl of spaghetti, i.e. twisted and tangled.',1);
INSERT INTO "quiz_question" VALUES(5,'Which control flow operations might you use to process each line of a file?','algorithms',1,'','You probably want to repeatedly read a line until the end of the file is reached.',1);
INSERT INTO "quiz_question" VALUES(6,'What is Ant?','build-automation',1,'','Ant is a build tool like make, but it is based on Java. Unlike make, it can run on any platform that has a Java Virtual Machine.',1);
INSERT INTO "quiz_question" VALUES(7,'What is the name of the main configuration file used by "make"?','build-automation',1,'','The default configuration file used by make is called Makefile.',1);
INSERT INTO "quiz_question" VALUES(8,'What is the name of the main configuration file used by Ant?','build-automation',1,'','The default configuration file used by Ant is build.xml',1);
INSERT INTO "quiz_question" VALUES(9,'What is the name of the main configuration file used by Maven?','build-automation',1,'','The default configuration file used by Maven is pom.xml',1);
INSERT INTO "quiz_question" VALUES(10,'Which is not a build automation tool?','build-automation',1,'','make, ant and maven are build automation tools, g++ is a C/C++ compiler.',1);
INSERT INTO "quiz_question" VALUES(11,'Which data structure is most suitable to implement an index?','data-structures',1,'','The concept of an index is like a lookup table: it allows looking up a specific value directly by its known index, without inspecting elements one by one.',1);
INSERT INTO "quiz_question" VALUES(12,'What kind of data structure is a FIFO?','data-structures',1,'','FIFO stands for First In, First Out. Like in a queue where you line up to get movie tickets.',1);
INSERT INTO "quiz_question" VALUES(13,'What kind of data structure is a LIFO?','data-structures',1,'','LIFO stands for Last In, First Out. A LIFO structure can be illustrated with the example of a stack of trays. The last tray to be placed on top is also the first to be taken off the top.',1);
INSERT INTO "quiz_question" VALUES(14,'Which data structure is equivalent to an associative array?','data-structures',1,'','An associative array is composed of a collection of (key, value) pairs, such that each possible key appears at most once in the collection. An array, set or stack is a collection of values, not pairs.',1);
INSERT INTO "quiz_question" VALUES(15,'Which data structure is not like the others?','data-structures',1,'','An associative array, symbol table, or dictionary is an abstract data type composed of a collection of (key, value) pairs. A list is a collection of values, not pairs.',1);
INSERT INTO "quiz_question" VALUES(16,'Which data structure is the most suitable to implement a cache?','data-structures',1,'','A hash table is a structure that can map keys to values. They can access values directly by their keys and retrieve them quickly.',1);
INSERT INTO "quiz_question" VALUES(17,'How to count the number of sheep in the farm table?','database',1,'','The SQL syntax for counting records in a table is SELECT count(*) FROM table_name;',1);
INSERT INTO "quiz_question" VALUES(18,'What does SQL stand for?','database',1,'','SQL, Structured Query Language, is a special-purpose programming language designed for managing data held in a relational database management system (RDBMS).',1);
INSERT INTO "quiz_question" VALUES(19,'What does URI stand for?','web-programming',1,'','URI, Uniform Resource Identifier is a string of characters used to identify a resource.',1);
INSERT INTO "quiz_question" VALUES(20,'Which is not a common SQL command?','database',1,'','SELECT, UPDATE and INSERT are common SQL commands, FIND is not.',1);
INSERT INTO "quiz_question" VALUES(21,'How to find all employees whose name is Smith?','database',1,'','Strings must be enclosed within single quotes, and the operator to check for equality is a single equal sign.',1);
INSERT INTO "quiz_question" VALUES(22,'How to find all employees with NULL as email address?','database',1,'','NULL is a keyword in SQL, it should not be quoted. The syntax to check whether something is NULL or not is "IS NULL" and "IS NOT NULL".',1);
INSERT INTO "quiz_question" VALUES(23,'In a relational database, what is the term for minimizing redundancy and dependency?','database',1,'','Normalization usually involves dividing large tables into smaller, less redundant tables and defining relationships between them.',1);
INSERT INTO "quiz_question" VALUES(24,'A computer uses the least power in which mode?','hardware',1,'','When hibernated, the computer is completely off. It can restore itself by reloading the previously saved content of the memory.',1);
INSERT INTO "quiz_question" VALUES(25,'How to reset the BIOS password if you forgot it?','hardware',1,'','You can try to remove and reinsert the battery on the motherboard. If that doesn''t work, the solution might be changing a jumper setting. Look for the manual of your computer.',1);
INSERT INTO "quiz_question" VALUES(26,'Which computer part is not necessary to boot an operating system?','hardware',1,'','Harddisk is not essential. An operating system can be loaded from CD or USB storage, for example. Everything else is essential (PSU is the Power Supply Unit).',1);
INSERT INTO "quiz_question" VALUES(27,'What is the maximum amount of RAM directly addressable in a 32-bit system?','hardware',1,'','A 32-bit register can store 2^32 different values. Hence, a processor with 32-bit memory addresses can directly access 4 GiB of byte-addressable memory.',1);
INSERT INTO "quiz_question" VALUES(28,'Which storage type has the highest theoretical transfer rate?','hardware',1,'','SSD has the highest theoretical and practical transfer rate among these choices.',1);
INSERT INTO "quiz_question" VALUES(29,'Which RAID level is called mirroring?','hardware',1,'','In RAID 1 (mirroring without parity or striping), data is written identically to two drives, thereby producing a "mirrored set".',1);
INSERT INTO "quiz_question" VALUES(30,'Which RAID level is called striping?','hardware',1,'','RAID 0 provides improved performance by using multiple disks in parallel, called block-level striping. It has no fault tolerance, any drive failure destroys the array.',1);
INSERT INTO "quiz_question" VALUES(31,'How many disks would you put in a RAID 0 if you want to minimize the likelihood of failure?','hardware',1,'','Any drive failure destroys the array, and the likelihood of failure increases with more drives in the array.',1);
INSERT INTO "quiz_question" VALUES(32,'Who said that the number of transistors in a chip will double every 18 months?','history',1,'','The co-founder of Intel, Gordon E. Moore.',1);
INSERT INTO "quiz_question" VALUES(33,'What is SMTP for?','history',1,'','SMTP stands for Simple Message Transfer Protocol, it is used by mail servers to send and receive mail messages.',1);
INSERT INTO "quiz_question" VALUES(34,'When will the world run out of the free pool of IPv4 addresses?','history',1,'','On 31 January 2011, IANA (Internet Assigned Numbers Authority) announced it had exhausted its free pool of IPv4 addresses.',1);
INSERT INTO "quiz_question" VALUES(35,'Which browser was the ancestor of Firefox?','history',1,'','The Firefox project began as an experimental branch of the Mozilla project.',1);
INSERT INTO "quiz_question" VALUES(36,'Which operating system was the inspiration of Linux?','history',1,'','MINIX inspired Linus Torvalds to create the Linux kernel.',1);
INSERT INTO "quiz_question" VALUES(37,'Which command will give read permission on a file for everyone?','linux',1,'','"a" means everyone, "+r" means give read permission. 444 is not correct, because it does more than just give read permission, at the same time it removes write and execute permissions.',1);
INSERT INTO "quiz_question" VALUES(38,'How to shutdown safely a GNU/Linux machine?','linux',1,'','Ctrl-Alt-F1 will switch from graphical mode to the first virtual terminal in GNU/Linux. When on a virtual terminal, most GNU/Linux systems are configured to shut down safely.',1);
INSERT INTO "quiz_question" VALUES(39,'Which command will print the current working directory in UNIX?','linux',1,'','The pwd command prints the absolute path of the current working directory. Usually the same value is also stored in the environment variable $PWD.',1);
INSERT INTO "quiz_question" VALUES(40,'How to check the available disk space in GNU/Linux?','linux',1,'','The letters of the command stand for "disk free", and the "-h" makes the output more "human-friendly".',1);
INSERT INTO "quiz_question" VALUES(41,'In UNIX, how to put the current command in the background?','linux',1,'','Ctrl-z pauses execution of the current job, and the bg program puts the paused job in the background.',1);
INSERT INTO "quiz_question" VALUES(42,'Which is an example of input redirection?','linux',1,'','"<" is the input redirection operator in common shells, even in DOS.',1);
INSERT INTO "quiz_question" VALUES(43,'Which command will assign permissions rwxr-x--- to a file?','linux',1,'','chmod 750 gives all permissions to the owner (4 + 2 + 1), read and execute permission to the group (4 + 1), and no permissions for others (0).',1);
INSERT INTO "quiz_question" VALUES(44,'Which was the earliest GNU/Linux distribution?','linux',1,'','Knoppix, Ubuntu, Mint are all derivatives of Debian.',1);
INSERT INTO "quiz_question" VALUES(45,'Which is not a version of Mac OS X?','mac',1,'','There was no Mac OS X version with codename Kitten, the codename of version 10.1 was Puma.',1);
INSERT INTO "quiz_question" VALUES(46,'What does the "X" stand for in Mac OS X?','mac',1,'','The X stands for the roman letter, meaning 10. Its predecessor was Mac OS 9.',1);
INSERT INTO "quiz_question" VALUES(47,'In Mac OS X, which command opens any file as if double-clicked in Finder?','mac',1,'','The "open" command can open any file or directory, it works the same way as when double-clicking in Finder.',1);
INSERT INTO "quiz_question" VALUES(48,'Which one is a MAC address?','network',1,'','MAC addresses are used as a network address for most IEEE 802 network technologies, including Ethernet.',1);
INSERT INTO "quiz_question" VALUES(49,'What is the purpose of a DHCP server?','network',1,'','The Dynamic Host Configuration Protocol (DHCP) is a network protocol used to configure devices that are connected to a network so they can communicate on that network using the Internet Protocol (IP).',1);
INSERT INTO "quiz_question" VALUES(50,'Which one is a netmask?','network',1,'','The subnet mask is used to separate the network address part and the host identifier part of an IP address. For example if the IP address is 192.168.2.103 and the subnet mask is 255.255.255.0, then the network address is 192.168.2.0 and the host identifier is 103.',1);
INSERT INTO "quiz_question" VALUES(51,'What is the common port number of an FTP server?','network',1,'','The common port of an FTP server is 21.',1);
INSERT INTO "quiz_question" VALUES(52,'What is the purpose of mounting a disk?','os',1,'','Mounting a disk is the process of making a file system accessible.',1);
INSERT INTO "quiz_question" VALUES(53,'How many primary partitions are allowed on a PC hard disk?','os',1,'','The total data storage space of a PC HDD can be divided into at most four primary partitions, or alternatively three primary partitions and an extended partition.',1);
INSERT INTO "quiz_question" VALUES(54,'How to declare a pointer to an integer in C?','programming',1,'','In the C language you declare pointers using *, which is called the value-at-address operator or indirection operator.',1);
INSERT INTO "quiz_question" VALUES(55,'What will be the value of i when executing int i = 10 / 3','programming',1,'','Since i is integer, the decimal part of the computation will be simply ignored.',1);
INSERT INTO "quiz_question" VALUES(56,'What will be the value of int i = 3 % 5?','programming',1,'','The modulo (sometimes called modulus) operation finds the remainder of division of one number by another. 3 divided by 5 is 0, and the remainder is 3.',1);
INSERT INTO "quiz_question" VALUES(57,'What is the value of this expression: 3 > 4 ? 5 : 6','programming',1,'','If 3 is greater than 4, the value will be 5, otherwise 6. So it is 6. The ?: is called the ternary operator, it exists in many languages.',1);
INSERT INTO "quiz_question" VALUES(58,'Which loop will print the numbers 1 to 10?','programming',1,'','The variable i will take on the values 0..9, and the printf statement will print i+1, so effectively 1..10.',1);
INSERT INTO "quiz_question" VALUES(59,'What''s the number after F in hexadecimal?','programming',1,'','F is the highest hexadecimal digit, just like 9 is the highest decimal digit. And just like the number after decimal 9 is decimal 10, the number after hexadecimal F is hexadecimal 10.',1);
INSERT INTO "quiz_question" VALUES(60,'What is the purpose of this condition: i % 6 == 0 && i % 7 == 0','programming',1,'','% is usually the modulo operator, which for i % n returns the remainder of dividing i by n. For example 30 % 7 is 2 because 30 - int(30 / 7) is 2.',1);
INSERT INTO "quiz_question" VALUES(61,'Which value of i will satisfy this condition: i % 3 == 0 && i % 5 == 0','programming',1,'','Only 105 is a multiple of both 3 and 5.',1);
INSERT INTO "quiz_question" VALUES(62,'What will be the result of sprintf("%-05s", 15)','programming',1,'','The string will be padding to length 5. 0 is to use zeros when padding on the left, but since minus means to justify to the left, the 0 is pointless and unused here.',1);
INSERT INTO "quiz_question" VALUES(63,'Which regular expression will not match "foobar"?','regex',1,'','The "." matches any character, but since there is nothing between "foo" and "bar", this won''t match.',1);
INSERT INTO "quiz_question" VALUES(64,'How to match an empty line using regular expressions?','regex',1,'','The "^" indicates the beginning of the line, and the "$" indicates the end of the line. Thus, if the beginning of the line is followed directly by the end of the line, that must be an empty line.',1);
INSERT INTO "quiz_question" VALUES(65,'Which string will match the regular expression ^[yY]es','regex',1,'','The string must start with ''y'' or ''Y'', folled by ''es''.',1);
INSERT INTO "quiz_question" VALUES(66,'Which regex substitution will replace all dots with a space?','regex',1,'','If the dot is not escaped with a backslash, the expression will replace any character, not only a dot. The ''g'' flag stands for "global", to replace all occurrences.',1);
INSERT INTO "quiz_question" VALUES(67,'Which regex substitution will expand S03 to Season 3','regex',1,'','Capture the pattern within (...) and use \1 as a back reference in the replacement.',1);
INSERT INTO "quiz_question" VALUES(68,'Which regex substitution will replace 8 characters with a dot?','regex',1,'','The dot in ".{8}" means any character, the {8} means repeated 8 times.',1);
INSERT INTO "quiz_question" VALUES(69,'Which command will change to your home directory in UNIX?','scripting',1,'','The cd command without arguments changes to the home directory in UNIX and GNU/Linux systems.',1);
INSERT INTO "quiz_question" VALUES(70,'How to hide the output of a script in Windows?','scripting',1,'','The Null Device Driver component provides the functional equivalent of \dev\null in the Unix environment by accepting I/O request packets and returning them to the caller.',1);
INSERT INTO "quiz_question" VALUES(71,'How to run script2.sh only after script1.sh is successful?','scripting',1,'','The effect of the && operator is that the second command will only run if the first command is successful.',1);
INSERT INTO "quiz_question" VALUES(72,'How to count the log files in a directory?','scripting',1,'','The wc command can count lines, bytes and characters. In this case we are interested in lines, the -l flag is for that.',1);
INSERT INTO "quiz_question" VALUES(73,'How to give read permission on a file to other users in GNU/Linux?','security',1,'','"o" means other users (not you and not users in the same group), and "+r" means "add read permission". Every time you do chmod 777, somewhere in the world a puppy gets killed.',1);
INSERT INTO "quiz_question" VALUES(74,'What is the disadvantage of a closed-source operating system?','security',1,'','You cannot verify how the system works, so you put yourself at the mercy of the vendor of the closed-source operating system.',1);
INSERT INTO "quiz_question" VALUES(75,'Which wireless security algorithm is the worst?','security',1,'','WEP has been demonstrated to have numerous flaws and has been deprecated in favour of newer standards such as WPA2.',1);
INSERT INTO "quiz_question" VALUES(76,'Which service should be removed to harden the security of a system?','security',1,'','File transfers via FTP are not encrypted, therefore they can be captured by anyone on the same network using a packet sniffer, easily revealing login usernames and passwords. Windows is not a "service", it''s an operating system.',1);
INSERT INTO "quiz_question" VALUES(77,'Why should you disable images embedded in emails?','security',1,'','It is very common and use to use a server-side script to log your IP address and other browser parameters and output an image. The result looks like an image, covering up the nasty full truth.',1);
INSERT INTO "quiz_question" VALUES(78,'What is the decimal value of 0x15 (hexadecimal)?','system-programming',1,'','0x15 is a hexadecimal notation, its decimal value is calculated like this: 1 * 16^1 + 5 * 16^0 = 1 * 16 + 5 * 1 = 16 + 5 = 21',1);
INSERT INTO "quiz_question" VALUES(79,'What is the decimal value of 015 (octal)?','system-programming',1,'','015 is an octal notation, its decimal value is calculated like this: 1 * 8^1 + 5 * 8^0 = 1 * 8 + 5 * 1 = 8 + 5 = 13',1);
INSERT INTO "quiz_question" VALUES(80,'What is the decimal value of 0b1101 (binary)?','system-programming',1,'','0b1101 is a binary notation, its decimal value is calculated like this: 1 * 2^3 + 1 * 2^2 + 0 * 2^1 + 1 * 2^0 = 8 + 4 + 1 = 13',1);
INSERT INTO "quiz_question" VALUES(81,'How to write the number 11 in binary notation?','system-programming',1,'','The value of the binary expression 0b1011 = 2^3 + 2^1 + 2^0 = 8 + 2 + 1 = 11',1);
INSERT INTO "quiz_question" VALUES(82,'Which is a low-level system programming language?','system-programming',1,'','Assembly is a low level language, designed for writing system software as distinct from application software.',1);
INSERT INTO "quiz_question" VALUES(83,'Which is the lowest level software testing method?','testing',1,'','Unit testing is at the lowest level, testing a specific section of code.',1);
INSERT INTO "quiz_question" VALUES(84,'Which methodology is known for its red-green-refactor mantra?','testing',1,'','In Test-Driven Development, you write the tests first that confirm the desired functionality. As you implement the functionality, the tests pass, turning from red to green. Then when there is a new feature, you adjust the tests, and the cycle starts again.',1);
INSERT INTO "quiz_question" VALUES(85,'Which is a fine name for a unit test case to verify the logic of a login form?','testing',1,'','Unit test case names should be specific and descriptive.',1);
INSERT INTO "quiz_question" VALUES(86,'How to check the owner of a domain name?','tools',1,'','The whois command looks up records in the database maintained by several Network Information Centers (NICs).',1);
INSERT INTO "quiz_question" VALUES(87,'What is the purpose of an .md5 file?','tools',1,'','md5 is a so-called digest function. You can use it to calculate the digest of a downloaded file, and if doesn''t match with the .md5 file provided by the server, that means the downloaded file is corrupt, not identical to the original file on the server.',1);
INSERT INTO "quiz_question" VALUES(88,'How to cycle between tabs in most tabbed browsers?','tools',1,'','Usually, Ctrl-Tab switches to the next tab and Ctrl-Shift-Tab switches to the previous tab in a tabbed browser.',1);
INSERT INTO "quiz_question" VALUES(89,'How many characters wide is a TAB?','tools',1,'','The visual length of the TAB character depends on the viewing application and your personal settings.',1);
INSERT INTO "quiz_question" VALUES(90,'Which audio format is lossless?','tools',1,'','FLAC (Free Lossless Audio Codec) is a codec (compressor-decompressor or coder-decoder) which allows digital audio to be losslessly compressed such that file size is reduced without any information being lost.',1);
INSERT INTO "quiz_question" VALUES(91,'How to view the configuration of a network interface in GNU/Linux?','tools',1,'','The ifconfig command shows the configuration of network interfaces, including such details as IP address, netmask, broadcast address and MAC address.',1);
INSERT INTO "quiz_question" VALUES(92,'How to list the currently mounted file systems?','tools',1,'','The mount command with no parameters shows the currently mounted file systems.',1);
INSERT INTO "quiz_question" VALUES(93,'Which is a common version control operation?','version-control',1,'','The merge operation is used to combine multiple branches of code under version control into one.',1);
INSERT INTO "quiz_question" VALUES(94,'How to get the source code from a Version Control System?','version-control',1,'','The command to get the source code is usually either "checkout" or "clone".',1);
INSERT INTO "quiz_question" VALUES(95,'How to save changes in a Version Control System?','version-control',1,'','The command to save changes is usually either "commit" or "checkin".',1);
INSERT INTO "quiz_question" VALUES(96,'What is the command to view uncommitted changes in a Version Control System?','version-control',1,'','The command to view pending changes is usually "status". Very often the shortcut "st" works too.',1);
INSERT INTO "quiz_question" VALUES(97,'What does VCS stand for in source code management?','version-control',1,'','A version control system is used to manage changes to source code. Such system is for example Git, Mercurial, Subversion, Bazaar.',1);
INSERT INTO "quiz_question" VALUES(98,'Which is not a Version Control System?','version-control',1,'','CSV stands for Comma Separated Values, it is a common file format, not a Version Control System.',1);
INSERT INTO "quiz_question" VALUES(99,'Which is not a valid character in HTML as tag content?','web-programming',1,'','In HTML content "&" should be written as &amp;',1);
INSERT INTO "quiz_question" VALUES(100,'In web programming, which variable stores the input data of a GET request?','web-programming',1,'','The QUERY_STRING is the part of a URL after the question mark, not including the question mark itself, for example "search=hello&page=2".',1);
INSERT INTO "quiz_question" VALUES(101,'Which website offers free validation of your HTML code?','web-programming',1,'','The website http://validator.w3.org/ can validate all kinds of web documents and show the list of errors with explanations.',1);
INSERT INTO "quiz_question" VALUES(102,'When might you see this: 404 - File not found','web-programming',1,'','404 is an HTTP status code, returned by the web server when the requested URL is unknown to the server.',1);
INSERT INTO "quiz_question" VALUES(103,'Which file is used to prevent web crawlers from accessing parts of a website?','web-programming',1,'','Most search engines check if a robots.txt file exists in a website''s root directory and respect the exclusion rules defined within.',1);
INSERT INTO "quiz_question" VALUES(104,'What is the standard port number used by web servers?','web-programming',1,'','The standard port number of the HTTP protocol is 80.',1);
INSERT INTO "quiz_question" VALUES(105,'What is the standard port number used by secure web servers (HTTPS)?','web-programming',1,'','The standard port number of the HTTPS protocol is 443.',1);
INSERT INTO "quiz_question" VALUES(106,'Which file is used as a web site''s bookmark icon in browsers?','web-programming',1,'','In the past browsers used the favicon.ico file in the webserver root as the website''s icon in bookmarks. In modern browsers the name and location of the file can be customized using a <link> tag.',1);
INSERT INTO "quiz_question" VALUES(107,'What is the command to open a remote desktop connection in Windows?','windows',1,'','It''s mstsc.exe',1);
INSERT INTO "quiz_question" VALUES(108,'What is the keyboard shortcut to lock your PC on Windows?','windows',1,'','It''s Windows + L, as in "L" for "lock"',1);
INSERT INTO "quiz_question" VALUES(109,'What is the keyboard shortcut to open the system properties in Windows?','windows',1,'','The Windows-Pause/Break combo opens the system properties window, useful to check basic system properties, edit environment variable, among others.',1);
INSERT INTO "quiz_question" VALUES(110,'What is the keyboard shortcut to open the task manager in Windows?','windows',1,'','Ctrl + Shift + Escape opens the task manager, useful to view memory usage and kill processes.',1);
INSERT INTO "quiz_question" VALUES(111,'What is the command to edit the registry in Windows?','windows',1,'','It''s regedit.exe',1);
INSERT INTO "quiz_question" VALUES(112,'What is the default filesystem when formatting a disk in Windows NT systems?','windows',1,'','NTFS supersedes the FAT file system as the preferred file system for Microsoft Windows operating systems.',1);
INSERT INTO "quiz_question" VALUES(113,'How to check the IP address of your computer in Windows?','windows',1,'','The ipconfig command shows the configuration of network interfaces in Windows, including the IP address, network mask, and others.',1);
INSERT INTO "quiz_question" VALUES(114,'What is the average performance of the bubble sort algorithm?','algorithms',2,'','Bubble sort has worst-case and average complexity both О(n2), where n is the number of items being sorted.',1);
INSERT INTO "quiz_question" VALUES(115,'What is the average performance of the quicksort algorithm?','algorithms',2,'','On average, quicksort makes O(n log n) comparisons to sort n items.',1);
INSERT INTO "quiz_question" VALUES(116,'Which is not a stable sorting algorithm?','algorithms',2,'','Stable sorting algorithms preserve the relative order of items that compare as equal. Heapsort does not guarantee that.',1);
INSERT INTO "quiz_question" VALUES(117,'What is not a good use case of a hash function?','algorithms',2,'','Hash functions are one-way, they cannot be applied in reverse, the input data is not recoverable from the output data, akin to lossy compression.',1);
INSERT INTO "quiz_question" VALUES(118,'Which is not true about hash functions?','algorithms',2,'','Hash functions are heavily used in cryptography, where they are designed to be slow on purpose, to make brute force attacks more difficult.',1);
INSERT INTO "quiz_question" VALUES(119,'Which is the oldest build tool?','build-automation',2,'','Make appeared in 1977, Ant in 2000, Maven in 2002, and CMake in 1999.',1);
INSERT INTO "quiz_question" VALUES(120,'What is not a responsibility of an automated build system?','build-automation',2,'','Debugging is an activity that involves interacting with a running program, not part of the build process.',1);
INSERT INTO "quiz_question" VALUES(121,'What is the common step between "./configure" and "make install" when building a software from source?','build-automation',2,'','"make" without any arguments runs the default build task, which is typically building the entire software. This step is usually after the configuration step. After this the software can be installed with "make install".',1);
INSERT INTO "quiz_question" VALUES(122,'How to specify that taskA depends on taskB in a Makefile?','build-automation',2,'','The correct syntax is taskA: taskB, meaning taskB will be executed first (if needed) before performing taskA.',1);
INSERT INTO "quiz_question" VALUES(123,'What is the difference between a binary tree and a B-tree?','data-structures',2,'','A B-tree is a generalization of the binary search tree: nodes can have more than two children.',1);
INSERT INTO "quiz_question" VALUES(124,'What is the minimum number of internal (non-leaf) nodes in a binary tree with 7 nodes?','data-structures',2,'','The minimum possible number of nodes can be achieved in a full binary tree, where every node has strictly 0 or 2 children. In this case there will be 3 internal nodes and 4 leaf nodes.',1);
INSERT INTO "quiz_question" VALUES(125,'What is the maximum number of internal (non-leaf) nodes in a binary tree with 7 nodes?','data-structures',2,'','In a degenerate tree each parent node has only one child node, effectively behaving like a linked list data structure. In this case there will be n-1 = 6 internal nodes and 1 leaf node.',1);
INSERT INTO "quiz_question" VALUES(126,'Which term is not like the others?','data-structures',2,'','Basically, LIFO = FILO = stack, while queue is the logical opposite.',1);
INSERT INTO "quiz_question" VALUES(127,'Which data structure is a natural choice to implement a queue?','data-structures',2,'','A doubly linked list has O(1) insertion and deletion at both ends, so is a natural choice for queues.',1);
INSERT INTO "quiz_question" VALUES(128,'What type of JOIN is this: SELECT * FROM t1 JOIN t2 ON t1.id = t2.id','database',2,'','When the type of the JOIN is unspecified, it is most commonly an INNER JOIN.',1);
INSERT INTO "quiz_question" VALUES(129,'How many records will match this query if there are 5 records in Employee and 3 records in Department: SELECT * FROM Employee e LEFT JOIN Department d ON e.DepartmentID = d.DepartmentID','database',2,'','Since this is a LEFT JOIN, there will be at least one record for each employee (the left table), therefore 5 or more records.',1);
INSERT INTO "quiz_question" VALUES(130,'How many records will match this query if there are 5 records in Employee and 3 records in Department: SELECT count(*) FROM Employee e RIGHT JOIN Department d ON e.DepartmentID = d.DepartmentID','database',2,'','Since this is a RIGHT JOIN, there will be at least one record for each department (the right table), therefore 3 or more records.',1);
INSERT INTO "quiz_question" VALUES(131,'In SQL, which form of count() might be invalid?','database',2,'','If there is no column named DepartmentID in the source tables then count(DepartmentID) will be invalid. The other forms are always valid.',1);
INSERT INTO "quiz_question" VALUES(132,'Which SQL statement is incorrect?','database',2,'','A GROUP BY clause is required before HAVING.',1);
INSERT INTO "quiz_question" VALUES(133,'How to find employees with DepartmentID set to NULL?','database',2,'','The IS NULL operator is the right way to find NULL values.',1);
INSERT INTO "quiz_question" VALUES(134,'In SQL, what is the difference between UNION and UNION ALL?','database',2,'','Duplicate records are removed from the result of UNION, while UNION ALL returns all records.',1);
INSERT INTO "quiz_question" VALUES(135,'What is the advantage of storing data in a database instead of a CSV file?','database',2,'','In a database columns can be indexed, which can help finding data much faster. The other statements are not necessarily true.',1);
INSERT INTO "quiz_question" VALUES(136,'Which is false about 32-bit and 64-bit architectures?','hardware',2,'','A 64-bit processor has backward compatibility and will handle most 32-bit software.',1);
INSERT INTO "quiz_question" VALUES(137,'Which is true about GPU and CPU?','hardware',2,'','GPUs have a parallel throughput architecture that emphasizes executing many concurrent threads slowly, rather than executing a single thread very quickly.',1);
INSERT INTO "quiz_question" VALUES(138,'Which RAID level provides the highest fault tolerance, given an array of 3 disks?','hardware',2,'','With RAID 1, n-1 disks can fail without losing data. With RAID 3 and RAID 5 only one disk can fail. RAID 0 provides no fault tolerance at all.',1);
INSERT INTO "quiz_question" VALUES(139,'What is RAID 5?','hardware',2,'','RAID 5 distributes parity along with the data and requires that all drives but one be present to operate. The array is not destroyed by a single drive failure.',1);
INSERT INTO "quiz_question" VALUES(140,'How many disks can fail in a RAID 5 array without risk of data loss?','hardware',2,'','RAID 5 distributes parity along with the data and requires that all drives but one be present to operate. The array is not destroyed by a single drive failure. On drive failure, any subsequent reads can be calculated from the distributed parity.',1);
INSERT INTO "quiz_question" VALUES(141,'Who invented semaphores in concurrent programs?','history',2,'','Edsger W. Dijkstra, to whom we owe much (banker''s algorithm, philosopher''s dinner, Dijkstra algorithm, ...)',1);
INSERT INTO "quiz_question" VALUES(142,'Which operating system was not derived from a version of UNIX?','history',2,'','MINIX is a UNIX-like system but it was not derived from UNIX. The others can all be traced back to some version of UNIX.',1);
INSERT INTO "quiz_question" VALUES(143,'In what language was UNIX originally written?','history',2,'','UNIX was originally written in assembly language, and later rewritten in C.',1);
INSERT INTO "quiz_question" VALUES(144,'If you have a guest account on a GNU/Linux system, which port can you use to open a listening socket?','linux',2,'','In GNU/Linux only a superuser can open ports below 1024.',1);
INSERT INTO "quiz_question" VALUES(145,'When will this cron job run? 0 */5 * * * date','linux',2,'','The first column indicates the minute, the second column indicates the hour in a cron job definition.',1);
INSERT INTO "quiz_question" VALUES(146,'In the bash shell, which is similar to and better than `cmd`?','linux',2,'','$(command) and `command` are the two forms of command substitution. The $(...) syntax is recommended because it is cleaner, especially when nesting sub-commands.',1);
INSERT INTO "quiz_question" VALUES(147,'Which variable controls the prompt in bash?','linux',2,'','PS1 controls the primary prompt string in bash.',1);
INSERT INTO "quiz_question" VALUES(148,'Which file can restrict access to the system?','linux',2,'','The /etc/hosts.allow file can contain a list of hosts that are allowed to access the system.',1);
INSERT INTO "quiz_question" VALUES(149,'Which file contains a list of common services and their port numbers?','linux',2,'','The /etc/services file contains well known port numbers of common services, as assigned by IANA.',1);
INSERT INTO "quiz_question" VALUES(150,'What is usually not stored in /etc/passwd about a user account?','linux',2,'','The password is usually stored in /etc/shadow, with more strict access permissions.',1);
INSERT INTO "quiz_question" VALUES(151,'Which command is used to configure a firewall in GNU/Linux?','linux',2,'','iptables is an administration tool for IPv4 packet filtering and NAT, a common firewall software in GNU/Linux.',1);
INSERT INTO "quiz_question" VALUES(152,'Which environment variable is usually not a path?','linux',2,'','LOGNAME is usually the username of the current user, not a path.',1);
INSERT INTO "quiz_question" VALUES(153,'In GNU/Linux, which runlevel is a multi-user runlevel?','linux',2,'','Runlevels 2 to 5 are multi-user runlevels.',1);
INSERT INTO "quiz_question" VALUES(154,'In GNU/Linux, what is the name of the process with PID 1?','linux',2,'','In GNU/Linux the "init" process is the parent of all processes, it gets the first PID which is 1.',1);
INSERT INTO "quiz_question" VALUES(155,'Which signal cannot be trapped?','linux',2,'','The KILL signal is non-catchable, non-ignorable, immediately kills a process without possibility of cleaning up.',1);
INSERT INTO "quiz_question" VALUES(156,'How to run a command every 4th hour on weekdays using cron?','linux',2,'','The 2nd field is minutes, it should be a concrete number to make the job hourly. The 2nd field is the hour, */n means every n-th hour. The 5th field the day of the week, 0 or 7 is Sunday.',1);
INSERT INTO "quiz_question" VALUES(157,'Mac OS X is based on which operating system?','mac',2,'','OS X, previously Mac OS X, is based on the NeXTSTEP operating system, which incorporates certain parts from FreeBSD''s and NetBSD''s implementation of UNIX.',1);
INSERT INTO "quiz_question" VALUES(158,'The kernel of Mac OS X is based on which kernel?','mac',2,'','Mach is an operating system kernel developed at Carnegie Mellon University to support operating system research, primarily distributed and parallel computation.',1);
INSERT INTO "quiz_question" VALUES(159,'Which utility is not installed by default on a Mac OS X?','mac',2,'','Mac OS X uses mostly BSD implementation of common UNIX tools, as opposed to GNU implementation. Gawk is the GNU implementation of the AWK programming language.',1);
INSERT INTO "quiz_question" VALUES(160,'What is IPsec?','network',2,'','IPsec is an end-to-end security scheme operating in the Internet Layer of the Internet Protocol Suite.',1);
INSERT INTO "quiz_question" VALUES(161,'Which is not one of the default chains of an iptables firewall?','network',2,'','ACCEPT is not a chain, but a rule. The others are typical chains.',1);
INSERT INTO "quiz_question" VALUES(162,'Which file might contain such line: nameserver 192.168.1.1','network',2,'','The /etc/resolv.conf file is used to provide various information to DNS resolver.',1);
INSERT INTO "quiz_question" VALUES(163,'Which is not essential for connecting to another computer on the same LAN?','network',2,'','It is not possible to connect to another computer without configuring a network interface with an IP address and correct netmask, and a route between the computers. A name server is optional.',1);
INSERT INTO "quiz_question" VALUES(164,'How to find the default gateway in a UNIX system?','network',2,'','The route command prints all the routes, including the default gateway.',1);
INSERT INTO "quiz_question" VALUES(165,'How to check if port 1234 is listening for incoming connections?','network',2,'','telnet is useful to check if a port is open. Another easy way is using netstat, but not with the -p flag.',1);
INSERT INTO "quiz_question" VALUES(166,'Which is not necessarily the cause when you cannot ping google.com?','network',2,'','Being on a NAT does not necessarily prevent access to the outside. The other factors would necessarily prevent pinging google.com',1);
INSERT INTO "quiz_question" VALUES(167,'What is PXE for?','os',2,'','The Preboot eXecution Environment (PXE, also known as Pre-Execution Environment; sometimes pronounced "pixie") is an environment to boot computers using a network interface independently of data storage devices (like hard disks) or installed operating systems.',1);
INSERT INTO "quiz_question" VALUES(168,'Which is not an operating system?','os',2,'','Linux is the kernel used in the GNU/Linux operating system, not an operating system by itself.',1);
INSERT INTO "quiz_question" VALUES(169,'What is the file descriptor number of stderr?','os',2,'','The file descriptor number of standard error is 2.',1);
INSERT INTO "quiz_question" VALUES(170,'When would you use a LinkedList instead of an ArrayList?','programming',2,'','In a linked list, elements are arranged in a chain: each element has a pointer to the next. Insert and remove operations are faster compared to an ArrayList, but random access of elements is slower.',1);
INSERT INTO "quiz_question" VALUES(171,'What is the advantage of using an ArrayList instead of a LinkedList?','programming',2,'','Elements in an ArrayList can be accessed directly by a numeric index, but in a LinkedList you must travers the elements from the start or the end until the desired element.',1);
INSERT INTO "quiz_question" VALUES(172,'What is CORBA for?','programming',2,'','The Common Object Request Broker Architecture (CORBA) enables software components written in multiple computer languages and running on multiple computers to work together.',1);
INSERT INTO "quiz_question" VALUES(173,'What is the purpose of a CRC function?','programming',2,'','A cyclic redundancy check (CRC) is an error-detecting code commonly used in digital networks and storage devices to detect accidental changes to raw data.',1);
INSERT INTO "quiz_question" VALUES(174,'What is the standard way to declare the main method of a C program?','programming',2,'','The main method should return integer, and the arguments should give the number and values of the program''s command-line arguments.',1);
INSERT INTO "quiz_question" VALUES(175,'If i=3 and j=i++, what is the value of j?','programming',2,'','In j=i++ the value of i will be first copied to j before i is incremented.',1);
INSERT INTO "quiz_question" VALUES(176,'What will be the value of f when executing float f = 5 / 2 / .5; in the C language?','programming',2,'','The first division will be treated as an operation on integers, resulting in 2, which divided by 0.5 will result in 4.',1);
INSERT INTO "quiz_question" VALUES(177,'What will be the value of f when executing float f = 5 / 2. / .5; in the C language?','programming',2,'','In the first division, "2." will be treated as a float, and the result of the division will be 2.5, which then divided by 0.5 will result in 5.',1);
INSERT INTO "quiz_question" VALUES(178,'In C#, which keyword is not related to method overloading?','programming',2,'','"implements" is a keyword in Java but not in C#.',1);
INSERT INTO "quiz_question" VALUES(179,'What is the operator of bitwise XOR in C?','programming',2,'','& is bitwise AND, | is bitwise OR, ~ is bitwise NOT, and ^ is bitwise XOR (exclusive OR).',1);
INSERT INTO "quiz_question" VALUES(180,'What is the maximum value of a uint16_t?','programming',2,'','uint16_t = unsigned int over 16 bits = 2^16-1 = 65535',1);
INSERT INTO "quiz_question" VALUES(181,'Which kind of protocol can achieve the fastest communication between remote processes?','programming',2,'','A binary protocol yields the smallest possible footprint in the communication, which is often a significant boost compared to more verbose text-based protocols like SOAP or XML.',1);
INSERT INTO "quiz_question" VALUES(182,'What coding recommendation might be violated by: a || b || c || d','programming',2,'','Code quality checking tools like PMD or Sonar would warn that boolean expression complexity is higher than 3.',1);
INSERT INTO "quiz_question" VALUES(183,'When should you add more comments in your code?','programming',2,'','As much as possible, the code should speak for itself. In some cases when the logic is too complex and cannot be refactored, you should add a comment to explain what''s happening.',1);
INSERT INTO "quiz_question" VALUES(184,'What is the value of 2^16','programming',2,'','In other words that''s all combinations of bits on two bytes. Kind of a notable number of programmers. 2^16 = 2^8 * 2^8 = 256 * 256 = 65536',1);
INSERT INTO "quiz_question" VALUES(185,'What will happen if you run this in a language with lazily evaluated function parameters: (function(x, n) 2^x)(8)','programming',2,'','If function parameters are lazily evaluated, then since n is never used, it will be ignored, and the function should return 2^8 = 256.',1);
INSERT INTO "quiz_question" VALUES(186,'Which regular expression will match a word that starts with "foo" and has at least 4 letters?','regex',2,'','The "\<" indicates the start of a word, and "\w+" indicates one or more word characters. The other choices are not restrictive enough, and may match input that doesn''t meet the criteria.',1);
INSERT INTO "quiz_question" VALUES(187,'Which string will match the extended regular expression (.*) \1 .*e','regex',2,'','\1 in extended regular expressions is a back reference to the first matched pattern within (...)',1);
INSERT INTO "quiz_question" VALUES(188,'In UNIX, which shell variable stores the exit code of the last executed command?','scripting',2,'','$? stores the exit code of the last executed command. $$ is the PID of the current process, $@ is the list of command line arguments and $1 is the first command line argument.',1);
INSERT INTO "quiz_question" VALUES(189,'How to save the output of a command to a file and see it at the same time?','scripting',2,'','The tee command takes standard input, save it to the specified file and at the same time prints it back to standard output.',1);
INSERT INTO "quiz_question" VALUES(190,'How to convert all characters in a file to lowercase?','scripting',2,'','tr reads text from standard input and writes to standard output. It does not take filenames as input or output arguments.',1);
INSERT INTO "quiz_question" VALUES(191,'How to append .bak extension to all files in a directory and all sub-directories?','scripting',2,'','The -exec flag of the find command should end either with \; or +. With + the command will be executed only once with all files as arguments. With \; the command will be executed once for each file.',1);
INSERT INTO "quiz_question" VALUES(192,'In which scripting language is this a valid statement: cmd=/bin/cat.exe','scripting',2,'','This is a valid statement to assign the value "/bin/cat.exe" to the variable "cmd" in bash. The statement is not valid in the other languages.',1);
INSERT INTO "quiz_question" VALUES(193,'The bash shell reads which file first on startup?','scripting',2,'','When run without special options, bash reads /etc/profile first.',1);
INSERT INTO "quiz_question" VALUES(194,'How many lines will be printed by this: echo 1 && echo 2 || echo 3','scripting',2,'','2 lines: "echo 1" succeeds, therefore "echo 2" is executed, and since that succeeds, "echo 3" is not executed at all.',1);
INSERT INTO "quiz_question" VALUES(195,'How many lines will be printed by this: seq 9 | paste - - -','scripting',2,'','seq 9 will print the numbers 1 to 9, each on a separate line, and paste will organize them to 3 columns, resulting in 3 total lines in the output, starting with 1 2 3 on the first line, and so on.',1);
INSERT INTO "quiz_question" VALUES(196,'What will be the output of this: echo hello | grep hi && echo one || echo two','scripting',2,'','The grep will not match anything, which is a failure, therefore echo two will be executed.',1);
INSERT INTO "quiz_question" VALUES(197,'How to redirect both stdout and stderr of a command to the same file?','scripting',2,'','One way to achive this is to first redirect stdout and then redirect stderr to whatever stdout is pointing to.',1);
INSERT INTO "quiz_question" VALUES(198,'Which C library function is the most safe?','security',2,'','Only the strncpy function checks bounds, the others don''t. Not checking bounds is very likely to lead to buffer overflow defects.',1);
INSERT INTO "quiz_question" VALUES(199,'Which is the most secure method to protect access to a website?','security',2,'','Public key authentication is usually implemented with HTTPS / SSL client certificates, and it is much safer than the other methods, where the password can be either sniffed or the authentication token replayed.',1);
INSERT INTO "quiz_question" VALUES(200,'Which kind of attack on computer security is a form of active eavesdropping (secretly listening)?','security',2,'','The attacker makes independent connections with the victims and relays messages between them, making them believe that they are talking directly to each other over a private connection, when in fact the entire conversation is controlled by the attacker.',1);
INSERT INTO "quiz_question" VALUES(201,'What is the recommended permission setting on a user''s ~/.ssh/authorized_keys file?','security',2,'','Only the owner of the file should have any kind of access.',1);
INSERT INTO "quiz_question" VALUES(202,'Which open port is a potential security risk in a UNIX-like system?','security',2,'','Port 23 is the default port of Telnet, an obsolete, insecure login service. The other ports correspond to more secure services protected by encryption.',1);
INSERT INTO "quiz_question" VALUES(203,'What is endianness about?','system-programming',2,'','Endian and endianness in the most common cases refers to how bytes are ordered.',1);
INSERT INTO "quiz_question" VALUES(204,'Which is not a system call?','system-programming',2,'','A system call is how a program requests a service from an operating system''s kernel. printf calls the write system call to print text on standard output. printf is too high level, it is not a system call.',1);
INSERT INTO "quiz_question" VALUES(205,'What is 0x15 + 0x17?','system-programming',2,'','0x15 is 16 + 5 = 21 and 0x17 is 16 + 7 = 23, so 21 + 23 = 44',1);
INSERT INTO "quiz_question" VALUES(206,'What is 0x15 & 0x17?','system-programming',2,'','0x15 is 10101 and 0x17 is 10111, so 10101 & 10111 = 10101 = 21',1);
INSERT INTO "quiz_question" VALUES(207,'In assembly, how do you usually copy a value?','system-programming',2,'','mov exists in different flavor if it copies a fixed value, a register, a value in memory.',1);
INSERT INTO "quiz_question" VALUES(208,'In assembly, what is an interrupt?','system-programming',2,'','An interrupt is a signal to the processor emitted by hardware or software indicating an event that needs immediate attention.',1);
INSERT INTO "quiz_question" VALUES(209,'How much is ((1 << 2) | (1 << 1)) & 0x03 in decimal?','system-programming',2,'','(0100 | 0010) & 0011 = 0110 & 0011 = 0010 = 2',1);
INSERT INTO "quiz_question" VALUES(210,'How do you clear the 3rd bit of a byte Z?','system-programming',2,'','Z = Z & ~0100 = Z & 1011 = effectively setting the 3rd bit to zero.',1);
INSERT INTO "quiz_question" VALUES(211,'How many unit tests will you need to cover this condition: a || b || c','testing',2,'','You would need to cover 4 cases: only `a` is true, only `b` is true, only `c` is true, none of them are true.',1);
INSERT INTO "quiz_question" VALUES(212,'Which test case follows good practices in unit testing?','testing',2,'','A unit test case should test only one thing.',1);
INSERT INTO "quiz_question" VALUES(213,'Which test case follows good practices in unit testing? (2)','testing',2,'','A good unit test case should be short, fast, and easy to read',1);
INSERT INTO "quiz_question" VALUES(214,'Which compression tool cannot work as a filter?','tools',2,'','7zip has a very compression ratio but it cannot be used a filter.',1);
INSERT INTO "quiz_question" VALUES(215,'How to print the 3rd and 5th columns of a csv file?','tools',2,'','The -f flag is used to specify the columns, which can be a comma separated list. The -d flag is used to specify the delimiter of the columns.',1);
INSERT INTO "quiz_question" VALUES(216,'How to check if a web server is running?','tools',2,'','One way to check if a web server is running is to send a GET request to it using telnet, for example by sending the text "GET /".',1);
INSERT INTO "quiz_question" VALUES(217,'Which is not a journaling filesystem?','tools',2,'','ext2 is an old filesystem introduced in 1993, it did not use a journal. It has been supplanted by ext3, which is almost completely compatible with ext2 and is a journaling file system.',1);
INSERT INTO "quiz_question" VALUES(218,'How to permit incoming connections to the web server?','tools',2,'','-A INPUT is required to indicate incoming connections, --dport 80 is required to match destination port 80, -j ACCEPT is required to permit the connection.',1);
INSERT INTO "quiz_question" VALUES(219,'Which tool is the most useful for load testing a web server?','tools',2,'','ab is the Apache HTTP server benchmarking tool, but it is useful to perform load testing on any web server.',1);
INSERT INTO "quiz_question" VALUES(220,'Which version control operation will never result in a conflict?','version-control',2,'','The update, merge and rebase operations all involve some sort of merging, and may result in conflicts. The add operation can never result in a conflict.',1);
INSERT INTO "quiz_question" VALUES(221,'Which version control operation may rewrite the history?','version-control',2,'','The rebase operation rewrites the history of a branch by replaying a set of changes on top another branch.',1);
INSERT INTO "quiz_question" VALUES(222,'Which version control operation requires access to the server in a centralized VCS?','version-control',2,'','In a centralized VCS all operations that involve the history need to access the repository on the central server. The status, add, and mv commands can be performed without access to the server.',1);
INSERT INTO "quiz_question" VALUES(223,'Which is a Distributed Version Control System?','version-control',2,'','These are all version control systems, but only Mercurial has a distributed model, the others use a client-server model.',1);
INSERT INTO "quiz_question" VALUES(224,'Who generates the HTTP 404 File not found error?','web-programming',2,'','When the requested URL doesn''t exist, the web server responds with 404 status code to the client.',1);
INSERT INTO "quiz_question" VALUES(225,'In web programming, what is the QUERY_STRING?','web-programming',2,'','The QUERY_STRING is the part of a URL after the question mark, not including the question mark itself, for example "search=hello&page=2".',1);
INSERT INTO "quiz_question" VALUES(226,'What is the status code of a successful HTTP request?','web-programming',2,'','"200 OK" is the standard response for successful HTTP requests.',1);
INSERT INTO "quiz_question" VALUES(227,'What does CGI stand for in web programming?','web-programming',2,'','Common Gateway Interface, a standard for dynamic generation of web pages by a web server.',1);
INSERT INTO "quiz_question" VALUES(228,'Where are HTTP cookies stored?','web-programming',2,'','Cookies are stored on the client side and sent to the server until expired',1);
INSERT INTO "quiz_question" VALUES(229,'Which is not a standard attribute of HTTP cookie parameters?','web-programming',2,'','Standard parameters of HTTP cookies are: Expires, Domain, Path, HttpOnly, Secure. Date is not one of them.',1);
INSERT INTO "quiz_question" VALUES(230,'What marks the end of an HTTP header?','web-programming',2,'','The end of the header fields is indicated by an empty field, resulting in the transmission of two consecutive CR-LF pairs.',1);
INSERT INTO "quiz_question" VALUES(231,'Which is not a common CGI environment variable?','web-programming',2,'','HTTP_USER_AGENT is the browser type of the visitor, HTTP_REFERER is the URL of the page that called the current one, and DOCUMENT_ROOT is the root directory of the server.',1);
INSERT INTO "quiz_question" VALUES(232,'Which is a common CGI environment variable?','web-programming',2,'','REMOTE_ADDR is the IP address of the visitor.',1);
INSERT INTO "quiz_question" VALUES(233,'What is the difference between the GET and HEAD methods of the HTTP protocol?','web-programming',2,'','The response of a HEAD requests is a header identical to that of a GET request, but without a response body.',1);
INSERT INTO "quiz_question" VALUES(234,'In which version of Windows was PowerShell introduced?','windows',2,'','Windows PowerShell is Microsoft''s task automation framework, consisting of a command-line shell and associated scripting language built on .NET Framework. PowerShell was introduced in Windows 7 as an integral part of the system.',1);
INSERT INTO "quiz_question" VALUES(235,'How to delete a directory recursively in Windows?','windows',2,'','rmdir /s/q deletes the specified directory and all subdirectories. It is the equivalent of rm -fr in UNIX.',1);
INSERT INTO "quiz_question" VALUES(236,'In Windows, how can you know what time your PC was started?','windows',2,'','The net statistics server command prints various interesting statistics about the running system, including the time it was started, similar to the uptime utility in UNIX.',1);
INSERT INTO "quiz_question" VALUES(237,'How to map a network share to a drive letter in Windows?','windows',2,'','You can map a network share to a drive letter with net use. The first parameter is the drive letter followed by a colon, the second parameter is the path to the network share.',1);
INSERT INTO "quiz_question" VALUES(238,'Which is not a standard environment variable in Windows?','windows',2,'','%cd% is the current working directory, %date% is the current date, %time% is the current time. %pwd% is not a standard environment variable in Windows.',1);
INSERT INTO "quiz_question" VALUES(239,'What is the main function of the Domain Controller on a Microsoft Server?','windows',2,'','The main function of the Domain Controller is to handle user authentication requests.',1);
INSERT INTO "quiz_question" VALUES(240,'In an automated build system, which is the most logical step after running unit tests?','build-automation',3,'','The software must already be compiled to run unit tests. Without a package, what is there to install or deploy?',1);
INSERT INTO "quiz_question" VALUES(241,'What is the purpose of the "clean" step in an automated build system?','build-automation',3,'','The "clean" step typically removes build products, with the intention to start over as if the "compile" or other build steps were never executed.',1);
INSERT INTO "quiz_question" VALUES(242,'Can you parse an HTML document using regular expressions?','computer-science',3,'','Regular expressions can only match regular languages but HTML is a context-free language. It is always possible to present a HTML file that will be matched wrongly by any regular expression.',1);
INSERT INTO "quiz_question" VALUES(243,'Which database system uses the commands: lsnrctl, isqlplusctl, emctl?','database',3,'','These commands are used by Oracle to provide various services.',1);
INSERT INTO "quiz_question" VALUES(244,'Which SQL statement might select the department with the largest number of employees?','database',3,'','The other statements either have SQL errors or incorrect.',1);
INSERT INTO "quiz_question" VALUES(245,'How to get the current date in Oracle?','database',3,'','The function to get the current date in Oracle is SYSDATE without parentheses.',1);
INSERT INTO "quiz_question" VALUES(246,'How to get the current date in Sybase?','database',3,'','The function to get the current date in Sybase is GETDATE().',1);
INSERT INTO "quiz_question" VALUES(247,'In which column of /etc/fstab might you see /proc?','linux',3,'','/proc looks like a mount point, so it is most likely the second column.',1);
INSERT INTO "quiz_question" VALUES(248,'Which command will produce different output?','linux',3,'','The perl command does not read standard input, therefore it cannot match the string "tmp" like the other commands.',1);
INSERT INTO "quiz_question" VALUES(249,'Which command will create a backup of /opt/apache/ directory?','linux',3,'','The "c" specifies that we want to create an archive, the "f" followed by a filename is the destination, the -C followed by a directory to change to, the "apache" in the end is the name of the file/directory to backup. The other choices are incorrect.',1);
INSERT INTO "quiz_question" VALUES(250,'Which file controls the number of available virtual terminals in GNU/Linux?','linux',3,'','The virtual terminals are configured in the /etc/inittab file.',1);
INSERT INTO "quiz_question" VALUES(251,'What is the purpose of the PAGER variable in UNIX?','linux',3,'','The PAGER variable can be used to override the default program used to view man pages.',1);
INSERT INTO "quiz_question" VALUES(252,'Which command cannot list the files in a directory?','linux',3,'','The dirs command shows the list of remembered directories (stored by the pushd command), it cannot be used to list the files in a directory.',1);
INSERT INTO "quiz_question" VALUES(253,'Which command cannot send emails in GNU/Linux?','linux',3,'','groff is a document formatting system (for example rendering man pages) and cannot be used to send emails. Yes you can send an email with telnet, though it won''t be pretty.',1);
INSERT INTO "quiz_question" VALUES(254,'Which command can check if any given PID is running or not?','linux',3,'','You can use kill -0 PID to check if a PID is running. The top command shows only a subset of all processes and it might not include the PID you''re looking for. But of course ps -p is the ideal choice, better than kill -0.',1);
INSERT INTO "quiz_question" VALUES(255,'In C, given char **argv, what is equivalent to printf("%s\n", argv[0])','programming',3,'','argv + n is the address of the n-th element in the array. The * operator dereferences the pointer, obtaining the value stored at the pointed location.',1);
INSERT INTO "quiz_question" VALUES(256,'Which language is not in the same group as LISP?','programming',3,'','LISP, R, Scheme, and Scala are all functional languages. C++ is an imperative language.',1);
INSERT INTO "quiz_question" VALUES(257,'Which language is not in the same group as C++?','programming',3,'','C++, C, Java, and MATLAB, are all imperative languages. Haskell is a functional language.',1);
INSERT INTO "quiz_question" VALUES(258,'What is the most likely to cause a stack overflow?','programming',3,'','A common cause of a stack overflow is very deep or infinite recursion, exhausting the address space of the call stack. A common solution is to improve the algorithm to reduce the depth of recursions.',1);
INSERT INTO "quiz_question" VALUES(259,'What is wrong with static methods?','programming',3,'','Code calling static methods is hard to test because you cannot mock the static calls. Static methods in themselves are not hard to test. The other statements are true of static methods but don''t constitute a "problem".',1);
INSERT INTO "quiz_question" VALUES(260,'In C/C++ what is the effect of the volatile keyword ?','programming',3,'','The variable may change "on its own" (means an interrupt or another thread might change it) so don''t optimize code and always read the value of this variable.',1);
INSERT INTO "quiz_question" VALUES(261,'Which regular expression is a zero-width positive look-behind assertion?','regex',3,'','The symbol "<" usually indicates a look-behind assertion, and its absence a look-ahead assertion. The symbol "=" usually indicates a positive assertion, and the symbol "!" a negative assertion.',1);
INSERT INTO "quiz_question" VALUES(262,'What kind of regular expression is this: (?=pattern)','regex',3,'','This is a zero-width positive look-ahead assertion. For example /\w+(?=\t)/ matches a word followed by a TAB, without including the TAB in the matched string.',1);
INSERT INTO "quiz_question" VALUES(263,'How to match an 8 digit number with or without a hyphen in the middle?','regex',3,'','Either it''s \d{8} from start to end, 8 digits. Or it is 9 characters of [\d\-] (digits or hyphen) AND it matched \d+-\d+ - meaning it has exactly one hyphen in the middle.',1);
INSERT INTO "quiz_question" VALUES(264,'What is the weakest point in the computer security of a typical large firm?','security',3,'','The typical weakest point is the employees, as social engineering and human gallibility can often circumvent otherwise state of the art computer security system.',1);
INSERT INTO "quiz_question" VALUES(265,'Which is the most dangerous security probing tool?','security',3,'','nmap is a sophisticated port scanner, and can reveal much more about a network than all the other tools combined.',1);
INSERT INTO "quiz_question" VALUES(266,'Which cryptographic method is fundamentally different from the others?','security',3,'','sha1 is a digest method, the others are encryption methods.',1);
INSERT INTO "quiz_question" VALUES(267,'Which tool is not suitable to encrypt files?','security',3,'','encfs and TrueCrypt can be used to create encrypted directories, and openssl can be used to encrypt a stream of data. nmap is a network scanning tool, not for encryption.',1);
INSERT INTO "quiz_question" VALUES(268,'Which tool is not suitable to find open ports on the local system?','security',3,'','ping can only send ICMP ECHO requests to hosts, it cannot be used to find open ports.',1);
INSERT INTO "quiz_question" VALUES(269,'Which tool is not suitable to find open ports on a remote system?','security',3,'','Unlike the others, netstat cannot be used to scan arbitrary remote ports.',1);
INSERT INTO "quiz_question" VALUES(270,'What''s the worst thing that can happen if you configure nmap with suid root?','security',3,'','Privilege escalation could be used to create all the other damages. Except maybe releasing the kraken. Not sure.',1);
INSERT INTO "quiz_question" VALUES(271,'What''s the scariest defect that can happen in a web application?','security',3,'','A buffer overflow can potentially lead to privilege escalation, which could be used to produce all the others and much worse.',1);
INSERT INTO "quiz_question" VALUES(272,'How to represent -15 using 8-bit two''s complement?','system-programming',3,'','The 8-bit two''s complement of a number can be calculated by subtracting the unsigned number from 256, in this case 256 - 15 = 241 = 0b11110001',1);
INSERT INTO "quiz_question" VALUES(273,'Which is not a programming language?','system-programming',3,'','CGI stands for Common Gateway Interface, a standard for dynamic generation of web pages by a web server. It is not a programming language.',1);
INSERT INTO "quiz_question" VALUES(274,'Which is not a web server software?','tools',3,'','X server is the server counterpart of the X Window System in UNIX, and has nothing to do with web servers.',1);
INSERT INTO "quiz_question" VALUES(275,'Which is not a network analysis tool?','tools',3,'','tcpdump dumps traffic on a network; wireshark is a network traffic analyzer; nmap is a network security auditing tool; that leaves us with screen, which is a terminal multiplexer tool.',1);
INSERT INTO "quiz_question" VALUES(276,'What is the purpose of the -h flag of the ls command in UNIX?','tools',3,'','When used together with the -l flag for long format, the -h makes the ls command print file sizes in human readable format like 1K, 234M, 2G.',1);
INSERT INTO "quiz_question" VALUES(277,'How to print the 2nd and 1st columns of a csv file, in that order?','tools',3,'','The awk solution works, by setting the input and output field separators to a comma, and printing the selected columns in the desired order.',1);
INSERT INTO "quiz_question" VALUES(278,'In version control, what is the term for merging another branch that is not diverged but some versions ahead of the current branch?','version-control',3,'','In this situation the current branch HEAD can be simply fast-forwarded to the same position as the other branch HEAD, hence the name.',1);
INSERT INTO "quiz_question" VALUES(279,'In version control, which is the least scalable workflow?','version-control',3,'','The central server can become a bottleneck. The other workflows can be scaled by replicating them on multiple layers.',1);
INSERT INTO "quiz_question" VALUES(280,'What can be a disadvantage of a distributed VCS compared to a centralized VCS?','version-control',3,'','In a distributed VCS, initial cloning is typically slower, as the tool must download the entire project history. The other choices are disadvantages of centralized VCS.',1);
INSERT INTO "quiz_question" VALUES(281,'When merging branchA into branchB, which conflict may have an automatic resolution?','version-control',3,'','An automatic resolution may be possible if the two branches edited different parts of the file. The other types of conflicts can only be resolved manually by a human.',1);
INSERT INTO "quiz_question" VALUES(282,'Which HTTP method was not part of the HTTP/1.0 specification?','web-programming',3,'','The OPTIONS method was added in the HTTP/1.1 specification.',1);
INSERT INTO "quiz_question" VALUES(283,'Which server response is not part of the HTTP standard?','web-programming',3,'','404 is part of the standard but it means something else: "Not Found"',1);
INSERT INTO "quiz_question" VALUES(284,'Which type of error is indicated by a 4xx class of HTTP status code?','web-programming',3,'','Status codes in the class 4xx all indicate some kind of client error, such as requesting a non-existent page, or a syntax error in the request, just to name a few.',1);
INSERT INTO "quiz_question" VALUES(285,'What can you do with HTTP POST that you cannot do with HTTP GET?','web-programming',3,'','Uploading a file requires enclosing an entity in the request, which is supported by a POST request but not by a GET request.',1);
INSERT INTO "quiz_question" VALUES(286,'What was the limit of the header size in the HTTP/1.0 standard?','web-programming',3,'','The standard itself does not set a limit on the header size, but most implementations impose some limits for practical and security reasons.',1);
INSERT INTO "quiz_question" VALUES(287,'Which was the first version of Microsoft Windows that enforced preemptive multitasking?','windows',3,'','Windows NT was the first version of Microsoft Windows which enforced preemptive multitasking. Earlier versions used cooperative multitasking.',1);
INSERT INTO "quiz_question" VALUES(288,'What is machine learning about?','computer-science',2,'','This is roughly the definition given by Arthur Samuel (who had written the famous checkers playing, learning program).',1);
INSERT INTO "quiz_question" VALUES(289,'Which HTTP verb doesn''t map well to a CRUD operation?','web-programming',1,'','POST can Create, GET can Read, DELETE can Delete. HEAD is like a GET but without a response body, only a header, so it doesn''t map well to a CRUD operation.',1);
INSERT INTO "quiz_question" VALUES(290,'Which of these is a famous NP-complete problem?','computer-science',1,'','Many common variations of the traveling salesperson problem are NP-complete.',1);
INSERT INTO "quiz_question" VALUES(291,'Which of these is not a famous NP-complete problem?','computer-science',2,'','Linear programming is about maximizing a linear function subject to linear inequality constraints, which is known to be in P, not in NP.',1);
INSERT INTO "quiz_question" VALUES(292,'A problem in which complexity class is the hardest to solve?','computer-science',2,'','The difficulty of solving these complexity classes: L < P < P-complete < NP.',1);
INSERT INTO "quiz_question" VALUES(293,'Which is not one of the SOLID principles? (1)','programming',1,'','The S stands for single responsibility principle, there''s no such thing as singleton principle',1);
INSERT INTO "quiz_question" VALUES(294,'Which is not one of the SOLID principles? (2)','programming',2,'','The S stands for single responsibility principle, there''s no such thing as singleton principle',1);
INSERT INTO "quiz_question" VALUES(295,'Which is the best kind of cohesion in a module?','programming',3,'','Functional cohesion is when parts of a module are grouped because they all contribute to a single well-defined task of the module. It is the best kind of cohesion.',1);
INSERT INTO "quiz_question" VALUES(296,'Which algorithm is typically used for level order traversal of a tree?','algorithms',2,'','Breadth first search explores neighbors first before moving to next level neighbors.',1);
INSERT INTO "quiz_question" VALUES(297,'Which data structure is typically used in breadth first search algorithms?','data-structures',2,'','A breadth first search implementation typically goes like this: while the queue is not item, poll an item from the queue, add unvisited neighbors to the queue, repeat.',1);
INSERT INTO "quiz_question" VALUES(298,'Which is a stable sorting algorithm?','algorithms',2,'','A correctly implemented merge sort preserves the relative order of equal items.',1);
INSERT INTO "quiz_question" VALUES(299,'Which sorting algorithm doesn''t compare the elements?','algorithms',2,'','Radix sort is a non-comparative sort, grouping keys by individual digits which share the same significant position and value.',1);
INSERT INTO "quiz_question" VALUES(300,'Which sorting algorithm has the best performance on an already sorted collection?','algorithms',2,'','Insertion sort will simply traverse through the collection once and find nothing to insert, completing in O(n).',1);
INSERT INTO "quiz_question" VALUES(301,'Which sorting algorithm is adaptive?','algorithms',2,'','Insertion sort can take advantage of already sorted sequences.',1);
INSERT INTO "quiz_question" VALUES(302,'Which sorting algorithm is typically not implemented in O(1) space?','algorithms',2,'','Merge sort is typically implemented not in-place, but using an auxiliary array to merge sorted sub-sequences in O(n) space.',1);
INSERT INTO "quiz_question" VALUES(303,'Which sorting algorithm is the most popular as the base in many languages?','algorithms',2,'','Merge sort is an efficient general purpose sorting algorithm. Many mainstream languages use a variant of merge sort in their core library, such as Java, Python, Perl.',1);
INSERT INTO "quiz_question" VALUES(304,'Which data structure is the most commonly used to implement a priority queue?','data-structures',2,'','To improve performance, priority queues typically use a heap as their backbone, giving O(log n) performance for inserts and removals.',1);
INSERT INTO "quiz_question" VALUES(305,'Which operation is the fastest on a heap?','data-structures',1,'','Peek simply reads the top item without altering the structure, in O(1) time. Pop removes the top of the heap in O(log n) time, insert inserts in O(log n) time, push is a synonym of insert.',1);
INSERT INTO "quiz_question" VALUES(306,'Which is not a feature of object oriented programming?','computer-science',1,'','Recursion is an independent concept from object oriented programming.',1);
INSERT INTO "quiz_question" VALUES(307,'Whose law is this: "each unit should have only limited knowledge about other units"?','computer-science',2,'','The Law of Demeter (LoD) or principle of least knowledge is a design guideline for developing software, particularly object-oriented programs.',1);
INSERT INTO "quiz_question" VALUES(308,'Which principle suggests that simple solutions are usually the best?','computer-science',2,'','A common phrasing of Occam''s razor: "among competing hypotheses, the one with the fewest assumptions should be selected".',1);
INSERT INTO "quiz_question" VALUES(309,'What''s the full name of Uncle Bob?','history',1,'','To be really accurate, it''s actually Robert Cecil Martin.',1);
INSERT INTO "quiz_question" VALUES(310,'Which traversal method will produce a sorted list of elements from a binary search tree?','computer-science',1,'','In-order traversal of a BST will visit the elements in sorting order.',1);
INSERT INTO "quiz_question" VALUES(311,'Which programming language was created most recently?','history',1,'','Go was created in 2007, Scala in 2001, Java in 1991, Perl in 1987.',1);
INSERT INTO "quiz_question" VALUES(312,'Which programming language was created first?','history',1,'','Cobol was created in 1957, Pascal in 1970, C in 1972, Objective C in 1983.',1);
INSERT INTO "quiz_question" VALUES(313,'Which programming language doesn''t run on a JVM?','programming',1,'','Scala, Clojure and Groovy all run on JVM, Go compiles to native binary.',1);
INSERT INTO "quiz_question" VALUES(314,'Which is an efficient alrogithm to find a value in a sorted list?','algorithms',1,'','Binary search compares the target value to the middle element, and continues until success on half-intervals.',1);
INSERT INTO "quiz_question" VALUES(315,'What''s the best case performance of binary search?','algorithms',1,'','If the target is the middle element, the search can terminate immediately.',1);
INSERT INTO "quiz_question" VALUES(316,'How many elements are in a complete binary tree with 4 levels?','data-structures',1,'','1 + 2 + 4 + 8 = 15',1);
INSERT INTO "quiz_question" VALUES(317,'How many elements are in a binary tree with 4 levels?','data-structures',1,'','There must be at least 4 nodes in a binary tree with 4 levels, and at most 15.',1);
INSERT INTO "quiz_question" VALUES(318,'What is the time complexity of finding an element in an unbalanced binary search tree built by inserting values 1, 2, ..., 99, 100, in this order?','data-structures',2,'','Since the BST is unbalanced, inserting values in sorted order will degenerate the tree to a linked list.',1);
INSERT INTO "quiz_question" VALUES(319,'Which data-structure is not a balanced binary search tree?','data-structures',3,'','A prefix tree, also known as a trie or radix tree, is an ordered tree data structure. The others are self-balancing binary search trees.',1);
INSERT INTO "quiz_question" VALUES(320,'What is common in merge sort and insertion sort?','algorithms',3,'','Both merge sort and insertion sort are stable, preserving the order of equal elements.',1);
INSERT INTO "quiz_question" VALUES(321,'What is common in merge sort and quicksort?','algorithms',3,'','Both merge sort and quicksort have the same average time performance, O(n log n).',1);
INSERT INTO "quiz_question" VALUES(322,'What is common in heap sort and insertion sort?','algorithms',3,'','Both heap sort and insertion sort are typically implemented in-place.',1);
INSERT INTO "quiz_question" VALUES(323,'What is the Sieve of Eratosthenes for?','algorithms',2,'','Starting from 2, the sieve of Eratosthenes iteratively marks as composite the multiples of each prime.',1);
INSERT INTO "quiz_question" VALUES(324,'What is the time complexity of calculating the sum of a list of numbers?','computer-science',1,'','To calculate the sum, all elements must be visited.',1);
INSERT INTO "quiz_question" VALUES(325,'What is the time complexity of finding the n-th element in a list?','computer-science',1,'','If the list supports random access of elements, then O(1), if it''s a linked list, then O(n).',1);
INSERT INTO "quiz_question" VALUES(326,'Which is not one of the F.I.R.S.T. principles in unit testing?','testing',2,'','The R stands for "repeatable". The other two principles are "isolated" and "timely". Reusability is good, but not a top concern.',1);
INSERT INTO "quiz_question" VALUES(327,'Which kind of testing coverage is the easiest to achieve?','testing',2,'','100% function coverage is achieved when all functions in a program are called during tests.',1);
INSERT INTO "quiz_question" VALUES(328,'Which practice is the best at detecting defects?','testing',3,'','Tests are not enough to prevent defects. Formal code inspections are more effective. But for best effect, use a combination of multiple methods.',1);
INSERT INTO "quiz_answer" VALUES(1,1,'bubble sort',1,1);
INSERT INTO "quiz_answer" VALUES(2,1,'quicksort',0,1);
INSERT INTO "quiz_answer" VALUES(3,1,'heap sort',0,1);
INSERT INTO "quiz_answer" VALUES(4,1,'merge sort',0,1);
INSERT INTO "quiz_answer" VALUES(5,2,'O(1)',1,1);
INSERT INTO "quiz_answer" VALUES(6,2,'O(n)',0,1);
INSERT INTO "quiz_answer" VALUES(7,2,'O(n log n)',0,1);
INSERT INTO "quiz_answer" VALUES(8,2,'O(n^2)',0,1);
INSERT INTO "quiz_answer" VALUES(9,3,'O(n^2)',1,1);
INSERT INTO "quiz_answer" VALUES(10,3,'O(1)',0,1);
INSERT INTO "quiz_answer" VALUES(11,3,'O(n)',0,1);
INSERT INTO "quiz_answer" VALUES(12,3,'O(n log n)',0,1);
INSERT INTO "quiz_answer" VALUES(13,4,'spaghetti code',1,1);
INSERT INTO "quiz_answer" VALUES(14,4,'ravioli code',0,1);
INSERT INTO "quiz_answer" VALUES(15,4,'lasagna code',0,1);
INSERT INTO "quiz_answer" VALUES(16,4,'peperoncino code',0,1);
INSERT INTO "quiz_answer" VALUES(17,5,'repeat; until',1,1);
INSERT INTO "quiz_answer" VALUES(18,5,'if; then; else',0,1);
INSERT INTO "quiz_answer" VALUES(19,5,'begin; end',0,1);
INSERT INTO "quiz_answer" VALUES(20,5,'case; end',0,1);
INSERT INTO "quiz_answer" VALUES(21,6,'A build tool based on Java',1,1);
INSERT INTO "quiz_answer" VALUES(22,6,'Social insect of the family Formicidae',0,1);
INSERT INTO "quiz_answer" VALUES(23,6,'An IDE for the Java language',0,1);
INSERT INTO "quiz_answer" VALUES(24,6,'A debugger for the Java language',0,1);
INSERT INTO "quiz_answer" VALUES(25,7,'Makefile',1,1);
INSERT INTO "quiz_answer" VALUES(26,7,'make.config',0,1);
INSERT INTO "quiz_answer" VALUES(27,7,'config.ini',0,1);
INSERT INTO "quiz_answer" VALUES(28,7,'build.xml',0,1);
INSERT INTO "quiz_answer" VALUES(29,8,'build.xml',1,1);
INSERT INTO "quiz_answer" VALUES(30,8,'Makefile',0,1);
INSERT INTO "quiz_answer" VALUES(31,8,'ant.config',0,1);
INSERT INTO "quiz_answer" VALUES(32,8,'config.ini',0,1);
INSERT INTO "quiz_answer" VALUES(33,9,'pom.xml',1,1);
INSERT INTO "quiz_answer" VALUES(34,9,'build.xml',0,1);
INSERT INTO "quiz_answer" VALUES(35,9,'pom-pom.pom',0,1);
INSERT INTO "quiz_answer" VALUES(36,9,'config.ini',0,1);
INSERT INTO "quiz_answer" VALUES(37,10,'g++',1,1);
INSERT INTO "quiz_answer" VALUES(38,10,'make',0,1);
INSERT INTO "quiz_answer" VALUES(39,10,'ant',0,1);
INSERT INTO "quiz_answer" VALUES(40,10,'maven',0,1);
INSERT INTO "quiz_answer" VALUES(41,11,'Map',1,1);
INSERT INTO "quiz_answer" VALUES(42,11,'Set',0,1);
INSERT INTO "quiz_answer" VALUES(43,11,'List',0,1);
INSERT INTO "quiz_answer" VALUES(44,11,'Array',0,1);
INSERT INTO "quiz_answer" VALUES(45,12,'queue',1,1);
INSERT INTO "quiz_answer" VALUES(46,12,'array',0,1);
INSERT INTO "quiz_answer" VALUES(47,12,'list',0,1);
INSERT INTO "quiz_answer" VALUES(48,12,'stack',0,1);
INSERT INTO "quiz_answer" VALUES(49,13,'stack',1,1);
INSERT INTO "quiz_answer" VALUES(50,13,'queue',0,1);
INSERT INTO "quiz_answer" VALUES(51,13,'array',0,1);
INSERT INTO "quiz_answer" VALUES(52,13,'list',0,1);
INSERT INTO "quiz_answer" VALUES(53,14,'map',1,1);
INSERT INTO "quiz_answer" VALUES(54,14,'array',0,1);
INSERT INTO "quiz_answer" VALUES(55,14,'set',0,1);
INSERT INTO "quiz_answer" VALUES(56,14,'stack',0,1);
INSERT INTO "quiz_answer" VALUES(57,15,'list',1,1);
INSERT INTO "quiz_answer" VALUES(58,15,'dictionary',0,1);
INSERT INTO "quiz_answer" VALUES(59,15,'associative array',0,1);
INSERT INTO "quiz_answer" VALUES(60,15,'symbol table',0,1);
INSERT INTO "quiz_answer" VALUES(61,16,'map',1,1);
INSERT INTO "quiz_answer" VALUES(62,16,'set',0,1);
INSERT INTO "quiz_answer" VALUES(63,16,'list',0,1);
INSERT INTO "quiz_answer" VALUES(64,16,'tuple',0,1);
INSERT INTO "quiz_answer" VALUES(65,17,'SELECT count(*) FROM farm;',1,1);
INSERT INTO "quiz_answer" VALUES(66,17,'SELECT count FROM farm;',0,1);
INSERT INTO "quiz_answer" VALUES(67,17,'SELECT sheep FROM farm;',0,1);
INSERT INTO "quiz_answer" VALUES(68,17,'SELECT * FROM farm;',0,1);
INSERT INTO "quiz_answer" VALUES(69,18,'Structured Query Language',1,1);
INSERT INTO "quiz_answer" VALUES(70,18,'Standard Query Language',0,1);
INSERT INTO "quiz_answer" VALUES(71,18,'Simple Query Language',0,1);
INSERT INTO "quiz_answer" VALUES(72,18,'Signal Query Language',0,1);
INSERT INTO "quiz_answer" VALUES(73,19,'Uniform Resource Identifier',1,1);
INSERT INTO "quiz_answer" VALUES(74,19,'Universal Resource Locator',0,1);
INSERT INTO "quiz_answer" VALUES(75,19,'Unique Resource Identifier',0,1);
INSERT INTO "quiz_answer" VALUES(76,19,'Ubiquitous Resource Identifier',0,1);
INSERT INTO "quiz_answer" VALUES(77,20,'FIND',1,1);
INSERT INTO "quiz_answer" VALUES(78,20,'SELECT',0,1);
INSERT INTO "quiz_answer" VALUES(79,20,'UPDATE',0,1);
INSERT INTO "quiz_answer" VALUES(80,20,'INSERT',0,1);
INSERT INTO "quiz_answer" VALUES(81,21,'SELECT * FROM Employee WHERE Name = ''Smith'';',1,1);
INSERT INTO "quiz_answer" VALUES(82,21,'SELECT * FROM Employee WHERE Name IS ''Smith'';',0,1);
INSERT INTO "quiz_answer" VALUES(83,21,'SELECT * FROM Employee WHERE Name == ''Smith'';',0,1);
INSERT INTO "quiz_answer" VALUES(84,21,'SELECT * FROM Employee WHERE Name = "Smith";',0,1);
INSERT INTO "quiz_answer" VALUES(85,22,'SELECT * FROM Employee WHERE Email IS NULL;',1,1);
INSERT INTO "quiz_answer" VALUES(86,22,'SELECT * FROM Employee WHERE Email = ''NULL'';',0,1);
INSERT INTO "quiz_answer" VALUES(87,22,'SELECT * FROM Employee WHERE Email == ''NULL'';',0,1);
INSERT INTO "quiz_answer" VALUES(88,22,'SELECT * FROM Employee WHERE Email = NULL;',0,1);
INSERT INTO "quiz_answer" VALUES(89,23,'normalization',1,1);
INSERT INTO "quiz_answer" VALUES(90,23,'optimization',0,1);
INSERT INTO "quiz_answer" VALUES(91,23,'denormalization',0,1);
INSERT INTO "quiz_answer" VALUES(92,23,'truncation',0,1);
INSERT INTO "quiz_answer" VALUES(93,24,'hibernate',1,1);
INSERT INTO "quiz_answer" VALUES(94,24,'sleep',0,1);
INSERT INTO "quiz_answer" VALUES(95,24,'standby',0,1);
INSERT INTO "quiz_answer" VALUES(96,24,'lock',0,1);
INSERT INTO "quiz_answer" VALUES(97,25,'Remove the motherboard battery for a few seconds',1,1);
INSERT INTO "quiz_answer" VALUES(98,25,'Reboot the computer',0,1);
INSERT INTO "quiz_answer" VALUES(99,25,'Reboot the computer using a system rescue CD',0,1);
INSERT INTO "quiz_answer" VALUES(100,25,'Replace hard disk',0,1);
INSERT INTO "quiz_answer" VALUES(101,26,'Harddisk',1,1);
INSERT INTO "quiz_answer" VALUES(102,26,'Memory',0,1);
INSERT INTO "quiz_answer" VALUES(103,26,'Motherboard',0,1);
INSERT INTO "quiz_answer" VALUES(104,26,'PSU',0,1);
INSERT INTO "quiz_answer" VALUES(105,27,'4GB',1,1);
INSERT INTO "quiz_answer" VALUES(106,27,'8GB',0,1);
INSERT INTO "quiz_answer" VALUES(107,27,'2GB',0,1);
INSERT INTO "quiz_answer" VALUES(108,27,'3GB',0,1);
INSERT INTO "quiz_answer" VALUES(109,28,'SSD',1,1);
INSERT INTO "quiz_answer" VALUES(110,28,'SATA',0,1);
INSERT INTO "quiz_answer" VALUES(111,28,'SCSI',0,1);
INSERT INTO "quiz_answer" VALUES(112,28,'iSCSI',0,1);
INSERT INTO "quiz_answer" VALUES(113,29,'RAID 1',1,1);
INSERT INTO "quiz_answer" VALUES(114,29,'RAID 0',0,1);
INSERT INTO "quiz_answer" VALUES(115,29,'RAID 5',0,1);
INSERT INTO "quiz_answer" VALUES(116,29,'RAID 6',0,1);
INSERT INTO "quiz_answer" VALUES(117,30,'RAID 0',1,1);
INSERT INTO "quiz_answer" VALUES(118,30,'RAID 1',0,1);
INSERT INTO "quiz_answer" VALUES(119,30,'RAID 5',0,1);
INSERT INTO "quiz_answer" VALUES(120,30,'RAID 6',0,1);
INSERT INTO "quiz_answer" VALUES(121,31,'2',1,1);
INSERT INTO "quiz_answer" VALUES(122,31,'3',0,1);
INSERT INTO "quiz_answer" VALUES(123,31,'4',0,1);
INSERT INTO "quiz_answer" VALUES(124,31,'5',0,1);
INSERT INTO "quiz_answer" VALUES(125,32,'Moore',1,1);
INSERT INTO "quiz_answer" VALUES(126,32,'Von Neuman',0,1);
INSERT INTO "quiz_answer" VALUES(127,32,'Turing',0,1);
INSERT INTO "quiz_answer" VALUES(128,32,'MacGyver',0,1);
INSERT INTO "quiz_answer" VALUES(129,33,'Mail server',1,1);
INSERT INTO "quiz_answer" VALUES(130,33,'SMS server',0,1);
INSERT INTO "quiz_answer" VALUES(131,33,'FTP server',0,1);
INSERT INTO "quiz_answer" VALUES(132,33,'SPAM server',0,1);
INSERT INTO "quiz_answer" VALUES(133,34,'31 January 2011',1,1);
INSERT INTO "quiz_answer" VALUES(134,34,'12 December 2012',0,1);
INSERT INTO "quiz_answer" VALUES(135,34,'Not in the foreseeable future',0,1);
INSERT INTO "quiz_answer" VALUES(136,34,'29 February 2015',0,1);
INSERT INTO "quiz_answer" VALUES(137,35,'Mozilla',1,1);
INSERT INTO "quiz_answer" VALUES(138,35,'Godzilla',0,1);
INSERT INTO "quiz_answer" VALUES(139,35,'Netscape',0,1);
INSERT INTO "quiz_answer" VALUES(140,35,'Colossus',0,1);
INSERT INTO "quiz_answer" VALUES(141,36,'MINIX',1,1);
INSERT INTO "quiz_answer" VALUES(142,36,'FreeBSD',0,1);
INSERT INTO "quiz_answer" VALUES(143,36,'UNIX',0,1);
INSERT INTO "quiz_answer" VALUES(144,36,'Linus',0,1);
INSERT INTO "quiz_answer" VALUES(145,37,'chmod a+r core',1,1);
INSERT INTO "quiz_answer" VALUES(146,37,'chmod 777 core',0,1);
INSERT INTO "quiz_answer" VALUES(147,37,'chmod go+r core',0,1);
INSERT INTO "quiz_answer" VALUES(148,37,'chmod 444 core',0,1);
INSERT INTO "quiz_answer" VALUES(149,38,'Press Ctrl-Alt-F1 first, and then Ctrl-Alt-Del',1,1);
INSERT INTO "quiz_answer" VALUES(150,38,'Press Ctrl-Alt-SysRq-b',0,1);
INSERT INTO "quiz_answer" VALUES(151,38,'Hold the power button until lights go bye bye',0,1);
INSERT INTO "quiz_answer" VALUES(152,38,'Pull the plug out',0,1);
INSERT INTO "quiz_answer" VALUES(153,39,'pwd',1,1);
INSERT INTO "quiz_answer" VALUES(154,39,'cwd',0,1);
INSERT INTO "quiz_answer" VALUES(155,39,'dir',0,1);
INSERT INTO "quiz_answer" VALUES(156,39,'cd',0,1);
INSERT INTO "quiz_answer" VALUES(157,40,'df -h',1,1);
INSERT INTO "quiz_answer" VALUES(158,40,'du -sm',0,1);
INSERT INTO "quiz_answer" VALUES(159,40,'diskusage',0,1);
INSERT INTO "quiz_answer" VALUES(160,40,'free',0,1);
INSERT INTO "quiz_answer" VALUES(161,41,'Press Ctrl-z and run the command: bg',1,1);
INSERT INTO "quiz_answer" VALUES(162,41,'Press Ctrl-c and run the command: bg',0,1);
INSERT INTO "quiz_answer" VALUES(163,41,'Press Ctrl-z and run the command: bg &',0,1);
INSERT INTO "quiz_answer" VALUES(164,41,'Press Ctrl-Alt-Del and run the command: bg',0,1);
INSERT INTO "quiz_answer" VALUES(165,42,'sort < data.txt',1,1);
INSERT INTO "quiz_answer" VALUES(166,42,'cat data.txt | sort',0,1);
INSERT INTO "quiz_answer" VALUES(167,42,'sort data.txt',0,1);
INSERT INTO "quiz_answer" VALUES(168,42,'sort data.txt &',0,1);
INSERT INTO "quiz_answer" VALUES(169,43,'chmod 750 some_script.sh',1,1);
INSERT INTO "quiz_answer" VALUES(170,43,'chmod u+rwx,g-w some_script.sh',0,1);
INSERT INTO "quiz_answer" VALUES(171,43,'chmod 4750 some_script.sh',0,1);
INSERT INTO "quiz_answer" VALUES(172,43,'chmod 022 some_script.sh',0,1);
INSERT INTO "quiz_answer" VALUES(173,44,'Debian',1,1);
INSERT INTO "quiz_answer" VALUES(174,44,'Mint',0,1);
INSERT INTO "quiz_answer" VALUES(175,44,'Ubuntu',0,1);
INSERT INTO "quiz_answer" VALUES(176,44,'Knoppix',0,1);
INSERT INTO "quiz_answer" VALUES(177,45,'10.1 Kitten',1,1);
INSERT INTO "quiz_answer" VALUES(178,45,'10.4 Tiger',0,1);
INSERT INTO "quiz_answer" VALUES(179,45,'10.5 Leopard',0,1);
INSERT INTO "quiz_answer" VALUES(180,45,'10.7 Lion',0,1);
INSERT INTO "quiz_answer" VALUES(181,46,'The roman letter X',1,1);
INSERT INTO "quiz_answer" VALUES(182,46,'Extreme Power',0,1);
INSERT INTO "quiz_answer" VALUES(183,46,'X Windows',0,1);
INSERT INTO "quiz_answer" VALUES(184,46,'Experimental',0,1);
INSERT INTO "quiz_answer" VALUES(185,47,'open',1,1);
INSERT INTO "quiz_answer" VALUES(186,47,'view',0,1);
INSERT INTO "quiz_answer" VALUES(187,47,'run',0,1);
INSERT INTO "quiz_answer" VALUES(188,47,'launch',0,1);
INSERT INTO "quiz_answer" VALUES(189,48,'58:b0:35:80:36:9f',1,1);
INSERT INTO "quiz_answer" VALUES(190,48,'192.168.2.103',0,1);
INSERT INTO "quiz_answer" VALUES(191,48,'fe80::5ab0:35ff:fe80:369f',0,1);
INSERT INTO "quiz_answer" VALUES(192,48,'0xffffff00',0,1);
INSERT INTO "quiz_answer" VALUES(193,49,'Dynamically assign IP addresses to PCs',1,1);
INSERT INTO "quiz_answer" VALUES(194,49,'Dynamically assign MAC addresses to PCs',0,1);
INSERT INTO "quiz_answer" VALUES(195,49,'Proxy connections from a local network to internet',0,1);
INSERT INTO "quiz_answer" VALUES(196,49,'Increase the security of a network',0,1);
INSERT INTO "quiz_answer" VALUES(197,50,'255.255.255.0',1,1);
INSERT INTO "quiz_answer" VALUES(198,50,'192.168.2.103',0,1);
INSERT INTO "quiz_answer" VALUES(199,50,'192.168.2.255',0,1);
INSERT INTO "quiz_answer" VALUES(200,50,'192.168.2.1',0,1);
INSERT INTO "quiz_answer" VALUES(201,51,'21',1,1);
INSERT INTO "quiz_answer" VALUES(202,51,'20',0,1);
INSERT INTO "quiz_answer" VALUES(203,51,'25',0,1);
INSERT INTO "quiz_answer" VALUES(204,51,'8080',0,1);
INSERT INTO "quiz_answer" VALUES(205,52,'Make a filesystem accessible',1,1);
INSERT INTO "quiz_answer" VALUES(206,52,'Format a disk to store data',0,1);
INSERT INTO "quiz_answer" VALUES(207,52,'Make a disk unusable',0,1);
INSERT INTO "quiz_answer" VALUES(208,52,'Prepare an installation disk',0,1);
INSERT INTO "quiz_answer" VALUES(209,53,'4',1,1);
INSERT INTO "quiz_answer" VALUES(210,53,'3',0,1);
INSERT INTO "quiz_answer" VALUES(211,53,'5',0,1);
INSERT INTO "quiz_answer" VALUES(212,53,'unlimited',0,1);
INSERT INTO "quiz_answer" VALUES(213,54,'int * p;',1,1);
INSERT INTO "quiz_answer" VALUES(214,54,'int & p;',0,1);
INSERT INTO "quiz_answer" VALUES(215,54,'int ** p;',0,1);
INSERT INTO "quiz_answer" VALUES(216,54,'int p;',0,1);
INSERT INTO "quiz_answer" VALUES(217,55,'3',1,1);
INSERT INTO "quiz_answer" VALUES(218,55,'3.333333',0,1);
INSERT INTO "quiz_answer" VALUES(219,55,'3.4',0,1);
INSERT INTO "quiz_answer" VALUES(220,55,'4',0,1);
INSERT INTO "quiz_answer" VALUES(221,56,'3',1,1);
INSERT INTO "quiz_answer" VALUES(222,56,'2',0,1);
INSERT INTO "quiz_answer" VALUES(223,56,'5',0,1);
INSERT INTO "quiz_answer" VALUES(224,56,'0',0,1);
INSERT INTO "quiz_answer" VALUES(225,57,'6',1,1);
INSERT INTO "quiz_answer" VALUES(226,57,'3',0,1);
INSERT INTO "quiz_answer" VALUES(227,57,'4',0,1);
INSERT INTO "quiz_answer" VALUES(228,57,'5',0,1);
INSERT INTO "quiz_answer" VALUES(229,58,'for (i = 0; i < 10; ++i) printf("%d\n", i + 1)',1,1);
INSERT INTO "quiz_answer" VALUES(230,58,'for (i = 1; i <= 10; ++i) printf("%d\n", i + 1)',0,1);
INSERT INTO "quiz_answer" VALUES(231,58,'for (i = 0; i < 10; ++i) printf("%d\n", i)',0,1);
INSERT INTO "quiz_answer" VALUES(232,58,'for i == 0; i < 10; ++i printf("%d\n", i)',0,1);
INSERT INTO "quiz_answer" VALUES(233,59,'0x10',1,1);
INSERT INTO "quiz_answer" VALUES(234,59,'0x16',0,1);
INSERT INTO "quiz_answer" VALUES(235,59,'0x0g',0,1);
INSERT INTO "quiz_answer" VALUES(236,59,'0x1f',0,1);
INSERT INTO "quiz_answer" VALUES(237,60,'Check if i is a multiple of 6 and 7',1,1);
INSERT INTO "quiz_answer" VALUES(238,60,'Check if i is a multiple of 6 or 7',0,1);
INSERT INTO "quiz_answer" VALUES(239,60,'Check if i contains the value 6 or 7',0,1);
INSERT INTO "quiz_answer" VALUES(240,60,'Check if i is between 6% and 7%',0,1);
INSERT INTO "quiz_answer" VALUES(241,61,'105',1,1);
INSERT INTO "quiz_answer" VALUES(242,61,'96',0,1);
INSERT INTO "quiz_answer" VALUES(243,61,'115',0,1);
INSERT INTO "quiz_answer" VALUES(244,61,'8',0,1);
INSERT INTO "quiz_answer" VALUES(245,62,'"15   "',1,1);
INSERT INTO "quiz_answer" VALUES(246,62,'"00015"',0,1);
INSERT INTO "quiz_answer" VALUES(247,62,'Error because 15 is not a string',0,1);
INSERT INTO "quiz_answer" VALUES(248,62,'"15000"',0,1);
INSERT INTO "quiz_answer" VALUES(249,63,'foo.bar',1,1);
INSERT INTO "quiz_answer" VALUES(250,63,'foo?bar',0,1);
INSERT INTO "quiz_answer" VALUES(251,63,'foo*bar',0,1);
INSERT INTO "quiz_answer" VALUES(252,63,'foo+bar',0,1);
INSERT INTO "quiz_answer" VALUES(253,64,'^$',1,1);
INSERT INTO "quiz_answer" VALUES(254,64,'\s*',0,1);
INSERT INTO "quiz_answer" VALUES(255,64,'\S*',0,1);
INSERT INTO "quiz_answer" VALUES(256,64,'^.*',0,1);
INSERT INTO "quiz_answer" VALUES(257,65,'yes',1,1);
INSERT INTO "quiz_answer" VALUES(258,65,'yYes',0,1);
INSERT INTO "quiz_answer" VALUES(259,65,'oh yes',0,1);
INSERT INTO "quiz_answer" VALUES(260,65,'yeeessss',0,1);
INSERT INTO "quiz_answer" VALUES(261,66,'s/\./ /g',1,1);
INSERT INTO "quiz_answer" VALUES(262,66,'s/./ /g',0,1);
INSERT INTO "quiz_answer" VALUES(263,66,'s/\./ /',0,1);
INSERT INTO "quiz_answer" VALUES(264,66,'s/\./ /i',0,1);
INSERT INTO "quiz_answer" VALUES(265,67,'s/S0([0-9])/Season \1/',1,1);
INSERT INTO "quiz_answer" VALUES(266,67,'s/S0[0-9]/Season \1/',0,1);
INSERT INTO "quiz_answer" VALUES(267,67,'s/S([0-9])/Season 3/',0,1);
INSERT INTO "quiz_answer" VALUES(268,67,'s/S[0-9]/Season 3/',0,1);
INSERT INTO "quiz_answer" VALUES(269,68,'s/.{8}/./',1,1);
INSERT INTO "quiz_answer" VALUES(270,68,'s/{8}/./',0,1);
INSERT INTO "quiz_answer" VALUES(271,68,'s/\.{8}/./',0,1);
INSERT INTO "quiz_answer" VALUES(272,68,'s/\.{8}/\./',0,1);
INSERT INTO "quiz_answer" VALUES(273,69,'cd',1,1);
INSERT INTO "quiz_answer" VALUES(274,69,'cd -',0,1);
INSERT INTO "quiz_answer" VALUES(275,69,'cd .',0,1);
INSERT INTO "quiz_answer" VALUES(276,69,'cd ..',0,1);
INSERT INTO "quiz_answer" VALUES(277,70,'script.bat >nul',1,1);
INSERT INTO "quiz_answer" VALUES(278,70,'script.bat >null',0,1);
INSERT INTO "quiz_answer" VALUES(279,70,'script.bat >/dev/null',0,1);
INSERT INTO "quiz_answer" VALUES(280,70,'script.bat >0',0,1);
INSERT INTO "quiz_answer" VALUES(281,71,'script1.sh && script2.sh',1,1);
INSERT INTO "quiz_answer" VALUES(282,71,'script1.sh || script2.sh',0,1);
INSERT INTO "quiz_answer" VALUES(283,71,'script1.sh & script2.sh',0,1);
INSERT INTO "quiz_answer" VALUES(284,71,'script1.sh | script2.sh',0,1);
INSERT INTO "quiz_answer" VALUES(285,72,'ls *.log | wc -l',1,1);
INSERT INTO "quiz_answer" VALUES(286,72,'ls log > wc -l',0,1);
INSERT INTO "quiz_answer" VALUES(287,72,'ls *.log | wc -c',0,1);
INSERT INTO "quiz_answer" VALUES(288,72,'ls log | sort | uniq | wc -c',0,1);
INSERT INTO "quiz_answer" VALUES(289,73,'chmod o+r file.txt',1,1);
INSERT INTO "quiz_answer" VALUES(290,73,'chmod 777',0,1);
INSERT INTO "quiz_answer" VALUES(291,73,'chmod o+rwx file.txt',0,1);
INSERT INTO "quiz_answer" VALUES(292,73,'chmod u+r file.txt',0,1);
INSERT INTO "quiz_answer" VALUES(293,74,'A closed-source system may do nasty things without your knowledge',1,1);
INSERT INTO "quiz_answer" VALUES(294,74,'A closed-source system has inherently more viruses',0,1);
INSERT INTO "quiz_answer" VALUES(295,74,'A closed-source system is inherently insecure',0,1);
INSERT INTO "quiz_answer" VALUES(296,74,'A closed-source system attracts game developers',0,1);
INSERT INTO "quiz_answer" VALUES(297,75,'WEP',1,1);
INSERT INTO "quiz_answer" VALUES(298,75,'WPA',0,1);
INSERT INTO "quiz_answer" VALUES(299,75,'WPA2',0,1);
INSERT INTO "quiz_answer" VALUES(300,75,'RSN',0,1);
INSERT INTO "quiz_answer" VALUES(301,76,'FTP',1,1);
INSERT INTO "quiz_answer" VALUES(302,76,'SFTP',0,1);
INSERT INTO "quiz_answer" VALUES(303,76,'SSH',0,1);
INSERT INTO "quiz_answer" VALUES(304,76,'Windows',0,1);
INSERT INTO "quiz_answer" VALUES(305,77,'Images are often rendered by scripts that actually track you.',1,1);
INSERT INTO "quiz_answer" VALUES(306,77,'Images may take a long time to load.',0,1);
INSERT INTO "quiz_answer" VALUES(307,77,'Images may take control of your computer.',0,1);
INSERT INTO "quiz_answer" VALUES(308,77,'Images may steal your credit card information.',0,1);
INSERT INTO "quiz_answer" VALUES(309,78,'21',1,1);
INSERT INTO "quiz_answer" VALUES(310,78,'15',0,1);
INSERT INTO "quiz_answer" VALUES(311,78,'13',0,1);
INSERT INTO "quiz_answer" VALUES(312,78,'0',0,1);
INSERT INTO "quiz_answer" VALUES(313,79,'13',1,1);
INSERT INTO "quiz_answer" VALUES(314,79,'15',0,1);
INSERT INTO "quiz_answer" VALUES(315,79,'21',0,1);
INSERT INTO "quiz_answer" VALUES(316,79,'0',0,1);
INSERT INTO "quiz_answer" VALUES(317,80,'13',1,1);
INSERT INTO "quiz_answer" VALUES(318,80,'14',0,1);
INSERT INTO "quiz_answer" VALUES(319,80,'15',0,1);
INSERT INTO "quiz_answer" VALUES(320,80,'11',0,1);
INSERT INTO "quiz_answer" VALUES(321,81,'0b1011',1,1);
INSERT INTO "quiz_answer" VALUES(322,81,'0b11',0,1);
INSERT INTO "quiz_answer" VALUES(323,81,'0x0b',0,1);
INSERT INTO "quiz_answer" VALUES(324,81,'0b11111111111',0,1);
INSERT INTO "quiz_answer" VALUES(325,82,'Assembly',1,1);
INSERT INTO "quiz_answer" VALUES(326,82,'C',0,1);
INSERT INTO "quiz_answer" VALUES(327,82,'C++',0,1);
INSERT INTO "quiz_answer" VALUES(328,82,'brainfuck',0,1);
INSERT INTO "quiz_answer" VALUES(329,83,'unit testing',1,1);
INSERT INTO "quiz_answer" VALUES(330,83,'integration testing',0,1);
INSERT INTO "quiz_answer" VALUES(331,83,'system testing',0,1);
INSERT INTO "quiz_answer" VALUES(332,83,'acceptance testing',0,1);
INSERT INTO "quiz_answer" VALUES(333,84,'Test-Driven Development (TDD)',1,1);
INSERT INTO "quiz_answer" VALUES(334,84,'Behavior-Driven Development (BDD)',0,1);
INSERT INTO "quiz_answer" VALUES(335,84,'Feature-Driven Development (FDD)',0,1);
INSERT INTO "quiz_answer" VALUES(336,84,'Agile software development',0,1);
INSERT INTO "quiz_answer" VALUES(337,85,'test_invalid_username',1,1);
INSERT INTO "quiz_answer" VALUES(338,85,'test_invalid_input',0,1);
INSERT INTO "quiz_answer" VALUES(339,85,'test_invalid_case_1',0,1);
INSERT INTO "quiz_answer" VALUES(340,85,'test_invalid_form',0,1);
INSERT INTO "quiz_answer" VALUES(341,86,'whois example.com',1,1);
INSERT INTO "quiz_answer" VALUES(342,86,'ping example.com',0,1);
INSERT INTO "quiz_answer" VALUES(343,86,'checkdomain example.com',0,1);
INSERT INTO "quiz_answer" VALUES(344,86,'knock-knock example.com',0,1);
INSERT INTO "quiz_answer" VALUES(345,87,'Verify the integrity of a file downloaded from a server',1,1);
INSERT INTO "quiz_answer" VALUES(346,87,'Store encrypted data',0,1);
INSERT INTO "quiz_answer" VALUES(347,87,'Store cryptographic signature',0,1);
INSERT INTO "quiz_answer" VALUES(348,87,'Completely pointless',0,1);
INSERT INTO "quiz_answer" VALUES(349,88,'Ctrl-Tab',1,1);
INSERT INTO "quiz_answer" VALUES(350,88,'Alt-Tab',0,1);
INSERT INTO "quiz_answer" VALUES(351,88,'ESC-Tab',0,1);
INSERT INTO "quiz_answer" VALUES(352,88,'Ctrl-Alt-Tab',0,1);
INSERT INTO "quiz_answer" VALUES(353,89,'It depends',1,1);
INSERT INTO "quiz_answer" VALUES(354,89,'4',0,1);
INSERT INTO "quiz_answer" VALUES(355,89,'8',0,1);
INSERT INTO "quiz_answer" VALUES(356,89,'2',0,1);
INSERT INTO "quiz_answer" VALUES(357,90,'flac',1,1);
INSERT INTO "quiz_answer" VALUES(358,90,'ogg-vorbis',0,1);
INSERT INTO "quiz_answer" VALUES(359,90,'mp3',0,1);
INSERT INTO "quiz_answer" VALUES(360,90,'aac',0,1);
INSERT INTO "quiz_answer" VALUES(361,91,'ifconfig',1,1);
INSERT INTO "quiz_answer" VALUES(362,91,'ipconfig',0,1);
INSERT INTO "quiz_answer" VALUES(363,91,'netstat',0,1);
INSERT INTO "quiz_answer" VALUES(364,91,'route',0,1);
INSERT INTO "quiz_answer" VALUES(365,92,'mount',1,1);
INSERT INTO "quiz_answer" VALUES(366,92,'df -h',0,1);
INSERT INTO "quiz_answer" VALUES(367,92,'cat /etc/fstab',0,1);
INSERT INTO "quiz_answer" VALUES(368,92,'ls /media',0,1);
INSERT INTO "quiz_answer" VALUES(369,93,'merge',1,1);
INSERT INTO "quiz_answer" VALUES(370,93,'slice',0,1);
INSERT INTO "quiz_answer" VALUES(371,93,'dice',0,1);
INSERT INTO "quiz_answer" VALUES(372,93,'truncate',0,1);
INSERT INTO "quiz_answer" VALUES(373,94,'checkout',1,1);
INSERT INTO "quiz_answer" VALUES(374,94,'checkin',0,1);
INSERT INTO "quiz_answer" VALUES(375,94,'get',0,1);
INSERT INTO "quiz_answer" VALUES(376,94,'download',0,1);
INSERT INTO "quiz_answer" VALUES(377,95,'commit',1,1);
INSERT INTO "quiz_answer" VALUES(378,95,'log',0,1);
INSERT INTO "quiz_answer" VALUES(379,95,'save',0,1);
INSERT INTO "quiz_answer" VALUES(380,95,'upload',0,1);
INSERT INTO "quiz_answer" VALUES(381,96,'status',1,1);
INSERT INTO "quiz_answer" VALUES(382,96,'check',0,1);
INSERT INTO "quiz_answer" VALUES(383,96,'summary',0,1);
INSERT INTO "quiz_answer" VALUES(384,96,'view',0,1);
INSERT INTO "quiz_answer" VALUES(385,97,'Version Control System',1,1);
INSERT INTO "quiz_answer" VALUES(386,97,'Version Change System',0,1);
INSERT INTO "quiz_answer" VALUES(387,97,'Version Control Software',0,1);
INSERT INTO "quiz_answer" VALUES(388,97,'Version Change Software',0,1);
INSERT INTO "quiz_answer" VALUES(389,98,'CSV',1,1);
INSERT INTO "quiz_answer" VALUES(390,98,'Bazaar',0,1);
INSERT INTO "quiz_answer" VALUES(391,98,'Subversion',0,1);
INSERT INTO "quiz_answer" VALUES(392,98,'CVS',0,1);
INSERT INTO "quiz_answer" VALUES(393,99,'&',1,1);
INSERT INTO "quiz_answer" VALUES(394,99,'$',0,1);
INSERT INTO "quiz_answer" VALUES(395,99,'%',0,1);
INSERT INTO "quiz_answer" VALUES(396,99,'!',0,1);
INSERT INTO "quiz_answer" VALUES(397,100,'QUERY_STRING',1,1);
INSERT INTO "quiz_answer" VALUES(398,100,'INPUT',0,1);
INSERT INTO "quiz_answer" VALUES(399,100,'QUERY_INPUT',0,1);
INSERT INTO "quiz_answer" VALUES(400,100,'GET_READY',0,1);
INSERT INTO "quiz_answer" VALUES(401,101,'validator.w3.org',1,1);
INSERT INTO "quiz_answer" VALUES(402,101,'twitter.com',0,1);
INSERT INTO "quiz_answer" VALUES(403,101,'facebook.com',0,1);
INSERT INTO "quiz_answer" VALUES(404,101,'github.com',0,1);
INSERT INTO "quiz_answer" VALUES(405,102,'When visiting a URL that does not exist',1,1);
INSERT INTO "quiz_answer" VALUES(406,102,'When copying a file that does not exist',0,1);
INSERT INTO "quiz_answer" VALUES(407,102,'When running a command that does not exist',0,1);
INSERT INTO "quiz_answer" VALUES(408,102,'When opening an email attachment',0,1);
INSERT INTO "quiz_answer" VALUES(409,103,'robots.txt',1,1);
INSERT INTO "quiz_answer" VALUES(410,103,'robots.config',0,1);
INSERT INTO "quiz_answer" VALUES(411,103,'deny.conf',0,1);
INSERT INTO "quiz_answer" VALUES(412,103,'hosts.allow',0,1);
INSERT INTO "quiz_answer" VALUES(413,104,'80',1,1);
INSERT INTO "quiz_answer" VALUES(414,104,'8080',0,1);
INSERT INTO "quiz_answer" VALUES(415,104,'8000',0,1);
INSERT INTO "quiz_answer" VALUES(416,104,'8888',0,1);
INSERT INTO "quiz_answer" VALUES(417,105,'443',1,1);
INSERT INTO "quiz_answer" VALUES(418,105,'80',0,1);
INSERT INTO "quiz_answer" VALUES(419,105,'8888',0,1);
INSERT INTO "quiz_answer" VALUES(420,105,'22',0,1);
INSERT INTO "quiz_answer" VALUES(421,106,'favicon.ico',1,1);
INSERT INTO "quiz_answer" VALUES(422,106,'icon.png',0,1);
INSERT INTO "quiz_answer" VALUES(423,106,'favicon.bmp',0,1);
INSERT INTO "quiz_answer" VALUES(424,106,'bookmark.png',0,1);
INSERT INTO "quiz_answer" VALUES(425,107,'mstsc',1,1);
INSERT INTO "quiz_answer" VALUES(426,107,'remote-desktop',0,1);
INSERT INTO "quiz_answer" VALUES(427,107,'msdesktop',0,1);
INSERT INTO "quiz_answer" VALUES(428,107,'msterm',0,1);
INSERT INTO "quiz_answer" VALUES(429,108,'Windows + L',1,1);
INSERT INTO "quiz_answer" VALUES(430,108,'Ctrl-Alt-Del',0,1);
INSERT INTO "quiz_answer" VALUES(431,108,'Ctrl-Escape',0,1);
INSERT INTO "quiz_answer" VALUES(432,108,'Windows + D',0,1);
INSERT INTO "quiz_answer" VALUES(433,109,'Windows + Pause/Break',1,1);
INSERT INTO "quiz_answer" VALUES(434,109,'Windows + Home',0,1);
INSERT INTO "quiz_answer" VALUES(435,109,'Windows + L',0,1);
INSERT INTO "quiz_answer" VALUES(436,109,'Windows + M',0,1);
INSERT INTO "quiz_answer" VALUES(437,110,'Ctrl + Shift + Escape',1,1);
INSERT INTO "quiz_answer" VALUES(438,110,'Ctrl + Escape',0,1);
INSERT INTO "quiz_answer" VALUES(439,110,'Windows + l',0,1);
INSERT INTO "quiz_answer" VALUES(440,110,'Windows + m',0,1);
INSERT INTO "quiz_answer" VALUES(441,111,'regedit',1,1);
INSERT INTO "quiz_answer" VALUES(442,111,'regeditor',0,1);
INSERT INTO "quiz_answer" VALUES(443,111,'registry-edit',0,1);
INSERT INTO "quiz_answer" VALUES(444,111,'system',0,1);
INSERT INTO "quiz_answer" VALUES(445,112,'NTFS',1,1);
INSERT INTO "quiz_answer" VALUES(446,112,'FAT16',0,1);
INSERT INTO "quiz_answer" VALUES(447,112,'FAT32',0,1);
INSERT INTO "quiz_answer" VALUES(448,112,'DOS',0,1);
INSERT INTO "quiz_answer" VALUES(449,113,'ipconfig',1,1);
INSERT INTO "quiz_answer" VALUES(450,113,'ifconfig',0,1);
INSERT INTO "quiz_answer" VALUES(451,113,'/sbin/ifconfig',0,1);
INSERT INTO "quiz_answer" VALUES(452,113,'netstat',0,1);
INSERT INTO "quiz_answer" VALUES(453,114,'O(n^2)',1,1);
INSERT INTO "quiz_answer" VALUES(454,114,'O(n)',0,1);
INSERT INTO "quiz_answer" VALUES(455,114,'slooooow',0,1);
INSERT INTO "quiz_answer" VALUES(456,114,'O(n log n)',0,1);
INSERT INTO "quiz_answer" VALUES(457,115,'O(n log n)',1,1);
INSERT INTO "quiz_answer" VALUES(458,115,'O(n^2)',0,1);
INSERT INTO "quiz_answer" VALUES(459,115,'O(n)',0,1);
INSERT INTO "quiz_answer" VALUES(460,115,'like lightning',0,1);
INSERT INTO "quiz_answer" VALUES(461,116,'heapsort',1,1);
INSERT INTO "quiz_answer" VALUES(462,116,'bubble sort',0,1);
INSERT INTO "quiz_answer" VALUES(463,116,'merge sort',0,1);
INSERT INTO "quiz_answer" VALUES(464,116,'insertion sort',0,1);
INSERT INTO "quiz_answer" VALUES(465,117,'Encrypt data',1,1);
INSERT INTO "quiz_answer" VALUES(466,117,'Accelerate table lookup',0,1);
INSERT INTO "quiz_answer" VALUES(467,117,'Accelerate data comparison',0,1);
INSERT INTO "quiz_answer" VALUES(468,117,'Generate fixed length output data',0,1);
INSERT INTO "quiz_answer" VALUES(469,118,'Hash functions are fast',1,1);
INSERT INTO "quiz_answer" VALUES(470,118,'Hash functions are akin to lossy compression',0,1);
INSERT INTO "quiz_answer" VALUES(471,118,'Hash functions return the same output for the same input',0,1);
INSERT INTO "quiz_answer" VALUES(472,118,'Hash functions are related to checksums',0,1);
INSERT INTO "quiz_answer" VALUES(473,119,'Make',1,1);
INSERT INTO "quiz_answer" VALUES(474,119,'Apache Ant',0,1);
INSERT INTO "quiz_answer" VALUES(475,119,'Apache Maven',0,1);
INSERT INTO "quiz_answer" VALUES(476,119,'CMake',0,1);
INSERT INTO "quiz_answer" VALUES(477,120,'Debug the source code',1,1);
INSERT INTO "quiz_answer" VALUES(478,120,'Compile the source code',0,1);
INSERT INTO "quiz_answer" VALUES(479,120,'Eliminate redundant tasks',0,1);
INSERT INTO "quiz_answer" VALUES(480,120,'Execute unit tests',0,1);
INSERT INTO "quiz_answer" VALUES(481,121,'make',1,1);
INSERT INTO "quiz_answer" VALUES(482,121,'coffee break',0,1);
INSERT INTO "quiz_answer" VALUES(483,121,'make clean',0,1);
INSERT INTO "quiz_answer" VALUES(484,121,'make universe',0,1);
INSERT INTO "quiz_answer" VALUES(485,122,'taskA: taskB',1,1);
INSERT INTO "quiz_answer" VALUES(486,122,'taskB: taskA',0,1);
INSERT INTO "quiz_answer" VALUES(487,122,'taskA -> taskB',0,1);
INSERT INTO "quiz_answer" VALUES(488,122,'taskB <- taskA',0,1);
INSERT INTO "quiz_answer" VALUES(489,123,'A B-tree is a generalization of the binary tree.',1,1);
INSERT INTO "quiz_answer" VALUES(490,123,'No difference, they are synonyms.',0,1);
INSERT INTO "quiz_answer" VALUES(491,123,'In a B-tree each node has two child nodes.',0,1);
INSERT INTO "quiz_answer" VALUES(492,123,'In a binary tree each node has two child nodes.',0,1);
INSERT INTO "quiz_answer" VALUES(493,124,'3',1,1);
INSERT INTO "quiz_answer" VALUES(494,124,'2',0,1);
INSERT INTO "quiz_answer" VALUES(495,124,'4',0,1);
INSERT INTO "quiz_answer" VALUES(496,124,'6',0,1);
INSERT INTO "quiz_answer" VALUES(497,125,'6',1,1);
INSERT INTO "quiz_answer" VALUES(498,125,'2',0,1);
INSERT INTO "quiz_answer" VALUES(499,125,'3',0,1);
INSERT INTO "quiz_answer" VALUES(500,125,'4',0,1);
INSERT INTO "quiz_answer" VALUES(501,126,'queue',1,1);
INSERT INTO "quiz_answer" VALUES(502,126,'LIFO',0,1);
INSERT INTO "quiz_answer" VALUES(503,126,'FILO',0,1);
INSERT INTO "quiz_answer" VALUES(504,126,'stack',0,1);
INSERT INTO "quiz_answer" VALUES(505,127,'Linked list',1,1);
INSERT INTO "quiz_answer" VALUES(506,127,'Array list',0,1);
INSERT INTO "quiz_answer" VALUES(507,127,'Hash map',0,1);
INSERT INTO "quiz_answer" VALUES(508,127,'Hash set',0,1);
INSERT INTO "quiz_answer" VALUES(509,128,'INNER JOIN',1,1);
INSERT INTO "quiz_answer" VALUES(510,128,'OUTER JOIN',0,1);
INSERT INTO "quiz_answer" VALUES(511,128,'CROSS JOIN',0,1);
INSERT INTO "quiz_answer" VALUES(512,128,'LEFT JOIN',0,1);
INSERT INTO "quiz_answer" VALUES(513,129,'5 or more',1,1);
INSERT INTO "quiz_answer" VALUES(514,129,'3 or more',0,1);
INSERT INTO "quiz_answer" VALUES(515,129,'15',0,1);
INSERT INTO "quiz_answer" VALUES(516,129,'It depends',0,1);
INSERT INTO "quiz_answer" VALUES(517,130,'3 or more',1,1);
INSERT INTO "quiz_answer" VALUES(518,130,'5 or more',0,1);
INSERT INTO "quiz_answer" VALUES(519,130,'15',0,1);
INSERT INTO "quiz_answer" VALUES(520,130,'It depends',0,1);
INSERT INTO "quiz_answer" VALUES(521,131,'count(DepartmentID)',1,1);
INSERT INTO "quiz_answer" VALUES(522,131,'count(*)',0,1);
INSERT INTO "quiz_answer" VALUES(523,131,'count(1)',0,1);
INSERT INTO "quiz_answer" VALUES(524,131,'count(null)',0,1);
INSERT INTO "quiz_answer" VALUES(525,132,'SELECT DepartmentID, count(*) FROM Employee HAVING DepartmentID IS NOT NULL;',1,1);
INSERT INTO "quiz_answer" VALUES(526,132,'SELECT DepartmentID, count(*) FROM Employee ORDER BY DepartmentID;',0,1);
INSERT INTO "quiz_answer" VALUES(527,132,'SELECT DepartmentID, count(*) FROM Employee GROUP BY DepartmentID;',0,1);
INSERT INTO "quiz_answer" VALUES(528,132,'SELECT DepartmentID, count(*) FROM Employee WHERE DepartmentID IS NOT NULL;',0,1);
INSERT INTO "quiz_answer" VALUES(529,133,'SELECT * FROM Employee WHERE DepartmentID IS NULL;',1,1);
INSERT INTO "quiz_answer" VALUES(530,133,'SELECT * FROM Employee WHERE DepartmentID = NULL;',0,1);
INSERT INTO "quiz_answer" VALUES(531,133,'SELECT * FROM Employee WHERE DepartmentID EXISTS;',0,1);
INSERT INTO "quiz_answer" VALUES(532,133,'SELECT * FROM Employee WHERE DepartmentID = 0;',0,1);
INSERT INTO "quiz_answer" VALUES(533,134,'UNION ALL may return duplicate records',1,1);
INSERT INTO "quiz_answer" VALUES(534,134,'They are the same, ALL is optional',0,1);
INSERT INTO "quiz_answer" VALUES(535,134,'UNION ALL is incorrect syntax',0,1);
INSERT INTO "quiz_answer" VALUES(536,134,'UNION is incorrect syntax',0,1);
INSERT INTO "quiz_answer" VALUES(537,135,'Columns can be indexed.',1,1);
INSERT INTO "quiz_answer" VALUES(538,135,'CSV file uses less disk storage.',0,1);
INSERT INTO "quiz_answer" VALUES(539,135,'Finding records is always faster in a database.',0,1);
INSERT INTO "quiz_answer" VALUES(540,135,'Using databases is more professional.',0,1);
INSERT INTO "quiz_answer" VALUES(541,136,'A 64-bit processor is not compatible with 32-bit software.',1,1);
INSERT INTO "quiz_answer" VALUES(542,136,'A 64-bit processor performs best with 64-bit software.',0,1);
INSERT INTO "quiz_answer" VALUES(543,136,'A 32-bit processor is not compatible with 64-bit software.',0,1);
INSERT INTO "quiz_answer" VALUES(544,136,'A 32-bit processor performs best with 32-bit software.',0,1);
INSERT INTO "quiz_answer" VALUES(545,137,'GPU executes many concurrent threads slowly',1,1);
INSERT INTO "quiz_answer" VALUES(546,137,'GPU is faster than CPU',0,1);
INSERT INTO "quiz_answer" VALUES(547,137,'CPU is faster than GPU',0,1);
INSERT INTO "quiz_answer" VALUES(548,137,'GPU executes a single thread very quickly',0,1);
INSERT INTO "quiz_answer" VALUES(549,138,'RAID 1',1,1);
INSERT INTO "quiz_answer" VALUES(550,138,'RAID 0',0,1);
INSERT INTO "quiz_answer" VALUES(551,138,'RAID 3',0,1);
INSERT INTO "quiz_answer" VALUES(552,138,'RAID 5',0,1);
INSERT INTO "quiz_answer" VALUES(553,139,'Block-level striping with distributed parity',1,1);
INSERT INTO "quiz_answer" VALUES(554,139,'Block-level striping with dedicated parity',0,1);
INSERT INTO "quiz_answer" VALUES(555,139,'Byte-level striping with dedicated parity',0,1);
INSERT INTO "quiz_answer" VALUES(556,139,'Bit-level striping with dedicated Hamming-code parity',0,1);
INSERT INTO "quiz_answer" VALUES(557,140,'1',1,1);
INSERT INTO "quiz_answer" VALUES(558,140,'0',0,1);
INSERT INTO "quiz_answer" VALUES(559,140,'2',0,1);
INSERT INTO "quiz_answer" VALUES(560,140,'3',0,1);
INSERT INTO "quiz_answer" VALUES(561,141,'Dijkstra',1,1);
INSERT INTO "quiz_answer" VALUES(562,141,'Traffic Man',0,1);
INSERT INTO "quiz_answer" VALUES(563,141,'Kierkegaard',0,1);
INSERT INTO "quiz_answer" VALUES(564,141,'Descartes',0,1);
INSERT INTO "quiz_answer" VALUES(565,142,'MINIX',1,1);
INSERT INTO "quiz_answer" VALUES(566,142,'Mac OS X',0,1);
INSERT INTO "quiz_answer" VALUES(567,142,'FreeBSD',0,1);
INSERT INTO "quiz_answer" VALUES(568,142,'Solaris',0,1);
INSERT INTO "quiz_answer" VALUES(569,143,'Assembly',1,1);
INSERT INTO "quiz_answer" VALUES(570,143,'English',0,1);
INSERT INTO "quiz_answer" VALUES(571,143,'C',0,1);
INSERT INTO "quiz_answer" VALUES(572,143,'Pascal',0,1);
INSERT INTO "quiz_answer" VALUES(573,144,'1234',1,1);
INSERT INTO "quiz_answer" VALUES(574,144,'1000',0,1);
INSERT INTO "quiz_answer" VALUES(575,144,'888',0,1);
INSERT INTO "quiz_answer" VALUES(576,144,'1010',0,1);
INSERT INTO "quiz_answer" VALUES(577,145,'Every 5th hour',1,1);
INSERT INTO "quiz_answer" VALUES(578,145,'Every 5th minute',0,1);
INSERT INTO "quiz_answer" VALUES(579,145,'Every 5th day',0,1);
INSERT INTO "quiz_answer" VALUES(580,145,'At midnight',0,1);
INSERT INTO "quiz_answer" VALUES(581,146,'$(cmd)',1,1);
INSERT INTO "quiz_answer" VALUES(582,146,'eval cmd',0,1);
INSERT INTO "quiz_answer" VALUES(583,146,'. cmd',0,1);
INSERT INTO "quiz_answer" VALUES(584,146,'./cmd',0,1);
INSERT INTO "quiz_answer" VALUES(585,147,'PS1',1,1);
INSERT INTO "quiz_answer" VALUES(586,147,'PS2',0,1);
INSERT INTO "quiz_answer" VALUES(587,147,'PROMPT',0,1);
INSERT INTO "quiz_answer" VALUES(588,147,'DISPLAY',0,1);
INSERT INTO "quiz_answer" VALUES(589,148,'/etc/hosts.allow',1,1);
INSERT INTO "quiz_answer" VALUES(590,148,'/etc/vicious.dog',0,1);
INSERT INTO "quiz_answer" VALUES(591,148,'/etc/hosts',0,1);
INSERT INTO "quiz_answer" VALUES(592,148,'/etc/host.conf',0,1);
INSERT INTO "quiz_answer" VALUES(593,149,'/etc/services',1,1);
INSERT INTO "quiz_answer" VALUES(594,149,'/etc/ports',0,1);
INSERT INTO "quiz_answer" VALUES(595,149,'/etc/hosts',0,1);
INSERT INTO "quiz_answer" VALUES(596,149,'/etc/named.conf',0,1);
INSERT INTO "quiz_answer" VALUES(597,150,'Password',1,1);
INSERT INTO "quiz_answer" VALUES(598,150,'Username',0,1);
INSERT INTO "quiz_answer" VALUES(599,150,'Shell',0,1);
INSERT INTO "quiz_answer" VALUES(600,150,'Home directory',0,1);
INSERT INTO "quiz_answer" VALUES(601,151,'iptables',1,1);
INSERT INTO "quiz_answer" VALUES(602,151,'ipconfig',0,1);
INSERT INTO "quiz_answer" VALUES(603,151,'ifconfig',0,1);
INSERT INTO "quiz_answer" VALUES(604,151,'netstat',0,1);
INSERT INTO "quiz_answer" VALUES(605,152,'LOGNAME',1,1);
INSERT INTO "quiz_answer" VALUES(606,152,'PWD',0,1);
INSERT INTO "quiz_answer" VALUES(607,152,'HOME',0,1);
INSERT INTO "quiz_answer" VALUES(608,152,'SHELL',0,1);
INSERT INTO "quiz_answer" VALUES(609,153,'2',1,1);
INSERT INTO "quiz_answer" VALUES(610,153,'S',0,1);
INSERT INTO "quiz_answer" VALUES(611,153,'1',0,1);
INSERT INTO "quiz_answer" VALUES(612,153,'6',0,1);
INSERT INTO "quiz_answer" VALUES(613,154,'init',1,1);
INSERT INTO "quiz_answer" VALUES(614,154,'kernel',0,1);
INSERT INTO "quiz_answer" VALUES(615,154,'root',0,1);
INSERT INTO "quiz_answer" VALUES(616,154,'launchd',0,1);
INSERT INTO "quiz_answer" VALUES(617,155,'9 (KILL)',1,1);
INSERT INTO "quiz_answer" VALUES(618,155,'3 (QUIT)',0,1);
INSERT INTO "quiz_answer" VALUES(619,155,'6 (ABRT)',0,1);
INSERT INTO "quiz_answer" VALUES(620,155,'15 (TERM)',0,1);
INSERT INTO "quiz_answer" VALUES(621,156,'0 */4 * * 1-5 date',1,1);
INSERT INTO "quiz_answer" VALUES(622,156,'* */4 * * 1-5 date',0,1);
INSERT INTO "quiz_answer" VALUES(623,156,'0 */4 * * * date',0,1);
INSERT INTO "quiz_answer" VALUES(624,156,'*/4 0 * * 1-5 date',0,1);
INSERT INTO "quiz_answer" VALUES(625,157,'NeXTSTEP',1,1);
INSERT INTO "quiz_answer" VALUES(626,157,'FreeBSD',0,1);
INSERT INTO "quiz_answer" VALUES(627,157,'UNIX',0,1);
INSERT INTO "quiz_answer" VALUES(628,157,'Mac OS 9',0,1);
INSERT INTO "quiz_answer" VALUES(629,158,'Mach',1,1);
INSERT INTO "quiz_answer" VALUES(630,158,'Linux',0,1);
INSERT INTO "quiz_answer" VALUES(631,158,'Darwin',0,1);
INSERT INTO "quiz_answer" VALUES(632,158,'FreeBSD',0,1);
INSERT INTO "quiz_answer" VALUES(633,159,'gawk',1,1);
INSERT INTO "quiz_answer" VALUES(634,159,'awk',0,1);
INSERT INTO "quiz_answer" VALUES(635,159,'sed',0,1);
INSERT INTO "quiz_answer" VALUES(636,159,'tar',0,1);
INSERT INTO "quiz_answer" VALUES(637,160,'A security scheme',1,1);
INSERT INTO "quiz_answer" VALUES(638,160,'Secure IP address',0,1);
INSERT INTO "quiz_answer" VALUES(639,160,'Secondary IP address',0,1);
INSERT INTO "quiz_answer" VALUES(640,160,'Proxy server',0,1);
INSERT INTO "quiz_answer" VALUES(641,161,'ACCEPT',1,1);
INSERT INTO "quiz_answer" VALUES(642,161,'INPUT',0,1);
INSERT INTO "quiz_answer" VALUES(643,161,'OUTPUT',0,1);
INSERT INTO "quiz_answer" VALUES(644,161,'FORWARD',0,1);
INSERT INTO "quiz_answer" VALUES(645,162,'/etc/resolv.conf',1,1);
INSERT INTO "quiz_answer" VALUES(646,162,'/etc/hosts',0,1);
INSERT INTO "quiz_answer" VALUES(647,162,'/etc/rc.common',0,1);
INSERT INTO "quiz_answer" VALUES(648,162,'/etc/bashrc',0,1);
INSERT INTO "quiz_answer" VALUES(649,163,'name server configuration',1,1);
INSERT INTO "quiz_answer" VALUES(650,163,'route configuration',0,1);
INSERT INTO "quiz_answer" VALUES(651,163,'IP address configuration',0,1);
INSERT INTO "quiz_answer" VALUES(652,163,'netmask configuration',0,1);
INSERT INTO "quiz_answer" VALUES(653,164,'route',1,1);
INSERT INTO "quiz_answer" VALUES(654,164,'ifconfig',0,1);
INSERT INTO "quiz_answer" VALUES(655,164,'iptables',0,1);
INSERT INTO "quiz_answer" VALUES(656,164,'ping',0,1);
INSERT INTO "quiz_answer" VALUES(657,165,'telnet localhost 1234',1,1);
INSERT INTO "quiz_answer" VALUES(658,165,'ping localhost 1234',0,1);
INSERT INTO "quiz_answer" VALUES(659,165,'telnet 1234',0,1);
INSERT INTO "quiz_answer" VALUES(660,165,'netstat -p 1234',0,1);
INSERT INTO "quiz_answer" VALUES(661,166,'The local PC is on a NAT',1,1);
INSERT INTO "quiz_answer" VALUES(662,166,'The nameserver has crashed',0,1);
INSERT INTO "quiz_answer" VALUES(663,166,'The firewall is blocking all ICMP packets',0,1);
INSERT INTO "quiz_answer" VALUES(664,166,'There is no route from the local PC to google.com',0,1);
INSERT INTO "quiz_answer" VALUES(665,167,'Boot an operating system using a network interface.',1,1);
INSERT INTO "quiz_answer" VALUES(666,167,'Boot an operating system using a floppy disk.',0,1);
INSERT INTO "quiz_answer" VALUES(667,167,'Boot an operating system using a CD-ROM.',0,1);
INSERT INTO "quiz_answer" VALUES(668,167,'Boot an operating system using a USB disk.',0,1);
INSERT INTO "quiz_answer" VALUES(669,168,'Linux',1,1);
INSERT INTO "quiz_answer" VALUES(670,168,'FreeBSD',0,1);
INSERT INTO "quiz_answer" VALUES(671,168,'Windows',0,1);
INSERT INTO "quiz_answer" VALUES(672,168,'DOS',0,1);
INSERT INTO "quiz_answer" VALUES(673,169,'2',1,1);
INSERT INTO "quiz_answer" VALUES(674,169,'1',0,1);
INSERT INTO "quiz_answer" VALUES(675,169,'0',0,1);
INSERT INTO "quiz_answer" VALUES(676,169,'911',0,1);
INSERT INTO "quiz_answer" VALUES(677,170,'When you only traverse elements from the beginning',1,1);
INSERT INTO "quiz_answer" VALUES(678,170,'Always, LinkedList is usually more efficient than ArrayList',0,1);
INSERT INTO "quiz_answer" VALUES(679,170,'When you want to store an array of URLs',0,1);
INSERT INTO "quiz_answer" VALUES(680,170,'When you need fast access to any element',0,1);
INSERT INTO "quiz_answer" VALUES(681,171,'Accessing elements by index is faster',1,1);
INSERT INTO "quiz_answer" VALUES(682,171,'Traversal of elements from start to end is faster',0,1);
INSERT INTO "quiz_answer" VALUES(683,171,'ArrayList uses less memory than a LinkedList',0,1);
INSERT INTO "quiz_answer" VALUES(684,171,'Removing an element in the middle of the list is faster',0,1);
INSERT INTO "quiz_answer" VALUES(685,172,'Interprocess communication',1,1);
INSERT INTO "quiz_answer" VALUES(686,172,'Memory management',0,1);
INSERT INTO "quiz_answer" VALUES(687,172,'Schedule management',0,1);
INSERT INTO "quiz_answer" VALUES(688,172,'Data encryption',0,1);
INSERT INTO "quiz_answer" VALUES(689,173,'Detect accidental changes to raw data',1,1);
INSERT INTO "quiz_answer" VALUES(690,173,'Encrypt data',0,1);
INSERT INTO "quiz_answer" VALUES(691,173,'Serialize data',0,1);
INSERT INTO "quiz_answer" VALUES(692,173,'Compress data',0,1);
INSERT INTO "quiz_answer" VALUES(693,174,'int main(int argc, char **argv)',1,1);
INSERT INTO "quiz_answer" VALUES(694,174,'void main(int argc, char **argv)',0,1);
INSERT INTO "quiz_answer" VALUES(695,174,'void main(int argc)',0,1);
INSERT INTO "quiz_answer" VALUES(696,174,'int main()',0,1);
INSERT INTO "quiz_answer" VALUES(697,175,'3',1,1);
INSERT INTO "quiz_answer" VALUES(698,175,'4',0,1);
INSERT INTO "quiz_answer" VALUES(699,175,'5',0,1);
INSERT INTO "quiz_answer" VALUES(700,175,'0',0,1);
INSERT INTO "quiz_answer" VALUES(701,176,'4',1,1);
INSERT INTO "quiz_answer" VALUES(702,176,'5',0,1);
INSERT INTO "quiz_answer" VALUES(703,176,'compile error',0,1);
INSERT INTO "quiz_answer" VALUES(704,176,'0',0,1);
INSERT INTO "quiz_answer" VALUES(705,177,'5',1,1);
INSERT INTO "quiz_answer" VALUES(706,177,'4',0,1);
INSERT INTO "quiz_answer" VALUES(707,177,'compile error',0,1);
INSERT INTO "quiz_answer" VALUES(708,177,'0',0,1);
INSERT INTO "quiz_answer" VALUES(709,178,'implements',1,1);
INSERT INTO "quiz_answer" VALUES(710,178,'new',0,1);
INSERT INTO "quiz_answer" VALUES(711,178,'virtual',0,1);
INSERT INTO "quiz_answer" VALUES(712,178,'override',0,1);
INSERT INTO "quiz_answer" VALUES(713,179,'^',1,1);
INSERT INTO "quiz_answer" VALUES(714,179,'&',0,1);
INSERT INTO "quiz_answer" VALUES(715,179,'~',0,1);
INSERT INTO "quiz_answer" VALUES(716,179,'|',0,1);
INSERT INTO "quiz_answer" VALUES(717,180,'65535',1,1);
INSERT INTO "quiz_answer" VALUES(718,180,'32768',0,1);
INSERT INTO "quiz_answer" VALUES(719,180,'256',0,1);
INSERT INTO "quiz_answer" VALUES(720,180,'16',0,1);
INSERT INTO "quiz_answer" VALUES(721,181,'Binary protocol',1,1);
INSERT INTO "quiz_answer" VALUES(722,181,'SOAP-based protocol',0,1);
INSERT INTO "quiz_answer" VALUES(723,181,'XML-based protocol',0,1);
INSERT INTO "quiz_answer" VALUES(724,181,'Text-based protocol',0,1);
INSERT INTO "quiz_answer" VALUES(725,182,'boolean expression complexity too high',1,1);
INSERT INTO "quiz_answer" VALUES(726,182,'array stored directly',0,1);
INSERT INTO "quiz_answer" VALUES(727,182,'ncss method count too high',0,1);
INSERT INTO "quiz_answer" VALUES(728,182,'cyclomatic complexity too high',0,1);
INSERT INTO "quiz_answer" VALUES(729,183,'When the logic is too complex and you cannot refactor',1,1);
INSERT INTO "quiz_answer" VALUES(730,183,'When the logic is complex and you don''t want to refactor',0,1);
INSERT INTO "quiz_answer" VALUES(731,183,'Always: the more comments the better',0,1);
INSERT INTO "quiz_answer" VALUES(732,183,'Never: the code should speak for itself',0,1);
INSERT INTO "quiz_answer" VALUES(733,184,'65536',1,1);
INSERT INTO "quiz_answer" VALUES(734,184,'65535',0,1);
INSERT INTO "quiz_answer" VALUES(735,184,'65256',0,1);
INSERT INTO "quiz_answer" VALUES(736,184,'65532',0,1);
INSERT INTO "quiz_answer" VALUES(737,185,'The number 256 is returned',1,1);
INSERT INTO "quiz_answer" VALUES(738,185,'The user is prompted to specify n',0,1);
INSERT INTO "quiz_answer" VALUES(739,185,'An error is returned because n is missing',0,1);
INSERT INTO "quiz_answer" VALUES(740,185,'A warning printed because n is missing',0,1);
INSERT INTO "quiz_answer" VALUES(741,186,'\<foo\w+',1,1);
INSERT INTO "quiz_answer" VALUES(742,186,'\<fookit',0,1);
INSERT INTO "quiz_answer" VALUES(743,186,'\<foo\w*',0,1);
INSERT INTO "quiz_answer" VALUES(744,186,'foo\w*',0,1);
INSERT INTO "quiz_answer" VALUES(745,187,'bye bye birdie',1,1);
INSERT INTO "quiz_answer" VALUES(746,187,'hello 1',0,1);
INSERT INTO "quiz_answer" VALUES(747,187,'hi there',0,1);
INSERT INTO "quiz_answer" VALUES(748,187,'put 1 here',0,1);
INSERT INTO "quiz_answer" VALUES(749,188,'$?',1,1);
INSERT INTO "quiz_answer" VALUES(750,188,'$$',0,1);
INSERT INTO "quiz_answer" VALUES(751,188,'$@',0,1);
INSERT INTO "quiz_answer" VALUES(752,188,'$1',0,1);
INSERT INTO "quiz_answer" VALUES(753,189,'somecmd | tee somefile.txt',1,1);
INSERT INTO "quiz_answer" VALUES(754,189,'somecmd >> somefile.txt',0,1);
INSERT INTO "quiz_answer" VALUES(755,189,'somecmd | ttt somefile.txt',0,1);
INSERT INTO "quiz_answer" VALUES(756,189,'somecmd >> tee somefile.txt',0,1);
INSERT INTO "quiz_answer" VALUES(757,190,'tr A-Z a-z < input.txt > output.txt',1,1);
INSERT INTO "quiz_answer" VALUES(758,190,'tr A-Z a-z input.txt output.txt',0,1);
INSERT INTO "quiz_answer" VALUES(759,190,'tr A-Z a-z input.txt > output.txt',0,1);
INSERT INTO "quiz_answer" VALUES(760,190,'tr A-Z a-z < input.txt output.txt',0,1);
INSERT INTO "quiz_answer" VALUES(761,191,'find dir -type f -exec mv "{}" "{}".bak \;',1,1);
INSERT INTO "quiz_answer" VALUES(762,191,'find dir -type f -exec mv "{}" "{}".bak ;',0,1);
INSERT INTO "quiz_answer" VALUES(763,191,'find dir -type f -exec mv "{}" "{}".bak',0,1);
INSERT INTO "quiz_answer" VALUES(764,191,'find dir -type f -exec mv "{}" "{}".bak +',0,1);
INSERT INTO "quiz_answer" VALUES(765,192,'bash',1,1);
INSERT INTO "quiz_answer" VALUES(766,192,'perl',0,1);
INSERT INTO "quiz_answer" VALUES(767,192,'lolcat',0,1);
INSERT INTO "quiz_answer" VALUES(768,192,'DOS',0,1);
INSERT INTO "quiz_answer" VALUES(769,193,'/etc/profile',1,1);
INSERT INTO "quiz_answer" VALUES(770,193,'/etc/bash_profile',0,1);
INSERT INTO "quiz_answer" VALUES(771,193,'~/.bash_profile',0,1);
INSERT INTO "quiz_answer" VALUES(772,193,'~/.profile',0,1);
INSERT INTO "quiz_answer" VALUES(773,194,'2',1,1);
INSERT INTO "quiz_answer" VALUES(774,194,'1',0,1);
INSERT INTO "quiz_answer" VALUES(775,194,'12',0,1);
INSERT INTO "quiz_answer" VALUES(776,194,'3',0,1);
INSERT INTO "quiz_answer" VALUES(777,195,'3',1,1);
INSERT INTO "quiz_answer" VALUES(778,195,'0',0,1);
INSERT INTO "quiz_answer" VALUES(779,195,'9',0,1);
INSERT INTO "quiz_answer" VALUES(780,195,'6',0,1);
INSERT INTO "quiz_answer" VALUES(781,196,'two',1,1);
INSERT INTO "quiz_answer" VALUES(782,196,'one',0,1);
INSERT INTO "quiz_answer" VALUES(783,196,'3 lines: hello, one, two',0,1);
INSERT INTO "quiz_answer" VALUES(784,196,'hello',0,1);
INSERT INTO "quiz_answer" VALUES(785,197,'somecmd >file.out 2>&1',1,1);
INSERT INTO "quiz_answer" VALUES(786,197,'somecmd >file.out 2>>&1',0,1);
INSERT INTO "quiz_answer" VALUES(787,197,'somecmd 2>&1 >file.out',0,1);
INSERT INTO "quiz_answer" VALUES(788,197,'somecmd 2>&1 >>file.out',0,1);
INSERT INTO "quiz_answer" VALUES(789,198,'strncpy',1,1);
INSERT INTO "quiz_answer" VALUES(790,198,'strcpy',0,1);
INSERT INTO "quiz_answer" VALUES(791,198,'gets',0,1);
INSERT INTO "quiz_answer" VALUES(792,198,'scanf',0,1);
INSERT INTO "quiz_answer" VALUES(793,199,'Public key authentication',1,1);
INSERT INTO "quiz_answer" VALUES(794,199,'HTTP+HTML form-based authentication',0,1);
INSERT INTO "quiz_answer" VALUES(795,199,'HTTP basic authentication',0,1);
INSERT INTO "quiz_answer" VALUES(796,199,'HTTP digest authentication',0,1);
INSERT INTO "quiz_answer" VALUES(797,200,'man in the middle',1,1);
INSERT INTO "quiz_answer" VALUES(798,200,'dns poisoning',0,1);
INSERT INTO "quiz_answer" VALUES(799,200,'cross site scripting',0,1);
INSERT INTO "quiz_answer" VALUES(800,200,'sql injection',0,1);
INSERT INTO "quiz_answer" VALUES(801,201,'0600',1,1);
INSERT INTO "quiz_answer" VALUES(802,201,'0655',0,1);
INSERT INTO "quiz_answer" VALUES(803,201,'777',0,1);
INSERT INTO "quiz_answer" VALUES(804,201,'0640',0,1);
INSERT INTO "quiz_answer" VALUES(805,202,'23',1,1);
INSERT INTO "quiz_answer" VALUES(806,202,'22',0,1);
INSERT INTO "quiz_answer" VALUES(807,202,'443',0,1);
INSERT INTO "quiz_answer" VALUES(808,202,'587',0,1);
INSERT INTO "quiz_answer" VALUES(809,203,'Ordering of bytes',1,1);
INSERT INTO "quiz_answer" VALUES(810,203,'Operating systems',0,1);
INSERT INTO "quiz_answer" VALUES(811,203,'Network file transfer',0,1);
INSERT INTO "quiz_answer" VALUES(812,203,'Native folklore',0,1);
INSERT INTO "quiz_answer" VALUES(813,204,'printf',1,1);
INSERT INTO "quiz_answer" VALUES(814,204,'open',0,1);
INSERT INTO "quiz_answer" VALUES(815,204,'close',0,1);
INSERT INTO "quiz_answer" VALUES(816,204,'execve',0,1);
INSERT INTO "quiz_answer" VALUES(817,205,'44',1,1);
INSERT INTO "quiz_answer" VALUES(818,205,'32',0,1);
INSERT INTO "quiz_answer" VALUES(819,205,'28',0,1);
INSERT INTO "quiz_answer" VALUES(820,205,'30',0,1);
INSERT INTO "quiz_answer" VALUES(821,206,'21',1,1);
INSERT INTO "quiz_answer" VALUES(822,206,'44',0,1);
INSERT INTO "quiz_answer" VALUES(823,206,'32',0,1);
INSERT INTO "quiz_answer" VALUES(824,206,'28',0,1);
INSERT INTO "quiz_answer" VALUES(825,207,'mov',1,1);
INSERT INTO "quiz_answer" VALUES(826,207,'jne',0,1);
INSERT INTO "quiz_answer" VALUES(827,207,'add',0,1);
INSERT INTO "quiz_answer" VALUES(828,207,'cp',0,1);
INSERT INTO "quiz_answer" VALUES(829,208,'Some kind of signal to the processor',1,1);
INSERT INTO "quiz_answer" VALUES(830,208,'An instruction to pause the program for n millisec',0,1);
INSERT INTO "quiz_answer" VALUES(831,208,'A keyword to skip one instruction',0,1);
INSERT INTO "quiz_answer" VALUES(832,208,'A small button to start/stop the program',0,1);
INSERT INTO "quiz_answer" VALUES(833,209,'2',1,1);
INSERT INTO "quiz_answer" VALUES(834,209,'1',0,1);
INSERT INTO "quiz_answer" VALUES(835,209,'0',0,1);
INSERT INTO "quiz_answer" VALUES(836,209,'6',0,1);
INSERT INTO "quiz_answer" VALUES(837,210,'Z = Z & ~(1 << 2)',1,1);
INSERT INTO "quiz_answer" VALUES(838,210,'Z = Z | (1 << 3)',0,1);
INSERT INTO "quiz_answer" VALUES(839,210,'Z = Z & ~(1 << 3)',0,1);
INSERT INTO "quiz_answer" VALUES(840,210,'Z = Z | (1 << 2)',0,1);
INSERT INTO "quiz_answer" VALUES(841,211,'4',1,1);
INSERT INTO "quiz_answer" VALUES(842,211,'3',0,1);
INSERT INTO "quiz_answer" VALUES(843,211,'2',0,1);
INSERT INTO "quiz_answer" VALUES(844,211,'0',0,1);
INSERT INTO "quiz_answer" VALUES(845,212,'Test that invalid usernames are rejected',1,1);
INSERT INTO "quiz_answer" VALUES(846,212,'Test that invalid usernames and passwords are rejected',0,1);
INSERT INTO "quiz_answer" VALUES(847,212,'Test that username, password and all other form parameters are correct',0,1);
INSERT INTO "quiz_answer" VALUES(848,212,'Test that invalid usernames and null usernames are rejected',0,1);
INSERT INTO "quiz_answer" VALUES(849,213,'a test case with 5 lines',1,1);
INSERT INTO "quiz_answer" VALUES(850,213,'a test case with 25 lines',0,1);
INSERT INTO "quiz_answer" VALUES(851,213,'a test case that runs between 1-3 minutes',0,1);
INSERT INTO "quiz_answer" VALUES(852,213,'a test case with 5 lines of code and 5 lines of comments',0,1);
INSERT INTO "quiz_answer" VALUES(853,214,'7zip',1,1);
INSERT INTO "quiz_answer" VALUES(854,214,'zip',0,1);
INSERT INTO "quiz_answer" VALUES(855,214,'gzip',0,1);
INSERT INTO "quiz_answer" VALUES(856,214,'lzma',0,1);
INSERT INTO "quiz_answer" VALUES(857,215,'cut -f3,5 -d, file.csv',1,1);
INSERT INTO "quiz_answer" VALUES(858,215,'cut -k3,5 -d, file.csv',0,1);
INSERT INTO "quiz_answer" VALUES(859,215,'cut -f3,5 -s, file.csv',0,1);
INSERT INTO "quiz_answer" VALUES(860,215,'gimme -f3,5 file.csv',0,1);
INSERT INTO "quiz_answer" VALUES(861,216,'telnet server 80',1,1);
INSERT INTO "quiz_answer" VALUES(862,216,'shutdown -r now',0,1);
INSERT INTO "quiz_answer" VALUES(863,216,'netstat -n -s server | grep 80',0,1);
INSERT INTO "quiz_answer" VALUES(864,216,'tcpdump -i eth0 dst host server and port 80',0,1);
INSERT INTO "quiz_answer" VALUES(865,217,'ext2',1,1);
INSERT INTO "quiz_answer" VALUES(866,217,'reiserfs',0,1);
INSERT INTO "quiz_answer" VALUES(867,217,'JFS',0,1);
INSERT INTO "quiz_answer" VALUES(868,217,'NTFS',0,1);
INSERT INTO "quiz_answer" VALUES(869,218,'iptables -i eth0 -A INPUT -p tcp --dport 80 -j ACCEPT',1,1);
INSERT INTO "quiz_answer" VALUES(870,218,'iptables -i eth0 -p tcp --dport 80 -j ACCEPT',0,1);
INSERT INTO "quiz_answer" VALUES(871,218,'iptables -i eth0 -A INPUT -p tcp -j ACCEPT',0,1);
INSERT INTO "quiz_answer" VALUES(872,218,'iptables -i eth0 -A INPUT -p tcp --dport 80',0,1);
INSERT INTO "quiz_answer" VALUES(873,219,'ab',1,1);
INSERT INTO "quiz_answer" VALUES(874,219,'nmap',0,1);
INSERT INTO "quiz_answer" VALUES(875,219,'curl',0,1);
INSERT INTO "quiz_answer" VALUES(876,219,'wget',0,1);
INSERT INTO "quiz_answer" VALUES(877,220,'add',1,1);
INSERT INTO "quiz_answer" VALUES(878,220,'update',0,1);
INSERT INTO "quiz_answer" VALUES(879,220,'merge',0,1);
INSERT INTO "quiz_answer" VALUES(880,220,'rebase',0,1);
INSERT INTO "quiz_answer" VALUES(881,221,'rebase',1,1);
INSERT INTO "quiz_answer" VALUES(882,221,'merge',0,1);
INSERT INTO "quiz_answer" VALUES(883,221,'revolution',0,1);
INSERT INTO "quiz_answer" VALUES(884,221,'revert',0,1);
INSERT INTO "quiz_answer" VALUES(885,222,'log',1,1);
INSERT INTO "quiz_answer" VALUES(886,222,'status',0,1);
INSERT INTO "quiz_answer" VALUES(887,222,'add',0,1);
INSERT INTO "quiz_answer" VALUES(888,222,'mv',0,1);
INSERT INTO "quiz_answer" VALUES(889,223,'Mercurial',1,1);
INSERT INTO "quiz_answer" VALUES(890,223,'Subversion',0,1);
INSERT INTO "quiz_answer" VALUES(891,223,'ClearCase',0,1);
INSERT INTO "quiz_answer" VALUES(892,223,'Visual SourceSafe',0,1);
INSERT INTO "quiz_answer" VALUES(893,224,'The web server',1,1);
INSERT INTO "quiz_answer" VALUES(894,224,'The client browser',0,1);
INSERT INTO "quiz_answer" VALUES(895,224,'The client operating system',0,1);
INSERT INTO "quiz_answer" VALUES(896,224,'The router between client and server',0,1);
INSERT INTO "quiz_answer" VALUES(897,225,'The part of the URL after the "?" mark',1,1);
INSERT INTO "quiz_answer" VALUES(898,225,'The part of the URL after the "#" mark',0,1);
INSERT INTO "quiz_answer" VALUES(899,225,'A variable in a HTTP GET request',0,1);
INSERT INTO "quiz_answer" VALUES(900,225,'A feature request',0,1);
INSERT INTO "quiz_answer" VALUES(901,226,'200',1,1);
INSERT INTO "quiz_answer" VALUES(902,226,'100',0,1);
INSERT INTO "quiz_answer" VALUES(903,226,'0',0,1);
INSERT INTO "quiz_answer" VALUES(904,226,'1',0,1);
INSERT INTO "quiz_answer" VALUES(905,227,'Common Gateway Interface',1,1);
INSERT INTO "quiz_answer" VALUES(906,227,'Computer Generated Imagery',0,1);
INSERT INTO "quiz_answer" VALUES(907,227,'Computer Guided Infidel',0,1);
INSERT INTO "quiz_answer" VALUES(908,227,'Computer Graphics Interface',0,1);
INSERT INTO "quiz_answer" VALUES(909,228,'On the client',1,1);
INSERT INTO "quiz_answer" VALUES(910,228,'On the web server',0,1);
INSERT INTO "quiz_answer" VALUES(911,228,'On the top shelf',0,1);
INSERT INTO "quiz_answer" VALUES(912,228,'On a cookie server',0,1);
INSERT INTO "quiz_answer" VALUES(913,229,'Date',1,1);
INSERT INTO "quiz_answer" VALUES(914,229,'Expires',0,1);
INSERT INTO "quiz_answer" VALUES(915,229,'Domain',0,1);
INSERT INTO "quiz_answer" VALUES(916,229,'Path',0,1);
INSERT INTO "quiz_answer" VALUES(917,230,'empty line',1,1);
INSERT INTO "quiz_answer" VALUES(918,230,'.',0,1);
INSERT INTO "quiz_answer" VALUES(919,230,'Content-type: text/html',0,1);
INSERT INTO "quiz_answer" VALUES(920,230,'</head>',0,1);
INSERT INTO "quiz_answer" VALUES(921,231,'IOS_VERSION',1,1);
INSERT INTO "quiz_answer" VALUES(922,231,'HTTP_REFERER',0,1);
INSERT INTO "quiz_answer" VALUES(923,231,'HTTP_USER_AGENT',0,1);
INSERT INTO "quiz_answer" VALUES(924,231,'DOCUMENT_ROOT',0,1);
INSERT INTO "quiz_answer" VALUES(925,232,'REMOTE_ADDR',1,1);
INSERT INTO "quiz_answer" VALUES(926,232,'IS_MOBILE_PHONE',0,1);
INSERT INTO "quiz_answer" VALUES(927,232,'ORANGE_WHO',0,1);
INSERT INTO "quiz_answer" VALUES(928,232,'ANDROID_VERSION',0,1);
INSERT INTO "quiz_answer" VALUES(929,233,'HEAD doesn''t include a response body',1,1);
INSERT INTO "quiz_answer" VALUES(930,233,'HEAD returns only the <head> tag of HTML',0,1);
INSERT INTO "quiz_answer" VALUES(931,233,'GET returns a response without a header',0,1);
INSERT INTO "quiz_answer" VALUES(932,233,'GET can support SSL',0,1);
INSERT INTO "quiz_answer" VALUES(933,234,'Windows 7',1,1);
INSERT INTO "quiz_answer" VALUES(934,234,'Windows 8',0,1);
INSERT INTO "quiz_answer" VALUES(935,234,'Windows XP',0,1);
INSERT INTO "quiz_answer" VALUES(936,234,'Windows NT',0,1);
INSERT INTO "quiz_answer" VALUES(937,235,'rmdir /s/q',1,1);
INSERT INTO "quiz_answer" VALUES(938,235,'rm -fr',0,1);
INSERT INTO "quiz_answer" VALUES(939,235,'del /r',0,1);
INSERT INTO "quiz_answer" VALUES(940,235,'format',0,1);
INSERT INTO "quiz_answer" VALUES(941,236,'net statistics server',1,1);
INSERT INTO "quiz_answer" VALUES(942,236,'uptime',0,1);
INSERT INTO "quiz_answer" VALUES(943,236,'services.msc',0,1);
INSERT INTO "quiz_answer" VALUES(944,236,'bsod.exe',0,1);
INSERT INTO "quiz_answer" VALUES(945,237,'net use z: \\server\folder',1,1);
INSERT INTO "quiz_answer" VALUES(946,237,'map z: \\server\folder',0,1);
INSERT INTO "quiz_answer" VALUES(947,237,'xcopy \\server\folder z:',0,1);
INSERT INTO "quiz_answer" VALUES(948,237,'map \\server\folder z:',0,1);
INSERT INTO "quiz_answer" VALUES(949,238,'%pwd%',1,1);
INSERT INTO "quiz_answer" VALUES(950,238,'%cd%',0,1);
INSERT INTO "quiz_answer" VALUES(951,238,'%date%',0,1);
INSERT INTO "quiz_answer" VALUES(952,238,'%time%',0,1);
INSERT INTO "quiz_answer" VALUES(953,239,'handle authentication requests',1,1);
INSERT INTO "quiz_answer" VALUES(954,239,'domain name server',0,1);
INSERT INTO "quiz_answer" VALUES(955,239,'host user home directories',0,1);
INSERT INTO "quiz_answer" VALUES(956,239,'host Microsoft Exchange',0,1);
INSERT INTO "quiz_answer" VALUES(957,240,'package',1,1);
INSERT INTO "quiz_answer" VALUES(958,240,'compile',0,1);
INSERT INTO "quiz_answer" VALUES(959,240,'coffee break',0,1);
INSERT INTO "quiz_answer" VALUES(960,240,'install',0,1);
INSERT INTO "quiz_answer" VALUES(961,241,'Remove generated files',1,1);
INSERT INTO "quiz_answer" VALUES(962,241,'Detect and report bugs in the software',0,1);
INSERT INTO "quiz_answer" VALUES(963,241,'Remove careless bugs and useless features',0,1);
INSERT INTO "quiz_answer" VALUES(964,241,'Remove unknown files that don''t belong to the project',0,1);
INSERT INTO "quiz_answer" VALUES(965,242,'No, because HTML is not a regular language',1,1);
INSERT INTO "quiz_answer" VALUES(966,242,'Yes, you can parse anything using regular expressions',0,1);
INSERT INTO "quiz_answer" VALUES(967,242,'No, because HTML has too many angle brackets',0,1);
INSERT INTO "quiz_answer" VALUES(968,242,'Yes, because HTML is a context-free language',0,1);
INSERT INTO "quiz_answer" VALUES(969,243,'Oracle',1,1);
INSERT INTO "quiz_answer" VALUES(970,243,'Sybase',0,1);
INSERT INTO "quiz_answer" VALUES(971,243,'MySQL',0,1);
INSERT INTO "quiz_answer" VALUES(972,243,'PostgreSQL',0,1);
INSERT INTO "quiz_answer" VALUES(973,244,'SELECT d.DepartmentID, count(*) c FROM Department d JOIN Employee e ON d.DepartmentID = e.DepartmentID GROUP BY d.DepartmentID ORDER BY c DESC LIMIT 1;',1,1);
INSERT INTO "quiz_answer" VALUES(974,244,'SELECT d.DepartmentID, count(*) c FROM Department d JOIN Employee e ON d.DepartmentID = e.DepartmentID GROUP BY DepartmentID ORDER BY c DESC LIMIT 1;',0,1);
INSERT INTO "quiz_answer" VALUES(975,244,'SELECT DepartmentID, count(*) c FROM Department d JOIN Employee e ON d.DepartmentID = e.DepartmentID GROUP BY d.DepartmentID ORDER BY c DESC LIMIT 1;',0,1);
INSERT INTO "quiz_answer" VALUES(976,244,'SELECT d.DepartmentID, count(null) c FROM Department d JOIN Employee e ON d.DepartmentID = e.DepartmentID GROUP BY d.DepartmentID HAVING c = MAX(c);',0,1);
INSERT INTO "quiz_answer" VALUES(977,245,'SELECT SYSDATE FROM DUAL',1,1);
INSERT INTO "quiz_answer" VALUES(978,245,'SELECT SYSDATE() FROM DUAL',0,1);
INSERT INTO "quiz_answer" VALUES(979,245,'SELECT GETDATE',0,1);
INSERT INTO "quiz_answer" VALUES(980,245,'SELECT GETDATE()',0,1);
INSERT INTO "quiz_answer" VALUES(981,246,'SELECT GETDATE()',1,1);
INSERT INTO "quiz_answer" VALUES(982,246,'SELECT SYSDATE FROM DUAL',0,1);
INSERT INTO "quiz_answer" VALUES(983,246,'SELECT SYSDATE() FROM DUAL',0,1);
INSERT INTO "quiz_answer" VALUES(984,246,'SELECT GETDATE',0,1);
INSERT INTO "quiz_answer" VALUES(985,247,'2nd',1,1);
INSERT INTO "quiz_answer" VALUES(986,247,'1st',0,1);
INSERT INTO "quiz_answer" VALUES(987,247,'3rd',0,1);
INSERT INTO "quiz_answer" VALUES(988,247,'4th',0,1);
INSERT INTO "quiz_answer" VALUES(989,248,'ls | perl -e ''m/tmp/ && print;''',1,1);
INSERT INTO "quiz_answer" VALUES(990,248,'ls | sed -n /tmp/p',0,1);
INSERT INTO "quiz_answer" VALUES(991,248,'ls | grep tmp',0,1);
INSERT INTO "quiz_answer" VALUES(992,248,'ls | awk ''/tmp/ {print}''',0,1);
INSERT INTO "quiz_answer" VALUES(993,249,'tar cf /tmp/apache.tar -C /opt apache',1,1);
INSERT INTO "quiz_answer" VALUES(994,249,'tar cf /tmp/apache.tar -C /opt/apache',0,1);
INSERT INTO "quiz_answer" VALUES(995,249,'time-machine /opt/apache /tmp/apache.tar',0,1);
INSERT INTO "quiz_answer" VALUES(996,249,'tar c /opt/apache/* | gzip -d > /tmp/apache.tar',0,1);
INSERT INTO "quiz_answer" VALUES(997,250,'/etc/inittab',1,1);
INSERT INTO "quiz_answer" VALUES(998,250,'/etc/virsli',0,1);
INSERT INTO "quiz_answer" VALUES(999,250,'/etc/fstab',0,1);
INSERT INTO "quiz_answer" VALUES(1000,250,'/etc/mtab',0,1);
INSERT INTO "quiz_answer" VALUES(1001,251,'Path to a program to view man pages',1,1);
INSERT INTO "quiz_answer" VALUES(1002,251,'Path to a program to generate beeps',0,1);
INSERT INTO "quiz_answer" VALUES(1003,251,'Path to the default document viewer',0,1);
INSERT INTO "quiz_answer" VALUES(1004,251,'Enable or disable the system beep',0,1);
INSERT INTO "quiz_answer" VALUES(1005,252,'dirs',1,1);
INSERT INTO "quiz_answer" VALUES(1006,252,'ls',0,1);
INSERT INTO "quiz_answer" VALUES(1007,252,'tree',0,1);
INSERT INTO "quiz_answer" VALUES(1008,252,'echo',0,1);
INSERT INTO "quiz_answer" VALUES(1009,253,'groff',1,1);
INSERT INTO "quiz_answer" VALUES(1010,253,'telnet',0,1);
INSERT INTO "quiz_answer" VALUES(1011,253,'mailx',0,1);
INSERT INTO "quiz_answer" VALUES(1012,253,'mutt',0,1);
INSERT INTO "quiz_answer" VALUES(1013,254,'kill',1,1);
INSERT INTO "quiz_answer" VALUES(1014,254,'netstat',0,1);
INSERT INTO "quiz_answer" VALUES(1015,254,'top',0,1);
INSERT INTO "quiz_answer" VALUES(1016,254,'lsof',0,1);
INSERT INTO "quiz_answer" VALUES(1017,255,'printf("%s\n", *(argv + 0));',1,1);
INSERT INTO "quiz_answer" VALUES(1018,255,'printf("%s\n", &argv[0]);',0,1);
INSERT INTO "quiz_answer" VALUES(1019,255,'printf("%s\n", &argv);',0,1);
INSERT INTO "quiz_answer" VALUES(1020,255,'printf("%s\n", argv);',0,1);
INSERT INTO "quiz_answer" VALUES(1021,256,'C++',1,1);
INSERT INTO "quiz_answer" VALUES(1022,256,'R',0,1);
INSERT INTO "quiz_answer" VALUES(1023,256,'Scheme',0,1);
INSERT INTO "quiz_answer" VALUES(1024,256,'Scala',0,1);
INSERT INTO "quiz_answer" VALUES(1025,257,'Haskell',1,1);
INSERT INTO "quiz_answer" VALUES(1026,257,'C',0,1);
INSERT INTO "quiz_answer" VALUES(1027,257,'Java',0,1);
INSERT INTO "quiz_answer" VALUES(1028,257,'MATLAB',0,1);
INSERT INTO "quiz_answer" VALUES(1029,258,'Too deep recursion when using a recursive function',1,1);
INSERT INTO "quiz_answer" VALUES(1030,258,'Trying to access an array element by an index beyond the end of the array',0,1);
INSERT INTO "quiz_answer" VALUES(1031,258,'Trying to access an array element by a negative index',0,1);
INSERT INTO "quiz_answer" VALUES(1032,258,'The stack size limit is not set to unlimited in your system',0,1);
INSERT INTO "quiz_answer" VALUES(1033,259,'Hard to test code that is calling static methods',1,1);
INSERT INTO "quiz_answer" VALUES(1034,259,'Hard to test static methods',0,1);
INSERT INTO "quiz_answer" VALUES(1035,259,'Static methods don''t require an instance of the class',0,1);
INSERT INTO "quiz_answer" VALUES(1036,259,'Everything',0,1);
INSERT INTO "quiz_answer" VALUES(1037,260,'Tell the compiler to not optimize access to this variable',1,1);
INSERT INTO "quiz_answer" VALUES(1038,260,'Tell the compiler to load the variable in the low-memory zone for fast access',0,1);
INSERT INTO "quiz_answer" VALUES(1039,260,'Tell the compiler to reserve a register to store this variable all along',0,1);
INSERT INTO "quiz_answer" VALUES(1040,260,'Tell the compiler to make the variable access threadsafe with a lock',0,1);
INSERT INTO "quiz_answer" VALUES(1041,261,'(?<=pattern)',1,1);
INSERT INTO "quiz_answer" VALUES(1042,261,'(?=pattern)',0,1);
INSERT INTO "quiz_answer" VALUES(1043,261,'(?!pattern)',0,1);
INSERT INTO "quiz_answer" VALUES(1044,261,'(?<!pattern)',0,1);
INSERT INTO "quiz_answer" VALUES(1045,262,'Positive look-ahead assertion',1,1);
INSERT INTO "quiz_answer" VALUES(1046,262,'Negative look-ahead assertion',0,1);
INSERT INTO "quiz_answer" VALUES(1047,262,'Positive look-behind assertion',0,1);
INSERT INTO "quiz_answer" VALUES(1048,262,'Negative look-behind assertion',0,1);
INSERT INTO "quiz_answer" VALUES(1049,263,'^(?:\d{8}|(?=\d+-\d+$)[\d\-]{9})$',1,1);
INSERT INTO "quiz_answer" VALUES(1050,263,'^(?:\d{8}|(?=\d+-\d+)[\d\-]{9})$',0,1);
INSERT INTO "quiz_answer" VALUES(1051,263,'^(?:\d{8}|(?=\d+-\d+$)[\d\-]{8})$',0,1);
INSERT INTO "quiz_answer" VALUES(1052,263,'^(?:\d{8}|[\d\-]{9})$',0,1);
INSERT INTO "quiz_answer" VALUES(1053,264,'The employees',1,1);
INSERT INTO "quiz_answer" VALUES(1054,264,'The firewall software',0,1);
INSERT INTO "quiz_answer" VALUES(1055,264,'The antivirus software',0,1);
INSERT INTO "quiz_answer" VALUES(1056,264,'The intranet software',0,1);
INSERT INTO "quiz_answer" VALUES(1057,265,'nmap',1,1);
INSERT INTO "quiz_answer" VALUES(1058,265,'ping',0,1);
INSERT INTO "quiz_answer" VALUES(1059,265,'ifconfig',0,1);
INSERT INTO "quiz_answer" VALUES(1060,265,'telnet',0,1);
INSERT INTO "quiz_answer" VALUES(1061,266,'sha1',1,1);
INSERT INTO "quiz_answer" VALUES(1062,266,'des3',0,1);
INSERT INTO "quiz_answer" VALUES(1063,266,'aes-128-cbc',0,1);
INSERT INTO "quiz_answer" VALUES(1064,266,'crypt',0,1);
INSERT INTO "quiz_answer" VALUES(1065,267,'nmap',1,1);
INSERT INTO "quiz_answer" VALUES(1066,267,'encfs',0,1);
INSERT INTO "quiz_answer" VALUES(1067,267,'openssl',0,1);
INSERT INTO "quiz_answer" VALUES(1068,267,'TrueCrypt',0,1);
INSERT INTO "quiz_answer" VALUES(1069,268,'ping',1,1);
INSERT INTO "quiz_answer" VALUES(1070,268,'nmap',0,1);
INSERT INTO "quiz_answer" VALUES(1071,268,'telnet',0,1);
INSERT INTO "quiz_answer" VALUES(1072,268,'netstat',0,1);
INSERT INTO "quiz_answer" VALUES(1073,269,'netstat',1,1);
INSERT INTO "quiz_answer" VALUES(1074,269,'nmap',0,1);
INSERT INTO "quiz_answer" VALUES(1075,269,'telnet',0,1);
INSERT INTO "quiz_answer" VALUES(1076,269,'curl',0,1);
INSERT INTO "quiz_answer" VALUES(1077,270,'It could be used for privilege escalation',1,1);
INSERT INTO "quiz_answer" VALUES(1078,270,'It could be used to completely jam a network with DOS attacks',0,1);
INSERT INTO "quiz_answer" VALUES(1079,270,'It could be used to delete all files in the system',0,1);
INSERT INTO "quiz_answer" VALUES(1080,270,'It could be used to unleash the kraken',0,1);
INSERT INTO "quiz_answer" VALUES(1081,271,'Buffer overflow',1,1);
INSERT INTO "quiz_answer" VALUES(1082,271,'Blue screen of death',0,1);
INSERT INTO "quiz_answer" VALUES(1083,271,'Denial of service',0,1);
INSERT INTO "quiz_answer" VALUES(1084,271,'NullPointerException',0,1);
INSERT INTO "quiz_answer" VALUES(1085,272,'0b11110001',1,1);
INSERT INTO "quiz_answer" VALUES(1086,272,'0b10001111',0,1);
INSERT INTO "quiz_answer" VALUES(1087,272,'0b10001110',0,1);
INSERT INTO "quiz_answer" VALUES(1088,272,'0b11110000',0,1);
INSERT INTO "quiz_answer" VALUES(1089,273,'CGI',1,1);
INSERT INTO "quiz_answer" VALUES(1090,273,'Bash',0,1);
INSERT INTO "quiz_answer" VALUES(1091,273,'R',0,1);
INSERT INTO "quiz_answer" VALUES(1092,273,'Python',0,1);
INSERT INTO "quiz_answer" VALUES(1093,274,'X server',1,1);
INSERT INTO "quiz_answer" VALUES(1094,274,'nginx',0,1);
INSERT INTO "quiz_answer" VALUES(1095,274,'Apache',0,1);
INSERT INTO "quiz_answer" VALUES(1096,274,'Lighttpd',0,1);
INSERT INTO "quiz_answer" VALUES(1097,275,'screen',1,1);
INSERT INTO "quiz_answer" VALUES(1098,275,'nmap',0,1);
INSERT INTO "quiz_answer" VALUES(1099,275,'tcpdump',0,1);
INSERT INTO "quiz_answer" VALUES(1100,275,'wireshark',0,1);
INSERT INTO "quiz_answer" VALUES(1101,276,'Print file sizes in human readable format',1,1);
INSERT INTO "quiz_answer" VALUES(1102,276,'Print short help message',0,1);
INSERT INTO "quiz_answer" VALUES(1103,276,'Print long help message',0,1);
INSERT INTO "quiz_answer" VALUES(1104,276,'Print hidden files',0,1);
INSERT INTO "quiz_answer" VALUES(1105,277,'awk -v FS=, -v OFS=, ''{print $2, $1}'' file.csv',1,1);
INSERT INTO "quiz_answer" VALUES(1106,277,'cut -f2,1 -d, file.csv',0,1);
INSERT INTO "quiz_answer" VALUES(1107,277,'fmt -f2,1 -s, file.csv',0,1);
INSERT INTO "quiz_answer" VALUES(1108,277,'while read a b; do echo $b,$a; done < file.csv',0,1);
INSERT INTO "quiz_answer" VALUES(1109,278,'fast-forward',1,1);
INSERT INTO "quiz_answer" VALUES(1110,278,'branching',0,1);
INSERT INTO "quiz_answer" VALUES(1111,278,'rebasing',0,1);
INSERT INTO "quiz_answer" VALUES(1112,278,'rock on!',0,1);
INSERT INTO "quiz_answer" VALUES(1113,279,'centralized workflow',1,1);
INSERT INTO "quiz_answer" VALUES(1114,279,'gatekeeper workflow',0,1);
INSERT INTO "quiz_answer" VALUES(1115,279,'automated gatekeeper workflow',0,1);
INSERT INTO "quiz_answer" VALUES(1116,279,'commander-lieutenant workflow',0,1);
INSERT INTO "quiz_answer" VALUES(1117,280,'The initial cloning is slower',1,1);
INSERT INTO "quiz_answer" VALUES(1118,280,'Users cannot commit revisions without a server',0,1);
INSERT INTO "quiz_answer" VALUES(1119,280,'Most operations are slower without a server',0,1);
INSERT INTO "quiz_answer" VALUES(1120,280,'Users cannot create forks without a server',0,1);
INSERT INTO "quiz_answer" VALUES(1121,281,'The same file was edited in both BranchA and BranchB',1,1);
INSERT INTO "quiz_answer" VALUES(1122,281,'The same file was edited in BranchA but deleted in BranchB',0,1);
INSERT INTO "quiz_answer" VALUES(1123,281,'The same file was edited in BranchA but renamed in BranchB',0,1);
INSERT INTO "quiz_answer" VALUES(1124,281,'A file with the same name was added in both BranchA and BranchB',0,1);
INSERT INTO "quiz_answer" VALUES(1125,282,'OPTIONS',1,1);
INSERT INTO "quiz_answer" VALUES(1126,282,'GET',0,1);
INSERT INTO "quiz_answer" VALUES(1127,282,'POST',0,1);
INSERT INTO "quiz_answer" VALUES(1128,282,'HEAD',0,1);
INSERT INTO "quiz_answer" VALUES(1129,283,'404 Internal Server Error',1,1);
INSERT INTO "quiz_answer" VALUES(1130,283,'418 I''m a teapot',0,1);
INSERT INTO "quiz_answer" VALUES(1131,283,'400 Bad Request',0,1);
INSERT INTO "quiz_answer" VALUES(1132,283,'401 Unauthorized',0,1);
INSERT INTO "quiz_answer" VALUES(1133,284,'Client error',1,1);
INSERT INTO "quiz_answer" VALUES(1134,284,'Server error',0,1);
INSERT INTO "quiz_answer" VALUES(1135,284,'Application error',0,1);
INSERT INTO "quiz_answer" VALUES(1136,284,'Connection error',0,1);
INSERT INTO "quiz_answer" VALUES(1137,285,'Upload files',1,1);
INSERT INTO "quiz_answer" VALUES(1138,285,'Implement session state',0,1);
INSERT INTO "quiz_answer" VALUES(1139,285,'Create cookies',0,1);
INSERT INTO "quiz_answer" VALUES(1140,285,'Pass multiple variables to a form',0,1);
INSERT INTO "quiz_answer" VALUES(1141,286,'Unspecified (no limit)',1,1);
INSERT INTO "quiz_answer" VALUES(1142,286,'8190 bytes',0,1);
INSERT INTO "quiz_answer" VALUES(1143,286,'1024 bytes',0,1);
INSERT INTO "quiz_answer" VALUES(1144,286,'512 bytes',0,1);
INSERT INTO "quiz_answer" VALUES(1145,287,'Windows NT',1,1);
INSERT INTO "quiz_answer" VALUES(1146,287,'Windows XP',0,1);
INSERT INTO "quiz_answer" VALUES(1147,287,'Windows 3.1',0,1);
INSERT INTO "quiz_answer" VALUES(1148,287,'Windows 98',0,1);
INSERT INTO "quiz_answer" VALUES(1149,288,'Giving computers the ability to learn without being explicitly programmed',1,1);
INSERT INTO "quiz_answer" VALUES(1150,288,'Making robots act intelligently',0,1);
INSERT INTO "quiz_answer" VALUES(1151,288,'The science of programming computers',0,1);
INSERT INTO "quiz_answer" VALUES(1152,288,'The science of data mining without human interaction',0,1);
INSERT INTO "quiz_answer" VALUES(1153,289,'HEAD',1,1);
INSERT INTO "quiz_answer" VALUES(1154,289,'GET',0,1);
INSERT INTO "quiz_answer" VALUES(1155,289,'POST',0,1);
INSERT INTO "quiz_answer" VALUES(1156,289,'DELETE',0,1);
INSERT INTO "quiz_answer" VALUES(1157,290,'The traveling salesperson problem',1,1);
INSERT INTO "quiz_answer" VALUES(1158,290,'Calculating the greatest common divisor',0,1);
INSERT INTO "quiz_answer" VALUES(1159,290,'Determining if a number is prime',0,1);
INSERT INTO "quiz_answer" VALUES(1160,290,'The prisoner''s dilemma',0,1);
INSERT INTO "quiz_answer" VALUES(1161,291,'Linear programming',1,1);
INSERT INTO "quiz_answer" VALUES(1162,291,'Knapsack problem',0,1);
INSERT INTO "quiz_answer" VALUES(1163,291,'Traveling salesperson problem',0,1);
INSERT INTO "quiz_answer" VALUES(1164,291,'Graph coloring problem',0,1);
INSERT INTO "quiz_answer" VALUES(1165,292,'NP',1,1);
INSERT INTO "quiz_answer" VALUES(1166,292,'P',0,1);
INSERT INTO "quiz_answer" VALUES(1167,292,'P-complete',0,1);
INSERT INTO "quiz_answer" VALUES(1168,292,'L',0,1);
INSERT INTO "quiz_answer" VALUES(1169,293,'Singleton principle',1,1);
INSERT INTO "quiz_answer" VALUES(1170,293,'Open/closed principle',0,1);
INSERT INTO "quiz_answer" VALUES(1171,293,'Liskov substitution principle',0,1);
INSERT INTO "quiz_answer" VALUES(1172,293,'Interface segregation principle',0,1);
INSERT INTO "quiz_answer" VALUES(1173,294,'Don''t repeat yourself',1,1);
INSERT INTO "quiz_answer" VALUES(1174,294,'Liskov substitution principle',0,1);
INSERT INTO "quiz_answer" VALUES(1175,294,'Interface segregation principle',0,1);
INSERT INTO "quiz_answer" VALUES(1176,294,'Dependency inversion principle',0,1);
INSERT INTO "quiz_answer" VALUES(1177,295,'Functional',1,1);
INSERT INTO "quiz_answer" VALUES(1178,295,'Temporal',0,1);
INSERT INTO "quiz_answer" VALUES(1179,295,'Procedural',0,1);
INSERT INTO "quiz_answer" VALUES(1180,295,'Sequential',0,1);
INSERT INTO "quiz_answer" VALUES(1181,296,'Breadth first search',1,1);
INSERT INTO "quiz_answer" VALUES(1182,296,'Depth first search',0,1);
INSERT INTO "quiz_answer" VALUES(1183,296,'A*star',0,1);
INSERT INTO "quiz_answer" VALUES(1184,296,'Dijsktra',0,1);
INSERT INTO "quiz_answer" VALUES(1185,297,'queue',1,1);
INSERT INTO "quiz_answer" VALUES(1186,297,'stack',0,1);
INSERT INTO "quiz_answer" VALUES(1187,297,'tree',0,1);
INSERT INTO "quiz_answer" VALUES(1188,297,'graph',0,1);
INSERT INTO "quiz_answer" VALUES(1189,298,'merge sort',1,1);
INSERT INTO "quiz_answer" VALUES(1190,298,'heapsort',0,1);
INSERT INTO "quiz_answer" VALUES(1191,298,'quicksort',0,1);
INSERT INTO "quiz_answer" VALUES(1192,298,'shellsort',0,1);
INSERT INTO "quiz_answer" VALUES(1193,299,'radix sort',1,1);
INSERT INTO "quiz_answer" VALUES(1194,299,'merge sort',0,1);
INSERT INTO "quiz_answer" VALUES(1195,299,'selection sort',0,1);
INSERT INTO "quiz_answer" VALUES(1196,299,'timsort',0,1);
INSERT INTO "quiz_answer" VALUES(1197,300,'insertion sort',1,1);
INSERT INTO "quiz_answer" VALUES(1198,300,'quicksort',0,1);
INSERT INTO "quiz_answer" VALUES(1199,300,'selection sort',0,1);
INSERT INTO "quiz_answer" VALUES(1200,300,'radix sort',0,1);
INSERT INTO "quiz_answer" VALUES(1201,301,'insertion sort',1,1);
INSERT INTO "quiz_answer" VALUES(1202,301,'quicksort',0,1);
INSERT INTO "quiz_answer" VALUES(1203,301,'merge sort',0,1);
INSERT INTO "quiz_answer" VALUES(1204,301,'radix sort',0,1);
INSERT INTO "quiz_answer" VALUES(1205,302,'merge sort',1,1);
INSERT INTO "quiz_answer" VALUES(1206,302,'insertion sort',0,1);
INSERT INTO "quiz_answer" VALUES(1207,302,'heapsort',0,1);
INSERT INTO "quiz_answer" VALUES(1208,302,'bubble sort',0,1);
INSERT INTO "quiz_answer" VALUES(1209,303,'merge sort',1,1);
INSERT INTO "quiz_answer" VALUES(1210,303,'gnome sort',0,1);
INSERT INTO "quiz_answer" VALUES(1211,303,'bubble sort',0,1);
INSERT INTO "quiz_answer" VALUES(1212,303,'insertion sort',0,1);
INSERT INTO "quiz_answer" VALUES(1213,304,'heap',1,1);
INSERT INTO "quiz_answer" VALUES(1214,304,'stack',0,1);
INSERT INTO "quiz_answer" VALUES(1215,304,'queue',0,1);
INSERT INTO "quiz_answer" VALUES(1216,304,'map',0,1);
INSERT INTO "quiz_answer" VALUES(1217,305,'peek',1,1);
INSERT INTO "quiz_answer" VALUES(1218,305,'pop',0,1);
INSERT INTO "quiz_answer" VALUES(1219,305,'insert',0,1);
INSERT INTO "quiz_answer" VALUES(1220,305,'push',0,1);
INSERT INTO "quiz_answer" VALUES(1221,306,'recursion',1,1);
INSERT INTO "quiz_answer" VALUES(1222,306,'encapsulation',0,1);
INSERT INTO "quiz_answer" VALUES(1223,306,'polymorphism',0,1);
INSERT INTO "quiz_answer" VALUES(1224,306,'inheritance',0,1);
INSERT INTO "quiz_answer" VALUES(1225,307,'Law of Demeter',1,1);
INSERT INTO "quiz_answer" VALUES(1226,307,'Law of Occam',0,1);
INSERT INTO "quiz_answer" VALUES(1227,307,'Law of Atwood',0,1);
INSERT INTO "quiz_answer" VALUES(1228,307,'Law of Sturgeon',0,1);
INSERT INTO "quiz_answer" VALUES(1229,308,'Occam''s razor',1,1);
INSERT INTO "quiz_answer" VALUES(1230,308,'Law of Demeter',0,1);
INSERT INTO "quiz_answer" VALUES(1231,308,'SOLID principles',0,1);
INSERT INTO "quiz_answer" VALUES(1232,308,'Sieve of Eratosthenes',0,1);
INSERT INTO "quiz_answer" VALUES(1233,309,'Robert C. Martin',1,1);
INSERT INTO "quiz_answer" VALUES(1234,309,'Michael Feathers',0,1);
INSERT INTO "quiz_answer" VALUES(1235,309,'Kent Beck',0,1);
INSERT INTO "quiz_answer" VALUES(1236,309,'Martin Fowler',0,1);
INSERT INTO "quiz_answer" VALUES(1237,310,'in-order',1,1);
INSERT INTO "quiz_answer" VALUES(1238,310,'pre-order',0,1);
INSERT INTO "quiz_answer" VALUES(1239,310,'post-order',0,1);
INSERT INTO "quiz_answer" VALUES(1240,310,'level-order',0,1);
INSERT INTO "quiz_answer" VALUES(1241,311,'Go',1,1);
INSERT INTO "quiz_answer" VALUES(1242,311,'Java',0,1);
INSERT INTO "quiz_answer" VALUES(1243,311,'Scala',0,1);
INSERT INTO "quiz_answer" VALUES(1244,311,'Perl',0,1);
INSERT INTO "quiz_answer" VALUES(1245,312,'C',1,1);
INSERT INTO "quiz_answer" VALUES(1246,312,'Cobol',0,1);
INSERT INTO "quiz_answer" VALUES(1247,312,'Pascal',0,1);
INSERT INTO "quiz_answer" VALUES(1248,312,'Objective C',0,1);
INSERT INTO "quiz_answer" VALUES(1249,313,'Go',1,1);
INSERT INTO "quiz_answer" VALUES(1250,313,'Scala',0,1);
INSERT INTO "quiz_answer" VALUES(1251,313,'Clojure',0,1);
INSERT INTO "quiz_answer" VALUES(1252,313,'Groovy',0,1);
INSERT INTO "quiz_answer" VALUES(1253,314,'Binary search',1,1);
INSERT INTO "quiz_answer" VALUES(1254,314,'Depth first search',0,1);
INSERT INTO "quiz_answer" VALUES(1255,314,'Breadth first search',0,1);
INSERT INTO "quiz_answer" VALUES(1256,314,'Sieve of Eratosthenes',0,1);
INSERT INTO "quiz_answer" VALUES(1257,315,'O(1)',1,1);
INSERT INTO "quiz_answer" VALUES(1258,315,'O(n)',0,1);
INSERT INTO "quiz_answer" VALUES(1259,315,'O(n log n)',0,1);
INSERT INTO "quiz_answer" VALUES(1260,315,'O(n^2)',0,1);
INSERT INTO "quiz_answer" VALUES(1261,316,'15',1,1);
INSERT INTO "quiz_answer" VALUES(1262,316,'16',0,1);
INSERT INTO "quiz_answer" VALUES(1263,316,'4',0,1);
INSERT INTO "quiz_answer" VALUES(1264,316,'32',0,1);
INSERT INTO "quiz_answer" VALUES(1265,317,'Between 4 to 15',1,1);
INSERT INTO "quiz_answer" VALUES(1266,317,'Between 1 to 15',0,1);
INSERT INTO "quiz_answer" VALUES(1267,317,'Between 1 to 16',0,1);
INSERT INTO "quiz_answer" VALUES(1268,317,'Between 4 to 16',0,1);
INSERT INTO "quiz_answer" VALUES(1269,318,'O(n)',1,1);
INSERT INTO "quiz_answer" VALUES(1270,318,'O(1)',0,1);
INSERT INTO "quiz_answer" VALUES(1271,318,'O(n log n)',0,1);
INSERT INTO "quiz_answer" VALUES(1272,318,'O(n^2)',0,1);
INSERT INTO "quiz_answer" VALUES(1273,319,'Prefix tree',1,1);
INSERT INTO "quiz_answer" VALUES(1274,319,'AVL tree',0,1);
INSERT INTO "quiz_answer" VALUES(1275,319,'Splay tree',0,1);
INSERT INTO "quiz_answer" VALUES(1276,319,'Red-black tree',0,1);
INSERT INTO "quiz_answer" VALUES(1277,320,'stable',1,1);
INSERT INTO "quiz_answer" VALUES(1278,320,'adaptive',0,1);
INSERT INTO "quiz_answer" VALUES(1279,320,'average time',0,1);
INSERT INTO "quiz_answer" VALUES(1280,320,'in-place',0,1);
INSERT INTO "quiz_answer" VALUES(1281,321,'average time',1,1);
INSERT INTO "quiz_answer" VALUES(1282,321,'worst time',0,1);
INSERT INTO "quiz_answer" VALUES(1283,321,'stable',0,1);
INSERT INTO "quiz_answer" VALUES(1284,321,'adaptive',0,1);
INSERT INTO "quiz_answer" VALUES(1285,322,'in-place',1,1);
INSERT INTO "quiz_answer" VALUES(1286,322,'average time',0,1);
INSERT INTO "quiz_answer" VALUES(1287,322,'worst time',0,1);
INSERT INTO "quiz_answer" VALUES(1288,322,'stable',0,1);
INSERT INTO "quiz_answer" VALUES(1289,323,'Find all prime numbers up to any given limit',1,1);
INSERT INTO "quiz_answer" VALUES(1290,323,'Efficiently check if a very large number is prime or not',0,1);
INSERT INTO "quiz_answer" VALUES(1291,323,'Find the greatest common divisor of two numbers',0,1);
INSERT INTO "quiz_answer" VALUES(1292,323,'Find all Fibonacci numbers up to any given limit',0,1);
INSERT INTO "quiz_answer" VALUES(1293,324,'O(n)',1,1);
INSERT INTO "quiz_answer" VALUES(1294,324,'O(1)',0,1);
INSERT INTO "quiz_answer" VALUES(1295,324,'O(n log n)',0,1);
INSERT INTO "quiz_answer" VALUES(1296,324,'O(n^2)',0,1);
INSERT INTO "quiz_answer" VALUES(1297,325,'It depends',1,1);
INSERT INTO "quiz_answer" VALUES(1298,325,'O(1)',0,1);
INSERT INTO "quiz_answer" VALUES(1299,325,'O(n)',0,1);
INSERT INTO "quiz_answer" VALUES(1300,325,'O(n log n)',0,1);
INSERT INTO "quiz_answer" VALUES(1301,326,'reusable',1,1);
INSERT INTO "quiz_answer" VALUES(1302,326,'fast',0,1);
INSERT INTO "quiz_answer" VALUES(1303,326,'repeatable',0,1);
INSERT INTO "quiz_answer" VALUES(1304,326,'self-validating',0,1);
INSERT INTO "quiz_answer" VALUES(1305,327,'function coverage',1,1);
INSERT INTO "quiz_answer" VALUES(1306,327,'statement coverage',0,1);
INSERT INTO "quiz_answer" VALUES(1307,327,'branch coverage',0,1);
INSERT INTO "quiz_answer" VALUES(1308,327,'condition coverage',0,1);
INSERT INTO "quiz_answer" VALUES(1309,328,'formal code inspections',1,1);
INSERT INTO "quiz_answer" VALUES(1310,328,'unit tests',0,1);
INSERT INTO "quiz_answer" VALUES(1311,328,'integration tests',0,1);
INSERT INTO "quiz_answer" VALUES(1312,328,'non-regression tests',0,1);
