CREATE TABLE "quiz_level" (
    "_id" integer NULL PRIMARY KEY AUTOINCREMENT,
    "name" varchar(80) NULL UNIQUE,
    "level" integer NULL UNIQUE,
    "created_dt" datetime NULL,
    "updated_dt" datetime NULL
)
;
CREATE TABLE "quiz_question" (
    "_id" integer NULL PRIMARY KEY AUTOINCREMENT,
    "text" varchar(200) NULL,
    "category" varchar(80) NULL,
    "level_id" integer NULL REFERENCES "quiz_level" ("_id"),
    "hint" text NULL,
    "explanation" text NULL,
    "is_active" bool NULL,
    "created_dt" datetime NULL,
    "updated_dt" datetime NULL,
    UNIQUE ("text", "level_id")
)
;
CREATE TABLE "quiz_answer" (
    "_id" integer NULL PRIMARY KEY AUTOINCREMENT,
    "question_id" integer NULL REFERENCES "quiz_question" ("_id"),
    "text" varchar(200) NULL,
    "is_correct" bool NULL,
    "is_active" bool NULL,
    "created_dt" datetime NULL,
    "updated_dt" datetime NULL,
    UNIQUE ("question_id", "text")
)
;

INSERT INTO "quiz_level" VALUES(1,'Hobbyist',1,'2013-01-27 00:42:27','2013-01-27 00:42:27');
INSERT INTO "quiz_level" VALUES(2,'Professional',2,'2013-01-27 00:42:43','2013-01-27 00:42:43');
INSERT INTO "quiz_level" VALUES(3,'Expert',3,'2013-01-27 00:42:43','2013-01-27 00:42:43');
INSERT INTO "quiz_level" VALUES(4,'Nightmare!',4,'2013-01-27 00:42:51','2013-01-27 00:42:51');
INSERT INTO "quiz_question" VALUES(1,'What is the average performance of the bubble sort algorithm?','algorithms',2,'','Bubble sort has worst-case and average complexity both О(n2), where n is the number of items being sorted.',1,'2013-07-07 05:04:37.297871','2013-07-07 05:04:37.297886');
INSERT INTO "quiz_question" VALUES(2,'What is the average performance of the quicksort algorithm?','algorithms',2,'','On average, quicksort makes O(n log n) comparisons to sort n items.',1,'2013-07-07 05:04:37.317812','2013-07-07 05:04:37.317825');
INSERT INTO "quiz_question" VALUES(3,'Which sort algorithm is not stable?','algorithms',2,'','Stable sorting algorithms preserve the relative order of items that compare as equal. Heapsort does not guarantee that.',1,'2013-07-07 05:04:37.338619','2013-07-07 05:04:37.338631');
INSERT INTO "quiz_question" VALUES(6,'What is NOT a good use case of a hash function?','algorithms',2,'','Hash functions are one-way, they cannot be applied in reverse, the input data is not recoverable from the output data, akin to lossy compression.',1,'2013-07-07 05:04:37.395872','2013-07-07 05:04:37.395884');
INSERT INTO "quiz_question" VALUES(7,'Which is NOT generally true about hash functions?','algorithms',2,'','Hash functions are heavily used in cryptography, where they are designed to be slow on purpose, to make brute force attacks more difficult.',1,'2013-07-07 05:04:37.414989','2013-07-07 05:04:37.415002');
INSERT INTO "quiz_question" VALUES(8,'Which of these build tools is the oldest?','build-automation',3,'','Make appeared in 1977, Ant in 2000, Maven in 2002, and CMake in 1999.',1,'2013-07-07 05:04:37.452780','2013-07-07 05:04:37.452792');
INSERT INTO "quiz_question" VALUES(9,'What is NOT a main responsibility of an automated build system?','build-automation',3,'','Debugging is an activity that involves interacting with a running program, not really part of the build process.',1,'2013-07-07 05:04:37.468917','2013-07-07 05:04:37.468928');
INSERT INTO "quiz_question" VALUES(10,'In an automated build system, which of these is the most logical next step after running unit tests?','build-automation',3,'','The software must already be compiled to run unit tests. Without a package, what is there to install or deploy?',1,'2013-07-07 05:04:37.488014','2013-07-07 05:04:37.488029');
INSERT INTO "quiz_question" VALUES(11,'What is the traditional step between "./configure" and "make install" when building a software from a source tarball?','build-automation',3,'','"make" without any arguments runs the default build task, which is typically building the entire software. This step is usually after the configuration step. After this the software can be installed with "make install".',1,'2013-07-07 05:04:37.506481','2013-07-07 05:04:37.506494');
INSERT INTO "quiz_question" VALUES(12,'What is the purpose of the "clean" step in a typical automated build system?','build-automation',3,'','The "clean" step typically removes build products, with the intention to start over as if the "compile" or other build steps were never executed.',1,'2013-07-07 05:04:37.524617','2013-07-07 05:04:37.524631');
INSERT INTO "quiz_question" VALUES(13,'What is "Ant"?','build-automation',2,'','Ant is a build tool like "make", but it is based on Java. Unlike make, it can run on any platform that has a Java Virtual Machine.',1,'2013-07-07 05:04:37.578784','2013-07-07 05:04:37.578795');
INSERT INTO "quiz_question" VALUES(14,'What is the name of the main configuration file used by make?','build-automation',2,'','The default configuration file used by make is called Makefile.',1,'2013-07-07 05:04:37.597066','2013-07-07 05:04:37.597079');
INSERT INTO "quiz_question" VALUES(15,'What is the name of the main configuration used by Ant?','build-automation',2,'','The default configuration file used by Ant is build.xml',1,'2013-07-07 05:04:37.614891','2013-07-07 05:04:37.614904');
INSERT INTO "quiz_question" VALUES(16,'What is the name of the main configuration used by Maven?','build-automation',2,'','The default configuration file used by Maven is pom.xml',1,'2013-07-07 05:04:37.632975','2013-07-07 05:04:37.632988');
INSERT INTO "quiz_question" VALUES(17,'How to specify that taskA depends on taskB in a Makefile?','build-automation',2,'','The correct syntax is taskA: taskB, meaning taskB will be executed first (if needed) before performing taskA.',1,'2013-07-07 05:04:37.652114','2013-07-07 05:04:37.652125');
INSERT INTO "quiz_question" VALUES(18,'What is the difference between a binary tree and a B-tree?','data-structures',2,'','A B-tree is a generalization of the binary search tree: nodes can have more than two children.',1,'2013-07-07 05:04:37.670822','2013-07-07 05:04:37.670834');
INSERT INTO "quiz_question" VALUES(19,'What is the minimum number of internal (non-leaf) nodes in a binary tree with 7 nodes?','data-structures',2,'','The minimum possible number of nodes can be achieved in a full binary tree, where every node has strictly 0 or 2 children. In this case there will be 3 internal nodes and 4 leaf nodes.',1,'2013-07-07 05:04:37.690677','2013-07-07 05:04:37.690689');
INSERT INTO "quiz_question" VALUES(20,'What is the maximum number of internal (non-leaf) nodes in a binary tree with 7 nodes?','data-structures',2,'','In a degenerate tree each parent node has only one child node, effectively behaving like a linked list data structure. In this case there will be n-1 = 6 internal nodes and 1 leaf node.',1,'2013-07-07 05:04:37.708200','2013-07-07 05:04:37.708212');
INSERT INTO "quiz_question" VALUES(21,'Which term is not synonymous with the others?','data-structures',2,'','Basically, LIFO = FILO = stack, while queue is the logical opposite.',1,'2013-07-07 05:04:37.725428','2013-07-07 05:04:37.725440');
INSERT INTO "quiz_question" VALUES(22,'Which data structure is a natural choice to implement a queue?','data-structures',2,'','A doubly linked list has O(1) insertion and deletion at both ends, so is a natural choice for queues.',1,'2013-07-07 05:04:37.743616','2013-07-07 05:04:37.743628');
INSERT INTO "quiz_question" VALUES(23,'Which database system uses the following commands: lsnrctl, isqlplusctl, emctl?','database',3,'','These commands are used by Oracle to provide various services.',1,'2013-07-07 05:04:37.760759','2013-07-07 05:04:37.760771');
INSERT INTO "quiz_question" VALUES(24,'What type of JOIN is this: SELECT * FROM t1 JOIN t2 ON t1.id = t2.id','database',2,'','When the type of the JOIN is unspecified, it is most commonly an INNER JOIN.',1,'2013-07-07 05:04:37.781123','2013-07-07 05:04:37.781136');
INSERT INTO "quiz_question" VALUES(25,'What will be the result of this query if there are 5 records in Employee and 3 records in Department: SELECT count(*) FROM Employee e LEFT JOIN Department d ON e.DepartmentID = d.DepartmentID','database',2,'','Since this is a LEFT JOIN, there will be at least one record for each employee (the left table), therefore 5 or more records.',1,'2013-07-07 05:04:37.798569','2013-07-07 05:04:37.798581');
INSERT INTO "quiz_question" VALUES(26,'What will be the result of this query if there are 5 records in Employee and 3 records in Department: SELECT count(*) FROM Employee e RIGHT JOIN Department d ON e.DepartmentID = d.DepartmentID','database',2,'','Since this is a RIGHT JOIN, there will be at least one record for each department (the right table), therefore 3 or more records.',1,'2013-07-07 05:04:37.816344','2013-07-07 05:04:37.816357');
INSERT INTO "quiz_question" VALUES(27,'In SQL, which form of the count() clause might be invalid?','database',2,'','If there is no column named DepartmentID in the source tables then count(DepartmentID) will be invalid. The other forms are always valid.',1,'2013-07-07 05:04:37.836987','2013-07-07 05:04:37.836999');
INSERT INTO "quiz_question" VALUES(28,'Which SQL statement is incorrect?','database',2,'','A GROUP BY clause is required before HAVING.',1,'2013-07-07 05:04:37.857172','2013-07-07 05:04:37.857183');
INSERT INTO "quiz_question" VALUES(29,'How to find employees with DepartmentID set to NULL?','database',2,'','The correct syntax to test if something is NULL is using IS NULL.',1,'2013-07-07 05:04:37.874980','2013-07-07 05:04:37.874992');
INSERT INTO "quiz_question" VALUES(30,'Which SQL statement might select the department with the largest number of employees?','database',2,'','The other statements either have SQL errors or incorrect.',1,'2013-07-07 05:04:37.894743','2013-07-07 05:04:37.894755');
INSERT INTO "quiz_question" VALUES(31,'How to get the current date in Oracle?','database',2,'','The function to get the current date in Oracle is SYSDATE without parentheses.',1,'2013-07-07 05:04:37.914092','2013-07-07 05:04:37.914105');
INSERT INTO "quiz_question" VALUES(32,'How to get current date in Sybase?','database',2,'','The function to get the current date in Sybase is GETDATE().',1,'2013-07-07 05:04:37.930985','2013-07-07 05:04:37.930996');
INSERT INTO "quiz_question" VALUES(33,'In SQL, what is the difference between UNION and UNION ALL?','database',2,'','Duplicate records are removed from the result of UNION, while UNION ALL returns all records.',1,'2013-07-07 05:04:37.949798','2013-07-07 05:04:37.949810');
INSERT INTO "quiz_question" VALUES(34,'What is an advantage of using a database instead of a CSV file?','database',2,'','In a database columns can be indexed, which can help finding data much faster. The other statements are not necessarily true.',1,'2013-07-07 05:04:37.968623','2013-07-07 05:04:37.968635');
INSERT INTO "quiz_question" VALUES(35,'How many disks can fail in a RAID 5 array without risk of data loss?','hardware',3,'','RAID 5 distributes parity along with the data and requires that all drives but one be present to operate. The array is not destroyed by a single drive failure. On drive failure, any subsequent reads can be calculated from the distributed parity such that the drive failure is masked from the end user.',1,'2013-07-07 05:04:37.987570','2013-07-07 05:04:37.987582');
INSERT INTO "quiz_question" VALUES(36,'Which RAID level provides the highest fault tolerance, given an array of 3 disks?','hardware',3,'','With RAID 1, n-1 disks can fail without losing data. With RAID 3 and RAID 5 only one disk can fail. RAID 0 provides no fault tolerance at all.',1,'2013-07-07 05:04:38.004968','2013-07-07 05:04:38.004983');
INSERT INTO "quiz_question" VALUES(37,'Which is not essential for starting a computer with an operating system?','hardware',2,'','Harddisk is not essential. An operating system can be loaded from CD or a USB storage, for example. Everything else is essential (PSU is the Power Supply Unit).',1,'2013-07-07 05:04:38.023360','2013-07-07 05:04:38.023371');
INSERT INTO "quiz_question" VALUES(38,'Which operating system was not derived from a version of UNIX?','history',3,'','MINIX is a UNIX-like system but it was NOT derived from UNIX. The others can all be traced back to some version of UNIX.',1,'2013-07-07 05:04:38.042719','2013-07-07 05:04:38.042732');
INSERT INTO "quiz_question" VALUES(39,'Which operating system was the inspiration of Linux?','history',3,'','MINIX inspired Linus Torvalds to create Linux.',1,'2013-07-07 05:04:38.061792','2013-07-07 05:04:38.061804');
INSERT INTO "quiz_question" VALUES(40,'In what language was UNIX originally written?','history',3,'','UNIX was originally written in assembly language, and later rewritten in C.',1,'2013-07-07 05:04:38.080866','2013-07-07 05:04:38.080880');
INSERT INTO "quiz_question" VALUES(41,'Which Linux distribution appeared first?','linux',3,'','Knoppix, Ubuntu, Mint are all derivatives of Debian.',1,'2013-07-07 05:04:38.098356','2013-07-07 05:04:38.098368');
INSERT INTO "quiz_question" VALUES(42,'Which command can be used to configure a firewall in Linux?','linux',3,'','iptables is an administration tool for IPv4 packet filtering and NAT, a common firewall software in Linux.',1,'2013-07-07 05:04:38.119341','2013-07-07 05:04:38.119353');
INSERT INTO "quiz_question" VALUES(43,'In Linux, which command cannot be used to list the files in a directory?','linux',3,'','The dirs command shows the list of remembered directories (stored by the pushd command), it cannot be used to list the files in a directory.',1,'2013-07-07 05:04:38.355852','2013-07-07 05:04:38.355864');
INSERT INTO "quiz_question" VALUES(44,'Which is an example of input redirection in common shells?','linux',3,'','"<" is the input redirection operator in common shells, even in DOS.',1,'2013-07-07 05:04:38.375045','2013-07-07 05:04:38.375057');
INSERT INTO "quiz_question" VALUES(45,'Which environment variable in Linux is typically not an absolute path?','linux',3,'','LOGNAME is usually the username of the current user, not a path.',1,'2013-07-07 05:04:38.394055','2013-07-07 05:04:38.394067');
INSERT INTO "quiz_question" VALUES(46,'Which command cannot be used to send an email in Linux?','linux',3,'','groff is a document formatting system (for example rendering man pages) and cannot be used to send emails. Yes you can send an email with telnet, though it won''t be pretty.',1,'2013-07-07 05:04:38.415881','2013-07-07 05:04:38.415892');
INSERT INTO "quiz_question" VALUES(47,'In Linux, which file controls the number of available virtual terminals?','linux',3,'','The virtual terminals are configured in the /etc/inittab file.',1,'2013-07-07 05:04:38.438193','2013-07-07 05:04:38.438205');
INSERT INTO "quiz_question" VALUES(48,'In Linux, what information is usually NOT stored in /etc/passwd file?','linux',3,'','The password is usually stored in /etc/shadow, with more strict access permissions.',1,'2013-07-07 05:04:38.459872','2013-07-07 05:04:38.459885');
INSERT INTO "quiz_question" VALUES(49,'In Linux, which runlevel is a multi-user runlevel?','linux',3,'','Runlevels 2 to 5 are multi-user runlevels.',1,'2013-07-07 05:04:38.482959','2013-07-07 05:04:38.482970');
INSERT INTO "quiz_question" VALUES(50,'In Linux, what is the name of the process with PID 1?','linux',3,'','In Linux the "init" process is the parent of all processes, it gets the first PID which is 1.',1,'2013-07-07 05:04:38.503889','2013-07-07 05:04:38.503901');
INSERT INTO "quiz_question" VALUES(51,'In Linux, which signal cannot be trapped?','linux',3,'','The KILL signal is non-catchable, non-ignorable, immediately kills a process without possibility of cleaning up.',1,'2013-07-07 05:04:38.523203','2013-07-07 05:04:38.523216');
INSERT INTO "quiz_question" VALUES(52,'In Linux, which command can be used to check if a given PID is currently running or not?','linux',3,'','The output of kill -0 PID includes the text "No such process" if the process doesn''t exist. The command exits with 1 if the process does not exist or the user does not own it.',1,'2013-07-07 05:04:38.544496','2013-07-07 05:04:38.544509');
INSERT INTO "quiz_question" VALUES(53,'Which file might contain the following line: nameserver 192.168.1.1','network',3,'','The /etc/resolv.conf file is used to provide various information to DNS resolver.',1,'2013-07-07 05:04:38.564041','2013-07-07 05:04:38.564054');
INSERT INTO "quiz_question" VALUES(54,'Which is not essential for connecting to another computer on the same local area network?','network',3,'','It is not possible to connect to another computer without configuring a network interface with an IP address and correct netmask, and a route between the computers. A name server is optional.',1,'2013-07-07 05:04:38.582015','2013-07-07 05:04:38.582026');
INSERT INTO "quiz_question" VALUES(55,'Which of the following languages is NOT in the same group as LISP?','programming',3,'','LISP, R, Scheme, and Scala are all functional languages. C++ is an imperative language.',1,'2013-07-07 05:04:38.632569','2013-07-07 05:04:38.632582');
INSERT INTO "quiz_question" VALUES(56,'Which of the following languages is NOT in the same group as C++?','programming',3,'','C++, C, Java, and MATLAB, are all imperative languages. Haskell is a functional language.',1,'2013-07-07 05:04:38.650666','2013-07-07 05:04:38.650677');
INSERT INTO "quiz_question" VALUES(57,'Which of the following is NOT a programming language?','programming',3,'','CGI stands for Common Gateway Interface, a standard for dynamic generation of web pages by a web server. It is NOT a programming language.',1,'2013-07-07 05:04:38.667467','2013-07-07 05:04:38.667479');
INSERT INTO "quiz_question" VALUES(58,'Can you parse an HTML document using regular expressions?','programming',3,'','Regular expressions can only match regular languages but HTML is a context-free language. It is always possible to present a HTML file that will be matched wrongly by any regular expression.',1,'2013-07-07 05:04:38.687059','2013-07-07 05:04:38.687070');
INSERT INTO "quiz_question" VALUES(59,'Which is a good reason to use a LinkedList instead of an ArrayList?','programming',3,'','In a linked list, elements are chained together: each element has a pointer to the next. Insert and remove operations are more memory-efficient compared to an ArrayList, at the cost that random access of elements is less efficient.',1,'2013-07-07 05:04:38.705582','2013-07-07 05:04:38.705593');
INSERT INTO "quiz_question" VALUES(60,'What is the advantage of using an ArrayList instead of a LinkedList?','programming',3,'','Elements in an ArrayList can be accessed directly by a numeric index, but in a LinkedList you must travers the elements from the start or the end until the desired element.',1,'2013-07-07 05:04:38.725910','2013-07-07 05:04:38.725922');
INSERT INTO "quiz_question" VALUES(61,'What is the most likely cause of a stack overflow?','programming',3,'','A common cause of a stack overflow is very deep or infinite recursion, exhausting the address space of the call stack. A common solution is to improve the algorithm to reduce the depth of recursions.',1,'2013-07-07 05:04:38.744191','2013-07-07 05:04:38.744202');
INSERT INTO "quiz_question" VALUES(62,'What is wrong with static methods?','programming',3,'','Code calling static methods is hard to test because you cannot mock the static calls. Static methods in themselves are not hard to test. The other statements are true of static methods but don''t constitute a "problem".',1,'2013-07-07 05:04:38.762035','2013-07-07 05:04:38.762047');
INSERT INTO "quiz_question" VALUES(63,'What is CORBA used for?','programming',2,'','The Common Object Request Broker Architecture (CORBA) enables software components written in multiple computer languages and running on multiple computers to work together.',1,'2013-07-07 05:04:38.783770','2013-07-07 05:04:38.783782');
INSERT INTO "quiz_question" VALUES(64,'What can use a CRC function for?','programming',2,'','A cyclic redundancy check (CRC) is an error-detecting code commonly used in digital networks and storage devices to detect accidental changes to raw data.',1,'2013-07-07 05:04:38.801321','2013-07-07 05:04:38.801334');
INSERT INTO "quiz_question" VALUES(65,'Which is the most efficient way to implement low-latency communication between remote processes?','programming',2,'','A binary protocol yields the smallest possible footprint in the communication, which is often a significant boost compared to more verbose text-based protocols like SOAP or XML.',1,'2013-07-07 05:04:38.820366','2013-07-07 05:04:38.820378');
INSERT INTO "quiz_question" VALUES(66,'What is endianness about?','programming',2,'','Endian and endianness in the most common cases refers to how bytes are ordered.',1,'2013-07-07 05:04:38.839068','2013-07-07 05:04:38.839080');
INSERT INTO "quiz_question" VALUES(67,'In which scripting language is this a valid statement: cmd=/bin/cat.exe','scripting',2,'','This is a valid statement to assign the value "/bin/cat.exe" to the variable "cmd" in bash. The statement is not valid in the other languages.',1,'2013-07-07 05:04:38.857505','2013-07-07 05:04:38.857517');
INSERT INTO "quiz_question" VALUES(68,'How to redirect both stdout and stderr of a command to the same file?','scripting',3,'','One way to achive this is to first redirect stdout and then redirect stderr to whatever stdout is pointing to.',1,'2013-07-07 05:04:38.875790','2013-07-07 05:04:38.875802');
INSERT INTO "quiz_question" VALUES(69,'What is the weakest point in the computer security of a typical large firm?','security',3,'','The typical weakest point is the employees, as social engineering and human gallibility can often circumvent otherwise state of the art computer security system.',1,'2013-07-07 05:04:38.892209','2013-07-07 05:04:38.892221');
INSERT INTO "quiz_question" VALUES(70,'Which of these is the most dangerous security probing tool?','security',3,'','nmap is a sophisticated port scanner, and can reveal much more about a network than all the other tools combined.',1,'2013-07-07 05:04:38.910616','2013-07-07 05:04:38.910628');
INSERT INTO "quiz_question" VALUES(71,'What''s the worst thing that can happen if you configure nmap with suid root?','security',3,'','Privilege escalation could be used to create all the other damages. Except maybe releasing the kraken. Not sure.',1,'2013-07-07 05:04:38.929135','2013-07-07 05:04:38.929152');
INSERT INTO "quiz_question" VALUES(72,'In Linux, what is the best way to give read permission to everybody on a file?','security',3,'','The +r flag gives read permission to everybody on the system. 444 is not a good idea because it removes all other permissions that there might have been. Anybody taking the other options should be fired on the spot.',1,'2013-07-07 05:04:38.976615','2013-07-07 05:04:38.976626');
INSERT INTO "quiz_question" VALUES(73,'Which is the worst method for encrypting data?','security',3,'','sha1 is not an encryption method but a message digest method. The next worst method here is crypt, if you wanted to know... :)',1,'2013-07-07 05:04:38.994856','2013-07-07 05:04:38.994867');
INSERT INTO "quiz_question" VALUES(74,'What''s the scariest defect that can happen in a web application?','security',3,'','A buffer overflow can potentially lead to privilege escalation, which could be used to produce all the others and much worse.',1,'2013-07-07 05:04:39.054480','2013-07-07 05:04:39.054492');
INSERT INTO "quiz_question" VALUES(75,'Which C library function is the least unsafe?','security',3,'','Only the strncpy function checks bounds, the others don''t. Not checking bounds is very likely to lead to buffer overflow defects.',1,'2013-07-07 05:04:39.072921','2013-07-07 05:04:39.072933');
INSERT INTO "quiz_question" VALUES(76,'Which tool cannot be used to encrypt files?','security',3,'','encfs and TrueCrypt can be used to create encrypted directories, and openssl can be used to encrypt a stream of data. nmap is a network scanning tool, not for encryption.',1,'2013-07-07 05:04:39.092574','2013-07-07 05:04:39.092585');
INSERT INTO "quiz_question" VALUES(77,'Which tool cannot be used to find open ports in the local system?','security',3,'','ping can only send ICMP ECHO requests to hosts, it cannot be used to find open ports.',1,'2013-07-07 05:04:39.111839','2013-07-07 05:04:39.111851');
INSERT INTO "quiz_question" VALUES(78,'Which tool cannot be used to find open ports in a remote system?','security',3,'','Unlike the others, netstat cannot be used to scan arbitrary remote ports.',1,'2013-07-07 05:04:39.132048','2013-07-07 05:04:39.132061');
INSERT INTO "quiz_question" VALUES(79,'Which of these is NOT a web server software?','tools',3,'','X server is the server counterpart of the X Window System in UNIX, and has nothing to do with web servers.',1,'2013-07-07 05:04:39.168568','2013-07-07 05:04:39.168580');
INSERT INTO "quiz_question" VALUES(80,'Which of these is NOT a network analysis tool?','tools',3,'','tcpdump dumps traffic on a network; wireshark is a network traffic analyzer; nmap is a network security auditing tool; that leaves us with screen, which is a terminal multiplexer tool.',1,'2013-07-07 05:04:39.186998','2013-07-07 05:04:39.187010');
INSERT INTO "quiz_question" VALUES(81,'What is the purpose of the -h flag of the ls command in UNIX?','tools',3,'','When used together with the -l flag for long format, the -h makes the ls command print file sizes in human readable format like 1K, 234M, 2G.',1,'2013-07-07 05:04:39.205609','2013-07-07 05:04:39.205622');
INSERT INTO "quiz_question" VALUES(82,'Which one of these is NOT a Version Control System?','version-control',3,'','CSV stands for Comma Separated Values, it is a common file format, not a Version Control System.',1,'2013-07-07 05:04:39.225777','2013-07-07 05:04:39.225789');
INSERT INTO "quiz_question" VALUES(83,'Which one of these is a Distributed Version Control System?','version-control',3,'','These are all version control systems, but only Mercurial has a distributed model, the others use a client-server model.',1,'2013-07-07 05:04:39.247171','2013-07-07 05:04:39.247183');
INSERT INTO "quiz_question" VALUES(84,'What can be a disadvantage of a distributed VCS in comparison to a centralized VCS?','version-control',3,'','In a distributed VCS, initial cloning is typically slower, as the tool must download the entire project history. The other choices are disadvantages of centralized VCS.',1,'2013-07-07 05:04:39.266032','2013-07-07 05:04:39.266045');
INSERT INTO "quiz_question" VALUES(85,'In a version control system, which type of conflict can have an automatic resolution when merging branchA into branchB?','version-control',3,'','If branchA and branchB edited completely different parts of the file, that should be possible to resolve automatically. The other types of conflict require an explicit decision and action by a human.',1,'2013-07-07 05:04:39.284520','2013-07-07 05:04:39.284532');
INSERT INTO "quiz_question" VALUES(86,'What version control operation requires access to the server in a centralized VCS?','version-control',3,'','In a centralized VCS all operations that involve the history need to access the repository on the central server. The status, add, and mv commands can be performed without access to the server.',1,'2013-07-07 05:04:39.302640','2013-07-07 05:04:39.302652');
INSERT INTO "quiz_question" VALUES(87,'In web programming, what is the QUERY_STRING?','web-programming',3,'','The QUERY_STRING is the part of a URL after the question mark, not including the question mark itself, for example "search=hello&page=2".',1,'2013-07-07 05:04:39.320541','2013-07-07 05:04:39.320553');
INSERT INTO "quiz_question" VALUES(88,'Which one of these is NOT a common CGI environment variable?','web-programming',3,'','HTTP_USER_AGENT is the browser type of the visitor, HTTP_REFERER is the URL of the page that called the current one, and DOCUMENT_ROOT is the root directory of the server.',1,'2013-07-07 05:04:39.339054','2013-07-07 05:04:39.339067');
INSERT INTO "quiz_question" VALUES(89,'Which one of these is a common CGI environment variable?','web-programming',3,'','REMOTE_ADDR is the IP address of the visitor.',1,'2013-07-07 05:04:39.359993','2013-07-07 05:04:39.360006');
INSERT INTO "quiz_question" VALUES(90,'Which HTTP method was not part of the HTTP/1.0 specification?','web-programming',3,'','The OPTIONS method was added in the HTTP/1.1 specification.',1,'2013-07-07 05:04:39.380057','2013-07-07 05:04:39.380071');
INSERT INTO "quiz_question" VALUES(91,'What is the difference between the HTTP GET and HEAD methods?','web-programming',3,'','The response of a HEAD requests is a header identical to that of a GET request, but without a response body.',1,'2013-07-07 05:04:39.398516','2013-07-07 05:04:39.398529');
INSERT INTO "quiz_question" VALUES(92,'What is the status code of a successful HTTP request?','web-programming',3,'','"200 OK" is the standard response for successful HTTP requests.',1,'2013-07-07 05:04:39.417924','2013-07-07 05:04:39.417936');
INSERT INTO "quiz_question" VALUES(93,'Which one of these server responses is NOT part of the HTTP standard?','web-programming',3,'','404 is part of the standard but it means something else: "Not Found"',1,'2013-07-07 05:04:39.435844','2013-07-07 05:04:39.435856');
INSERT INTO "quiz_question" VALUES(94,'The 4xx class of HTTP status code indicates which type of error?','web-programming',3,'','Status codes in the class 4xx all indicate some kind of client error, such as requesting a non-existent page, or a syntax error in the request, just to name a few.',1,'2013-07-07 05:04:39.453915','2013-07-07 05:04:39.453927');
INSERT INTO "quiz_question" VALUES(95,'What was the limit of the header size in the HTTP/1.0 standard?','web-programming',3,'','The standard itself does not set a limit on the header size, but most implementations impose some limits for practical and security reasons.',1,'2013-07-07 05:04:39.472539','2013-07-07 05:04:39.472551');
INSERT INTO "quiz_question" VALUES(96,'What can you do with HTTP POST that you cannot do with HTTP GET?','web-programming',3,'','Uploading a file requires enclosing an entity in the request, which is supported by a POST request but not by a GET request.',1,'2013-07-07 05:04:39.490507','2013-07-07 05:04:39.490519');
INSERT INTO "quiz_question" VALUES(97,'What does CGI stand for in web programming?','web-programming',2,'','Common Gateway Interface, a standard for dynamic generation of web pages by a web server.',1,'2013-07-07 05:04:39.509613','2013-07-07 05:04:39.509625');
INSERT INTO "quiz_question" VALUES(98,'In web programming, where are cookies stored?','web-programming',2,'','Cookies are stored on the client side and sent to the server until expired',1,'2013-07-07 05:04:39.527909','2013-07-07 05:04:39.527922');
INSERT INTO "quiz_question" VALUES(99,'Which was the first version of Microsoft Windows that enforced preemptive multitasking?','windows',3,'','Windows NT was the first version of Microsoft Windows which enforced preemptive multitasking. Earlier versions used cooperative multitasking.',1,'2013-07-07 05:04:39.546005','2013-07-07 05:04:39.546005');
INSERT INTO "quiz_answer" VALUES(1,1,'O(n^2)',1,1,'2013-07-07 05:04:37.301046','2013-07-07 05:04:37.301061');
INSERT INTO "quiz_answer" VALUES(2,1,'O(n)',0,1,'2013-07-07 05:04:37.304471','2013-07-07 05:04:37.304489');
INSERT INTO "quiz_answer" VALUES(3,1,'O(1)',0,1,'2013-07-07 05:04:37.307596','2013-07-07 05:04:37.307611');
INSERT INTO "quiz_answer" VALUES(4,1,'O(n log n)',0,1,'2013-07-07 05:04:37.310377','2013-07-07 05:04:37.310392');
INSERT INTO "quiz_answer" VALUES(5,2,'O(n log n)',1,1,'2013-07-07 05:04:37.320541','2013-07-07 05:04:37.320556');
INSERT INTO "quiz_answer" VALUES(6,2,'O(n^2)',0,1,'2013-07-07 05:04:37.323838','2013-07-07 05:04:37.323854');
INSERT INTO "quiz_answer" VALUES(7,2,'O(n)',0,1,'2013-07-07 05:04:37.327198','2013-07-07 05:04:37.327212');
INSERT INTO "quiz_answer" VALUES(8,2,'O(1)',0,1,'2013-07-07 05:04:37.331309','2013-07-07 05:04:37.331324');
INSERT INTO "quiz_answer" VALUES(9,3,'heapsort',1,1,'2013-07-07 05:04:37.341769','2013-07-07 05:04:37.341783');
INSERT INTO "quiz_answer" VALUES(10,3,'bubble sort',0,1,'2013-07-07 05:04:37.345019','2013-07-07 05:04:37.345029');
INSERT INTO "quiz_answer" VALUES(11,3,'merge sort',0,1,'2013-07-07 05:04:37.347818','2013-07-07 05:04:37.347834');
INSERT INTO "quiz_answer" VALUES(12,3,'insertion sort',0,1,'2013-07-07 05:04:37.350705','2013-07-07 05:04:37.350718');
INSERT INTO "quiz_answer" VALUES(21,6,'Encrypt data',1,1,'2013-07-07 05:04:37.398890','2013-07-07 05:04:37.398905');
INSERT INTO "quiz_answer" VALUES(22,6,'Accelerate table lookup',0,1,'2013-07-07 05:04:37.402378','2013-07-07 05:04:37.402394');
INSERT INTO "quiz_answer" VALUES(23,6,'Accelerate data comparison',0,1,'2013-07-07 05:04:37.404749','2013-07-07 05:04:37.404763');
INSERT INTO "quiz_answer" VALUES(24,6,'Generate fixed length output data',0,1,'2013-07-07 05:04:37.407591','2013-07-07 05:04:37.407609');
INSERT INTO "quiz_answer" VALUES(25,7,'Hash functions are fast',1,1,'2013-07-07 05:04:37.417731','2013-07-07 05:04:37.417742');
INSERT INTO "quiz_answer" VALUES(26,7,'Hash functions are akin to lossy compression',0,1,'2013-07-07 05:04:37.420273','2013-07-07 05:04:37.420288');
INSERT INTO "quiz_answer" VALUES(27,7,'Hash functions return the same output for the same input',0,1,'2013-07-07 05:04:37.442514','2013-07-07 05:04:37.442532');
INSERT INTO "quiz_answer" VALUES(28,7,'Hash functions are related to checksums',0,1,'2013-07-07 05:04:37.445316','2013-07-07 05:04:37.445331');
INSERT INTO "quiz_answer" VALUES(29,8,'Make',1,1,'2013-07-07 05:04:37.455124','2013-07-07 05:04:37.455135');
INSERT INTO "quiz_answer" VALUES(30,8,'Apache Ant',0,1,'2013-07-07 05:04:37.457390','2013-07-07 05:04:37.457404');
INSERT INTO "quiz_answer" VALUES(31,8,'Apache Maven',0,1,'2013-07-07 05:04:37.459795','2013-07-07 05:04:37.459809');
INSERT INTO "quiz_answer" VALUES(32,8,'CMake',0,1,'2013-07-07 05:04:37.462197','2013-07-07 05:04:37.462210');
INSERT INTO "quiz_answer" VALUES(33,9,'Debug the source code',1,1,'2013-07-07 05:04:37.471844','2013-07-07 05:04:37.471857');
INSERT INTO "quiz_answer" VALUES(34,9,'Compile the source code',0,1,'2013-07-07 05:04:37.475245','2013-07-07 05:04:37.475260');
INSERT INTO "quiz_answer" VALUES(35,9,'Eliminate redundant tasks',0,1,'2013-07-07 05:04:37.477778','2013-07-07 05:04:37.477791');
INSERT INTO "quiz_answer" VALUES(36,9,'Execute unit tests',0,1,'2013-07-07 05:04:37.480644','2013-07-07 05:04:37.480655');
INSERT INTO "quiz_answer" VALUES(37,10,'package',1,1,'2013-07-07 05:04:37.491029','2013-07-07 05:04:37.491045');
INSERT INTO "quiz_answer" VALUES(38,10,'compile',0,1,'2013-07-07 05:04:37.493363','2013-07-07 05:04:37.493375');
INSERT INTO "quiz_answer" VALUES(39,10,'deploy',0,1,'2013-07-07 05:04:37.496025','2013-07-07 05:04:37.496039');
INSERT INTO "quiz_answer" VALUES(40,10,'install',0,1,'2013-07-07 05:04:37.498284','2013-07-07 05:04:37.498296');
INSERT INTO "quiz_answer" VALUES(41,11,'"make"',1,1,'2013-07-07 05:04:37.508673','2013-07-07 05:04:37.508685');
INSERT INTO "quiz_answer" VALUES(42,11,'"make universe"',0,1,'2013-07-07 05:04:37.511717','2013-07-07 05:04:37.511729');
INSERT INTO "quiz_answer" VALUES(43,11,'"make clean"',0,1,'2013-07-07 05:04:37.514244','2013-07-07 05:04:37.514257');
INSERT INTO "quiz_answer" VALUES(44,11,'"./run.sh"',0,1,'2013-07-07 05:04:37.517085','2013-07-07 05:04:37.517101');
INSERT INTO "quiz_answer" VALUES(45,12,'Remove generated files',1,1,'2013-07-07 05:04:37.527239','2013-07-07 05:04:37.527253');
INSERT INTO "quiz_answer" VALUES(46,12,'Detect and report bugs in the software',0,1,'2013-07-07 05:04:37.529937','2013-07-07 05:04:37.529975');
INSERT INTO "quiz_answer" VALUES(47,12,'Detect and eliminate bugs in the software',0,1,'2013-07-07 05:04:37.532310','2013-07-07 05:04:37.532324');
INSERT INTO "quiz_answer" VALUES(48,12,'Remove unknown files that don''t belong to the project',0,1,'2013-07-07 05:04:37.571566','2013-07-07 05:04:37.571589');
INSERT INTO "quiz_answer" VALUES(49,13,'A build tool based on Java',1,1,'2013-07-07 05:04:37.581482','2013-07-07 05:04:37.581493');
INSERT INTO "quiz_answer" VALUES(50,13,'An insect',0,1,'2013-07-07 05:04:37.584513','2013-07-07 05:04:37.584528');
INSERT INTO "quiz_answer" VALUES(51,13,'An IDE for the Java language',0,1,'2013-07-07 05:04:37.587812','2013-07-07 05:04:37.587825');
INSERT INTO "quiz_answer" VALUES(52,13,'A debugger for the Java language',0,1,'2013-07-07 05:04:37.590435','2013-07-07 05:04:37.590445');
INSERT INTO "quiz_answer" VALUES(53,14,'Makefile',1,1,'2013-07-07 05:04:37.599515','2013-07-07 05:04:37.599528');
INSERT INTO "quiz_answer" VALUES(54,14,'make.config',0,1,'2013-07-07 05:04:37.602066','2013-07-07 05:04:37.602081');
INSERT INTO "quiz_answer" VALUES(55,14,'config.ini',0,1,'2013-07-07 05:04:37.604816','2013-07-07 05:04:37.604832');
INSERT INTO "quiz_answer" VALUES(56,14,'build.xml',0,1,'2013-07-07 05:04:37.607405','2013-07-07 05:04:37.607420');
INSERT INTO "quiz_answer" VALUES(57,15,'build.xml',1,1,'2013-07-07 05:04:37.617505','2013-07-07 05:04:37.617516');
INSERT INTO "quiz_answer" VALUES(58,15,'Makefile',0,1,'2013-07-07 05:04:37.620085','2013-07-07 05:04:37.620099');
INSERT INTO "quiz_answer" VALUES(59,15,'ant.config',0,1,'2013-07-07 05:04:37.622928','2013-07-07 05:04:37.622943');
INSERT INTO "quiz_answer" VALUES(60,15,'config.ini',0,1,'2013-07-07 05:04:37.625668','2013-07-07 05:04:37.625680');
INSERT INTO "quiz_answer" VALUES(61,16,'pom.xml',1,1,'2013-07-07 05:04:37.636000','2013-07-07 05:04:37.636015');
INSERT INTO "quiz_answer" VALUES(62,16,'build.xml',0,1,'2013-07-07 05:04:37.639704','2013-07-07 05:04:37.639719');
INSERT INTO "quiz_answer" VALUES(63,16,'maven.config',0,1,'2013-07-07 05:04:37.642197','2013-07-07 05:04:37.642213');
INSERT INTO "quiz_answer" VALUES(64,16,'config.ini',0,1,'2013-07-07 05:04:37.645117','2013-07-07 05:04:37.645129');
INSERT INTO "quiz_answer" VALUES(65,17,'taskA: taskB',1,1,'2013-07-07 05:04:37.654885','2013-07-07 05:04:37.654904');
INSERT INTO "quiz_answer" VALUES(66,17,'taskB: taskA',0,1,'2013-07-07 05:04:37.657479','2013-07-07 05:04:37.657492');
INSERT INTO "quiz_answer" VALUES(67,17,'taskA -> taskB',0,1,'2013-07-07 05:04:37.660732','2013-07-07 05:04:37.660745');
INSERT INTO "quiz_answer" VALUES(68,17,'taskB -> taskA',0,1,'2013-07-07 05:04:37.663574','2013-07-07 05:04:37.663587');
INSERT INTO "quiz_answer" VALUES(69,18,'A B-tree is a generalization of the binary tree.',1,1,'2013-07-07 05:04:37.675032','2013-07-07 05:04:37.675048');
INSERT INTO "quiz_answer" VALUES(70,18,'No difference, they are synonyms.',0,1,'2013-07-07 05:04:37.678263','2013-07-07 05:04:37.678275');
INSERT INTO "quiz_answer" VALUES(71,18,'In a B-tree each node has two child nodes.',0,1,'2013-07-07 05:04:37.681004','2013-07-07 05:04:37.681017');
INSERT INTO "quiz_answer" VALUES(72,18,'In a binary tree each node has two child nodes.',0,1,'2013-07-07 05:04:37.683918','2013-07-07 05:04:37.683929');
INSERT INTO "quiz_answer" VALUES(73,19,'3',1,1,'2013-07-07 05:04:37.693338','2013-07-07 05:04:37.693349');
INSERT INTO "quiz_answer" VALUES(74,19,'2',0,1,'2013-07-07 05:04:37.696127','2013-07-07 05:04:37.696143');
INSERT INTO "quiz_answer" VALUES(75,19,'4',0,1,'2013-07-07 05:04:37.698452','2013-07-07 05:04:37.698465');
INSERT INTO "quiz_answer" VALUES(76,19,'6',0,1,'2013-07-07 05:04:37.700668','2013-07-07 05:04:37.700681');
INSERT INTO "quiz_answer" VALUES(77,20,'6',1,1,'2013-07-07 05:04:37.710531','2013-07-07 05:04:37.710544');
INSERT INTO "quiz_answer" VALUES(78,20,'2',0,1,'2013-07-07 05:04:37.713237','2013-07-07 05:04:37.713249');
INSERT INTO "quiz_answer" VALUES(79,20,'3',0,1,'2013-07-07 05:04:37.716018','2013-07-07 05:04:37.716031');
INSERT INTO "quiz_answer" VALUES(80,20,'4',0,1,'2013-07-07 05:04:37.718690','2013-07-07 05:04:37.718704');
INSERT INTO "quiz_answer" VALUES(81,21,'queue',1,1,'2013-07-07 05:04:37.727988','2013-07-07 05:04:37.728001');
INSERT INTO "quiz_answer" VALUES(82,21,'LIFO',0,1,'2013-07-07 05:04:37.730708','2013-07-07 05:04:37.730723');
INSERT INTO "quiz_answer" VALUES(83,21,'FILO',0,1,'2013-07-07 05:04:37.733076','2013-07-07 05:04:37.733088');
INSERT INTO "quiz_answer" VALUES(84,21,'stack',0,1,'2013-07-07 05:04:37.735680','2013-07-07 05:04:37.735694');
INSERT INTO "quiz_answer" VALUES(85,22,'Linked list',1,1,'2013-07-07 05:04:37.745965','2013-07-07 05:04:37.745978');
INSERT INTO "quiz_answer" VALUES(86,22,'Array list',0,1,'2013-07-07 05:04:37.748760','2013-07-07 05:04:37.748772');
INSERT INTO "quiz_answer" VALUES(87,22,'Hash map',0,1,'2013-07-07 05:04:37.751238','2013-07-07 05:04:37.751253');
INSERT INTO "quiz_answer" VALUES(88,22,'Hash set',0,1,'2013-07-07 05:04:37.753670','2013-07-07 05:04:37.753682');
INSERT INTO "quiz_answer" VALUES(89,23,'Oracle',1,1,'2013-07-07 05:04:37.763932','2013-07-07 05:04:37.763945');
INSERT INTO "quiz_answer" VALUES(90,23,'Sybase',0,1,'2013-07-07 05:04:37.766455','2013-07-07 05:04:37.766470');
INSERT INTO "quiz_answer" VALUES(91,23,'MySQL',0,1,'2013-07-07 05:04:37.770388','2013-07-07 05:04:37.770402');
INSERT INTO "quiz_answer" VALUES(92,23,'PostgreSQL',0,1,'2013-07-07 05:04:37.773857','2013-07-07 05:04:37.773871');
INSERT INTO "quiz_answer" VALUES(93,24,'INNER JOIN',1,1,'2013-07-07 05:04:37.783355','2013-07-07 05:04:37.783373');
INSERT INTO "quiz_answer" VALUES(94,24,'OUTER JOIN',0,1,'2013-07-07 05:04:37.786077','2013-07-07 05:04:37.786093');
INSERT INTO "quiz_answer" VALUES(95,24,'CROSS JOIN',0,1,'2013-07-07 05:04:37.788963','2013-07-07 05:04:37.788975');
INSERT INTO "quiz_answer" VALUES(96,24,'LEFT JOIN',0,1,'2013-07-07 05:04:37.791596','2013-07-07 05:04:37.791611');
INSERT INTO "quiz_answer" VALUES(97,25,'5 or more',1,1,'2013-07-07 05:04:37.801306','2013-07-07 05:04:37.801322');
INSERT INTO "quiz_answer" VALUES(98,25,'3 or more',0,1,'2013-07-07 05:04:37.803672','2013-07-07 05:04:37.803684');
INSERT INTO "quiz_answer" VALUES(99,25,'15',0,1,'2013-07-07 05:04:37.805827','2013-07-07 05:04:37.805838');
INSERT INTO "quiz_answer" VALUES(100,25,'It depends',0,1,'2013-07-07 05:04:37.808347','2013-07-07 05:04:37.808357');
INSERT INTO "quiz_answer" VALUES(101,26,'3 or more',1,1,'2013-07-07 05:04:37.819629','2013-07-07 05:04:37.819644');
INSERT INTO "quiz_answer" VALUES(102,26,'5 or more',0,1,'2013-07-07 05:04:37.822765','2013-07-07 05:04:37.822779');
INSERT INTO "quiz_answer" VALUES(103,26,'15',0,1,'2013-07-07 05:04:37.826016','2013-07-07 05:04:37.826029');
INSERT INTO "quiz_answer" VALUES(104,26,'It depends',0,1,'2013-07-07 05:04:37.829465','2013-07-07 05:04:37.829477');
INSERT INTO "quiz_answer" VALUES(105,27,'count(DepartmentID)',1,1,'2013-07-07 05:04:37.840428','2013-07-07 05:04:37.840442');
INSERT INTO "quiz_answer" VALUES(106,27,'count(*)',0,1,'2013-07-07 05:04:37.843291','2013-07-07 05:04:37.843308');
INSERT INTO "quiz_answer" VALUES(107,27,'count(1)',0,1,'2013-07-07 05:04:37.846256','2013-07-07 05:04:37.846268');
INSERT INTO "quiz_answer" VALUES(108,27,'count(null)',0,1,'2013-07-07 05:04:37.848804','2013-07-07 05:04:37.848817');
INSERT INTO "quiz_answer" VALUES(109,28,'SELECT DepartmentID, count(*) FROM Employee HAVING DepartmentID IS NOT NULL;',1,1,'2013-07-07 05:04:37.859986','2013-07-07 05:04:37.860000');
INSERT INTO "quiz_answer" VALUES(110,28,'SELECT DepartmentID, count(*) FROM Employee ORDER BY DepartmentID;',0,1,'2013-07-07 05:04:37.862806','2013-07-07 05:04:37.862818');
INSERT INTO "quiz_answer" VALUES(111,28,'SELECT DepartmentID, count(*) FROM Employee GROUP BY DepartmentID;',0,1,'2013-07-07 05:04:37.865630','2013-07-07 05:04:37.865641');
INSERT INTO "quiz_answer" VALUES(112,28,'SELECT DepartmentID, count(*) FROM Employee WHERE DepartmentID IS NOT NULL;',0,1,'2013-07-07 05:04:37.867935','2013-07-07 05:04:37.867944');
INSERT INTO "quiz_answer" VALUES(113,29,'SELECT * FROM Employee WHERE DepartmentID IS NULL;',1,1,'2013-07-07 05:04:37.877906','2013-07-07 05:04:37.877920');
INSERT INTO "quiz_answer" VALUES(114,29,'SELECT * FROM Employee WHERE DepartmentID = NULL;',0,1,'2013-07-07 05:04:37.880609','2013-07-07 05:04:37.880626');
INSERT INTO "quiz_answer" VALUES(115,29,'SELECT * FROM Employee WHERE DepartmentID EXISTS;',0,1,'2013-07-07 05:04:37.883771','2013-07-07 05:04:37.883815');
INSERT INTO "quiz_answer" VALUES(116,29,'SELECT * FROM Employee WHERE DepartmentID = 0;',0,1,'2013-07-07 05:04:37.886846','2013-07-07 05:04:37.886857');
INSERT INTO "quiz_answer" VALUES(117,30,'SELECT d.DepartmentID, count(*) c FROM Department d JOIN Employee e ON d.DepartmentID = e.DepartmentID GROUP BY d.DepartmentID ORDER BY c DESC LIMIT 1;',1,1,'2013-07-07 05:04:37.897731','2013-07-07 05:04:37.897742');
INSERT INTO "quiz_answer" VALUES(118,30,'SELECT d.DepartmentID, count(*) c FROM Department d JOIN Employee e ON d.DepartmentID = e.DepartmentID GROUP BY DepartmentID ORDER BY c DESC LIMIT 1;',0,1,'2013-07-07 05:04:37.900676','2013-07-07 05:04:37.900697');
INSERT INTO "quiz_answer" VALUES(119,30,'SELECT DepartmentID, count(*) c FROM Department d JOIN Employee e ON d.DepartmentID = e.DepartmentID GROUP BY d.DepartmentID ORDER BY c DESC LIMIT 1;',0,1,'2013-07-07 05:04:37.904369','2013-07-07 05:04:37.904384');
INSERT INTO "quiz_answer" VALUES(120,30,'SELECT d.DepartmentID, count(null) c FROM Department d JOIN Employee e ON d.DepartmentID = e.DepartmentID GROUP BY d.DepartmentID HAVING c = MAX(c);',0,1,'2013-07-07 05:04:37.907175','2013-07-07 05:04:37.907189');
INSERT INTO "quiz_answer" VALUES(121,31,'SELECT SYSDATE FROM DUAL',1,1,'2013-07-07 05:04:37.916840','2013-07-07 05:04:37.916852');
INSERT INTO "quiz_answer" VALUES(122,31,'SELECT SYSDATE() FROM DUAL',0,1,'2013-07-07 05:04:37.919683','2013-07-07 05:04:37.919695');
INSERT INTO "quiz_answer" VALUES(123,31,'SELECT GETDATE',0,1,'2013-07-07 05:04:37.922092','2013-07-07 05:04:37.922101');
INSERT INTO "quiz_answer" VALUES(124,31,'SELECT GETDATE()',0,1,'2013-07-07 05:04:37.924363','2013-07-07 05:04:37.924377');
INSERT INTO "quiz_answer" VALUES(125,32,'SELECT GETDATE()',1,1,'2013-07-07 05:04:37.933756','2013-07-07 05:04:37.933769');
INSERT INTO "quiz_answer" VALUES(126,32,'SELECT SYSDATE FROM DUAL',0,1,'2013-07-07 05:04:37.936891','2013-07-07 05:04:37.936905');
INSERT INTO "quiz_answer" VALUES(127,32,'SELECT SYSDATE() FROM DUAL',0,1,'2013-07-07 05:04:37.940199','2013-07-07 05:04:37.940210');
INSERT INTO "quiz_answer" VALUES(128,32,'SELECT GETDATE',0,1,'2013-07-07 05:04:37.942638','2013-07-07 05:04:37.942650');
INSERT INTO "quiz_answer" VALUES(129,33,'UNION ALL may return duplicate records',1,1,'2013-07-07 05:04:37.952459','2013-07-07 05:04:37.952547');
INSERT INTO "quiz_answer" VALUES(130,33,'They are the same, ALL is optional',0,1,'2013-07-07 05:04:37.954832','2013-07-07 05:04:37.954843');
INSERT INTO "quiz_answer" VALUES(131,33,'UNION ALL is incorrect syntax',0,1,'2013-07-07 05:04:37.957369','2013-07-07 05:04:37.957383');
INSERT INTO "quiz_answer" VALUES(132,33,'UNION is incorrect syntax',0,1,'2013-07-07 05:04:37.960005','2013-07-07 05:04:37.960018');
INSERT INTO "quiz_answer" VALUES(133,34,'Columns can be indexed.',1,1,'2013-07-07 05:04:37.971687','2013-07-07 05:04:37.971705');
INSERT INTO "quiz_answer" VALUES(134,34,'Data records always take less disk space in a database.',0,1,'2013-07-07 05:04:37.974505','2013-07-07 05:04:37.974518');
INSERT INTO "quiz_answer" VALUES(135,34,'Finding a data record is always faster using a database.',0,1,'2013-07-07 05:04:37.977122','2013-07-07 05:04:37.977135');
INSERT INTO "quiz_answer" VALUES(136,34,'Inserting a data record is always more efficient using a database.',0,1,'2013-07-07 05:04:37.980707','2013-07-07 05:04:37.980722');
INSERT INTO "quiz_answer" VALUES(137,35,'1',1,1,'2013-07-07 05:04:37.990601','2013-07-07 05:04:37.990615');
INSERT INTO "quiz_answer" VALUES(138,35,'0 (none)',0,1,'2013-07-07 05:04:37.992942','2013-07-07 05:04:37.992954');
INSERT INTO "quiz_answer" VALUES(139,35,'2',0,1,'2013-07-07 05:04:37.995680','2013-07-07 05:04:37.995690');
INSERT INTO "quiz_answer" VALUES(140,35,'3',0,1,'2013-07-07 05:04:37.998135','2013-07-07 05:04:37.998147');
INSERT INTO "quiz_answer" VALUES(141,36,'RAID 1',1,1,'2013-07-07 05:04:38.007759','2013-07-07 05:04:38.007773');
INSERT INTO "quiz_answer" VALUES(142,36,'RAID 0',0,1,'2013-07-07 05:04:38.010657','2013-07-07 05:04:38.010671');
INSERT INTO "quiz_answer" VALUES(143,36,'RAID 3',0,1,'2013-07-07 05:04:38.013691','2013-07-07 05:04:38.013702');
INSERT INTO "quiz_answer" VALUES(144,36,'RAID 5',0,1,'2013-07-07 05:04:38.016274','2013-07-07 05:04:38.016288');
INSERT INTO "quiz_answer" VALUES(145,37,'Harddisk',1,1,'2013-07-07 05:04:38.026698','2013-07-07 05:04:38.026713');
INSERT INTO "quiz_answer" VALUES(146,37,'Memory',0,1,'2013-07-07 05:04:38.030480','2013-07-07 05:04:38.030493');
INSERT INTO "quiz_answer" VALUES(147,37,'Motherboard',0,1,'2013-07-07 05:04:38.033093','2013-07-07 05:04:38.033103');
INSERT INTO "quiz_answer" VALUES(148,37,'PSU',0,1,'2013-07-07 05:04:38.035503','2013-07-07 05:04:38.035519');
INSERT INTO "quiz_answer" VALUES(149,38,'MINIX',1,1,'2013-07-07 05:04:38.045723','2013-07-07 05:04:38.045736');
INSERT INTO "quiz_answer" VALUES(150,38,'Mac OS X',0,1,'2013-07-07 05:04:38.048596','2013-07-07 05:04:38.048607');
INSERT INTO "quiz_answer" VALUES(151,38,'FreeBSD',0,1,'2013-07-07 05:04:38.051439','2013-07-07 05:04:38.051455');
INSERT INTO "quiz_answer" VALUES(152,38,'Solaris',0,1,'2013-07-07 05:04:38.054327','2013-07-07 05:04:38.054337');
INSERT INTO "quiz_answer" VALUES(153,39,'MINIX',1,1,'2013-07-07 05:04:38.064702','2013-07-07 05:04:38.064714');
INSERT INTO "quiz_answer" VALUES(154,39,'FreeBSD',0,1,'2013-07-07 05:04:38.066958','2013-07-07 05:04:38.066970');
INSERT INTO "quiz_answer" VALUES(155,39,'UNIX',0,1,'2013-07-07 05:04:38.069622','2013-07-07 05:04:38.069635');
INSERT INTO "quiz_answer" VALUES(156,39,'DOS',0,1,'2013-07-07 05:04:38.072209','2013-07-07 05:04:38.072224');
INSERT INTO "quiz_answer" VALUES(157,40,'Assembly',1,1,'2013-07-07 05:04:38.083558','2013-07-07 05:04:38.083572');
INSERT INTO "quiz_answer" VALUES(158,40,'B',0,1,'2013-07-07 05:04:38.086057','2013-07-07 05:04:38.086072');
INSERT INTO "quiz_answer" VALUES(159,40,'C',0,1,'2013-07-07 05:04:38.088809','2013-07-07 05:04:38.088830');
INSERT INTO "quiz_answer" VALUES(160,40,'Pascal',0,1,'2013-07-07 05:04:38.091428','2013-07-07 05:04:38.091440');
INSERT INTO "quiz_answer" VALUES(161,41,'Debian',1,1,'2013-07-07 05:04:38.100581','2013-07-07 05:04:38.100595');
INSERT INTO "quiz_answer" VALUES(162,41,'Mint',0,1,'2013-07-07 05:04:38.104292','2013-07-07 05:04:38.104307');
INSERT INTO "quiz_answer" VALUES(163,41,'Ubuntu',0,1,'2013-07-07 05:04:38.106950','2013-07-07 05:04:38.106962');
INSERT INTO "quiz_answer" VALUES(164,41,'Knoppix',0,1,'2013-07-07 05:04:38.109136','2013-07-07 05:04:38.109146');
INSERT INTO "quiz_answer" VALUES(165,42,'iptables',1,1,'2013-07-07 05:04:38.176389','2013-07-07 05:04:38.176433');
INSERT INTO "quiz_answer" VALUES(166,42,'ipconfig',0,1,'2013-07-07 05:04:38.215768','2013-07-07 05:04:38.215792');
INSERT INTO "quiz_answer" VALUES(167,42,'ifconfig',0,1,'2013-07-07 05:04:38.308012','2013-07-07 05:04:38.308030');
INSERT INTO "quiz_answer" VALUES(168,42,'netstat',0,1,'2013-07-07 05:04:38.348676','2013-07-07 05:04:38.348697');
INSERT INTO "quiz_answer" VALUES(169,43,'dirs',1,1,'2013-07-07 05:04:38.358770','2013-07-07 05:04:38.358782');
INSERT INTO "quiz_answer" VALUES(170,43,'ls',0,1,'2013-07-07 05:04:38.361826','2013-07-07 05:04:38.361842');
INSERT INTO "quiz_answer" VALUES(171,43,'tree',0,1,'2013-07-07 05:04:38.364585','2013-07-07 05:04:38.364599');
INSERT INTO "quiz_answer" VALUES(172,43,'echo',0,1,'2013-07-07 05:04:38.367536','2013-07-07 05:04:38.367548');
INSERT INTO "quiz_answer" VALUES(173,44,'sort < data.txt',1,1,'2013-07-07 05:04:38.377826','2013-07-07 05:04:38.377837');
INSERT INTO "quiz_answer" VALUES(174,44,'cat data.txt | sort',0,1,'2013-07-07 05:04:38.381049','2013-07-07 05:04:38.381063');
INSERT INTO "quiz_answer" VALUES(175,44,'sort data.txt',0,1,'2013-07-07 05:04:38.383501','2013-07-07 05:04:38.383514');
INSERT INTO "quiz_answer" VALUES(176,44,'sort data.txt &',0,1,'2013-07-07 05:04:38.386575','2013-07-07 05:04:38.386588');
INSERT INTO "quiz_answer" VALUES(177,45,'LOGNAME',1,1,'2013-07-07 05:04:38.398300','2013-07-07 05:04:38.398319');
INSERT INTO "quiz_answer" VALUES(178,45,'PWD',0,1,'2013-07-07 05:04:38.401446','2013-07-07 05:04:38.401460');
INSERT INTO "quiz_answer" VALUES(179,45,'HOME',0,1,'2013-07-07 05:04:38.404938','2013-07-07 05:04:38.404957');
INSERT INTO "quiz_answer" VALUES(180,45,'SHELL',0,1,'2013-07-07 05:04:38.408498','2013-07-07 05:04:38.408516');
INSERT INTO "quiz_answer" VALUES(181,46,'groff',1,1,'2013-07-07 05:04:38.419192','2013-07-07 05:04:38.419203');
INSERT INTO "quiz_answer" VALUES(182,46,'telnet',0,1,'2013-07-07 05:04:38.422230','2013-07-07 05:04:38.422243');
INSERT INTO "quiz_answer" VALUES(183,46,'mailx',0,1,'2013-07-07 05:04:38.425800','2013-07-07 05:04:38.425816');
INSERT INTO "quiz_answer" VALUES(184,46,'mutt',0,1,'2013-07-07 05:04:38.429256','2013-07-07 05:04:38.429270');
INSERT INTO "quiz_answer" VALUES(185,47,'/etc/inittab',1,1,'2013-07-07 05:04:38.441041','2013-07-07 05:04:38.441053');
INSERT INTO "quiz_answer" VALUES(186,47,'/etc/virttab',0,1,'2013-07-07 05:04:38.444241','2013-07-07 05:04:38.444260');
INSERT INTO "quiz_answer" VALUES(187,47,'/etc/fstab',0,1,'2013-07-07 05:04:38.448187','2013-07-07 05:04:38.448214');
INSERT INTO "quiz_answer" VALUES(188,47,'/etc/mtab',0,1,'2013-07-07 05:04:38.451618','2013-07-07 05:04:38.451633');
INSERT INTO "quiz_answer" VALUES(189,48,'Password',1,1,'2013-07-07 05:04:38.463889','2013-07-07 05:04:38.463907');
INSERT INTO "quiz_answer" VALUES(190,48,'Username',0,1,'2013-07-07 05:04:38.467250','2013-07-07 05:04:38.467266');
INSERT INTO "quiz_answer" VALUES(191,48,'Shell',0,1,'2013-07-07 05:04:38.470711','2013-07-07 05:04:38.470730');
INSERT INTO "quiz_answer" VALUES(192,48,'Home directory',0,1,'2013-07-07 05:04:38.474977','2013-07-07 05:04:38.474993');
INSERT INTO "quiz_answer" VALUES(193,49,'2',1,1,'2013-07-07 05:04:38.486214','2013-07-07 05:04:38.486228');
INSERT INTO "quiz_answer" VALUES(194,49,'S',0,1,'2013-07-07 05:04:38.488864','2013-07-07 05:04:38.488879');
INSERT INTO "quiz_answer" VALUES(195,49,'1',0,1,'2013-07-07 05:04:38.491809','2013-07-07 05:04:38.491819');
INSERT INTO "quiz_answer" VALUES(196,49,'6',0,1,'2013-07-07 05:04:38.495771','2013-07-07 05:04:38.495790');
INSERT INTO "quiz_answer" VALUES(197,50,'init',1,1,'2013-07-07 05:04:38.507605','2013-07-07 05:04:38.507619');
INSERT INTO "quiz_answer" VALUES(198,50,'kernel',0,1,'2013-07-07 05:04:38.510414','2013-07-07 05:04:38.510427');
INSERT INTO "quiz_answer" VALUES(199,50,'root',0,1,'2013-07-07 05:04:38.513552','2013-07-07 05:04:38.513571');
INSERT INTO "quiz_answer" VALUES(200,50,'launchd',0,1,'2013-07-07 05:04:38.516490','2013-07-07 05:04:38.516504');
INSERT INTO "quiz_answer" VALUES(201,51,'9 KILL',1,1,'2013-07-07 05:04:38.526069','2013-07-07 05:04:38.526082');
INSERT INTO "quiz_answer" VALUES(202,51,'3 QUIT',0,1,'2013-07-07 05:04:38.529311','2013-07-07 05:04:38.529326');
INSERT INTO "quiz_answer" VALUES(203,51,'6 ABRT',0,1,'2013-07-07 05:04:38.532570','2013-07-07 05:04:38.532593');
INSERT INTO "quiz_answer" VALUES(204,51,'15 TERM',0,1,'2013-07-07 05:04:38.536397','2013-07-07 05:04:38.536412');
INSERT INTO "quiz_answer" VALUES(205,52,'kill',1,1,'2013-07-07 05:04:38.547687','2013-07-07 05:04:38.547702');
INSERT INTO "quiz_answer" VALUES(206,52,'netstat',0,1,'2013-07-07 05:04:38.551335','2013-07-07 05:04:38.551351');
INSERT INTO "quiz_answer" VALUES(207,52,'top',0,1,'2013-07-07 05:04:38.554207','2013-07-07 05:04:38.554222');
INSERT INTO "quiz_answer" VALUES(208,52,'lsof',0,1,'2013-07-07 05:04:38.556886','2013-07-07 05:04:38.556899');
INSERT INTO "quiz_answer" VALUES(209,53,'/etc/resolv.conf',1,1,'2013-07-07 05:04:38.567048','2013-07-07 05:04:38.567062');
INSERT INTO "quiz_answer" VALUES(210,53,'/etc/hosts',0,1,'2013-07-07 05:04:38.569663','2013-07-07 05:04:38.569674');
INSERT INTO "quiz_answer" VALUES(211,53,'/etc/rc.common',0,1,'2013-07-07 05:04:38.572322','2013-07-07 05:04:38.572334');
INSERT INTO "quiz_answer" VALUES(212,53,'/etc/bashrc',0,1,'2013-07-07 05:04:38.575065','2013-07-07 05:04:38.575077');
INSERT INTO "quiz_answer" VALUES(213,54,'name server configuration',1,1,'2013-07-07 05:04:38.584582','2013-07-07 05:04:38.584592');
INSERT INTO "quiz_answer" VALUES(214,54,'route configuration',0,1,'2013-07-07 05:04:38.587481','2013-07-07 05:04:38.587492');
INSERT INTO "quiz_answer" VALUES(215,54,'IP address configuration',0,1,'2013-07-07 05:04:38.621109','2013-07-07 05:04:38.621152');
INSERT INTO "quiz_answer" VALUES(216,54,'netmask configuration',0,1,'2013-07-07 05:04:38.624405','2013-07-07 05:04:38.624419');
INSERT INTO "quiz_answer" VALUES(217,55,'C++',1,1,'2013-07-07 05:04:38.636064','2013-07-07 05:04:38.636078');
INSERT INTO "quiz_answer" VALUES(218,55,'R',0,1,'2013-07-07 05:04:38.638938','2013-07-07 05:04:38.638952');
INSERT INTO "quiz_answer" VALUES(219,55,'Scheme',0,1,'2013-07-07 05:04:38.641661','2013-07-07 05:04:38.641672');
INSERT INTO "quiz_answer" VALUES(220,55,'Scala',0,1,'2013-07-07 05:04:38.643782','2013-07-07 05:04:38.643794');
INSERT INTO "quiz_answer" VALUES(221,56,'Haskell',1,1,'2013-07-07 05:04:38.653165','2013-07-07 05:04:38.653175');
INSERT INTO "quiz_answer" VALUES(222,56,'C',0,1,'2013-07-07 05:04:38.655692','2013-07-07 05:04:38.655707');
INSERT INTO "quiz_answer" VALUES(223,56,'Java',0,1,'2013-07-07 05:04:38.658224','2013-07-07 05:04:38.658235');
INSERT INTO "quiz_answer" VALUES(224,56,'MATLAB',0,1,'2013-07-07 05:04:38.660506','2013-07-07 05:04:38.660516');
INSERT INTO "quiz_answer" VALUES(225,57,'CGI',1,1,'2013-07-07 05:04:38.670470','2013-07-07 05:04:38.670485');
INSERT INTO "quiz_answer" VALUES(226,57,'Bash',0,1,'2013-07-07 05:04:38.673760','2013-07-07 05:04:38.673772');
INSERT INTO "quiz_answer" VALUES(227,57,'R',0,1,'2013-07-07 05:04:38.676640','2013-07-07 05:04:38.676653');
INSERT INTO "quiz_answer" VALUES(228,57,'Python',0,1,'2013-07-07 05:04:38.679359','2013-07-07 05:04:38.679371');
INSERT INTO "quiz_answer" VALUES(229,58,'No, because HTML is not a regular language',1,1,'2013-07-07 05:04:38.689727','2013-07-07 05:04:38.689741');
INSERT INTO "quiz_answer" VALUES(230,58,'Yes, you can parse anything using regular expressions',0,1,'2013-07-07 05:04:38.692914','2013-07-07 05:04:38.692925');
INSERT INTO "quiz_answer" VALUES(231,58,'Yes, but only if it contains only ASCII characters',0,1,'2013-07-07 05:04:38.695674','2013-07-07 05:04:38.695688');
INSERT INTO "quiz_answer" VALUES(232,58,'Yes, because HTML is a context-free language',0,1,'2013-07-07 05:04:38.698447','2013-07-07 05:04:38.698457');
INSERT INTO "quiz_answer" VALUES(233,59,'I will only access elements by traversing from the beginning',1,1,'2013-07-07 05:04:38.708361','2013-07-07 05:04:38.708372');
INSERT INTO "quiz_answer" VALUES(234,59,'LinkedList is more efficient than ArrayList in most practical cases',0,1,'2013-07-07 05:04:38.710873','2013-07-07 05:04:38.710886');
INSERT INTO "quiz_answer" VALUES(235,59,'LinkedList uses a hashmap internally',0,1,'2013-07-07 05:04:38.714312','2013-07-07 05:04:38.714326');
INSERT INTO "quiz_answer" VALUES(236,59,'I can access any element in a LinkedList very fast',0,1,'2013-07-07 05:04:38.718609','2013-07-07 05:04:38.718622');
INSERT INTO "quiz_answer" VALUES(237,60,'Accessing elements by index is faster',1,1,'2013-07-07 05:04:38.729066','2013-07-07 05:04:38.729077');
INSERT INTO "quiz_answer" VALUES(238,60,'Traversal of elements from start to end is faster',0,1,'2013-07-07 05:04:38.731900','2013-07-07 05:04:38.731914');
INSERT INTO "quiz_answer" VALUES(239,60,'ArrayList uses less memory than a LinkedList',0,1,'2013-07-07 05:04:38.734357','2013-07-07 05:04:38.734368');
INSERT INTO "quiz_answer" VALUES(240,60,'Removing an element in the middle of the list is faster',0,1,'2013-07-07 05:04:38.736967','2013-07-07 05:04:38.736981');
INSERT INTO "quiz_answer" VALUES(241,61,'Too deep recursion when using a recursive function',1,1,'2013-07-07 05:04:38.746595','2013-07-07 05:04:38.746605');
INSERT INTO "quiz_answer" VALUES(242,61,'Trying to access an array element by an index beyond the end of the array',0,1,'2013-07-07 05:04:38.749454','2013-07-07 05:04:38.749464');
INSERT INTO "quiz_answer" VALUES(243,61,'Trying to access an array element by a negative index',0,1,'2013-07-07 05:04:38.751748','2013-07-07 05:04:38.751758');
INSERT INTO "quiz_answer" VALUES(244,61,'The stack size limit is not set to unlimited in your system',0,1,'2013-07-07 05:04:38.754613','2013-07-07 05:04:38.754628');
INSERT INTO "quiz_answer" VALUES(245,62,'Code calling static methods is hard to test',1,1,'2013-07-07 05:04:38.764463','2013-07-07 05:04:38.764477');
INSERT INTO "quiz_answer" VALUES(246,62,'Static methods are hard to test',0,1,'2013-07-07 05:04:38.767084','2013-07-07 05:04:38.767096');
INSERT INTO "quiz_answer" VALUES(247,62,'Static methods don''t require an instance of the class',0,1,'2013-07-07 05:04:38.769898','2013-07-07 05:04:38.769910');
INSERT INTO "quiz_answer" VALUES(248,62,'Static methods cannot access the data of instances',0,1,'2013-07-07 05:04:38.772500','2013-07-07 05:04:38.772513');
INSERT INTO "quiz_answer" VALUES(249,63,'Interprocess communication',1,1,'2013-07-07 05:04:38.785999','2013-07-07 05:04:38.786009');
INSERT INTO "quiz_answer" VALUES(250,63,'Memory management',0,1,'2013-07-07 05:04:38.788017','2013-07-07 05:04:38.788027');
INSERT INTO "quiz_answer" VALUES(251,63,'Schedule management',0,1,'2013-07-07 05:04:38.790479','2013-07-07 05:04:38.790496');
INSERT INTO "quiz_answer" VALUES(252,63,'Data encryption',0,1,'2013-07-07 05:04:38.793616','2013-07-07 05:04:38.793631');
INSERT INTO "quiz_answer" VALUES(253,64,'Detect accidental changes to raw data',1,1,'2013-07-07 05:04:38.803729','2013-07-07 05:04:38.803741');
INSERT INTO "quiz_answer" VALUES(254,64,'Encrypt data',0,1,'2013-07-07 05:04:38.805980','2013-07-07 05:04:38.805994');
INSERT INTO "quiz_answer" VALUES(255,64,'Serialize data',0,1,'2013-07-07 05:04:38.809599','2013-07-07 05:04:38.809614');
INSERT INTO "quiz_answer" VALUES(256,64,'Compress data',0,1,'2013-07-07 05:04:38.812165','2013-07-07 05:04:38.812177');
INSERT INTO "quiz_answer" VALUES(257,65,'Binary protocol',1,1,'2013-07-07 05:04:38.823235','2013-07-07 05:04:38.823246');
INSERT INTO "quiz_answer" VALUES(258,65,'SOAP-based protocol',0,1,'2013-07-07 05:04:38.826269','2013-07-07 05:04:38.826281');
INSERT INTO "quiz_answer" VALUES(259,65,'XML-based protocol',0,1,'2013-07-07 05:04:38.828569','2013-07-07 05:04:38.828582');
INSERT INTO "quiz_answer" VALUES(260,65,'Text-based protocol',0,1,'2013-07-07 05:04:38.831674','2013-07-07 05:04:38.831689');
INSERT INTO "quiz_answer" VALUES(261,66,'Ordering of bytes',1,1,'2013-07-07 05:04:38.842082','2013-07-07 05:04:38.842095');
INSERT INTO "quiz_answer" VALUES(262,66,'Operating systems',0,1,'2013-07-07 05:04:38.844566','2013-07-07 05:04:38.844580');
INSERT INTO "quiz_answer" VALUES(263,66,'Network file transfer',0,1,'2013-07-07 05:04:38.847161','2013-07-07 05:04:38.847171');
INSERT INTO "quiz_answer" VALUES(264,66,'Memory management',0,1,'2013-07-07 05:04:38.849484','2013-07-07 05:04:38.849498');
INSERT INTO "quiz_answer" VALUES(265,67,'bash',1,1,'2013-07-07 05:04:38.860176','2013-07-07 05:04:38.860190');
INSERT INTO "quiz_answer" VALUES(266,67,'perl',0,1,'2013-07-07 05:04:38.862677','2013-07-07 05:04:38.862688');
INSERT INTO "quiz_answer" VALUES(267,67,'python',0,1,'2013-07-07 05:04:38.865346','2013-07-07 05:04:38.865364');
INSERT INTO "quiz_answer" VALUES(268,67,'DOS',0,1,'2013-07-07 05:04:38.868016','2013-07-07 05:04:38.868047');
INSERT INTO "quiz_answer" VALUES(269,68,'somecmd >file.out 2>&1',1,1,'2013-07-07 05:04:38.878006','2013-07-07 05:04:38.878020');
INSERT INTO "quiz_answer" VALUES(270,68,'somecmd >file.out 2>>&1',0,1,'2013-07-07 05:04:38.880516','2013-07-07 05:04:38.880527');
INSERT INTO "quiz_answer" VALUES(271,68,'somecmd 2>&1 >file.out',0,1,'2013-07-07 05:04:38.882940','2013-07-07 05:04:38.882954');
INSERT INTO "quiz_answer" VALUES(272,68,'somecmd 2>&1 >>file.out',0,1,'2013-07-07 05:04:38.885289','2013-07-07 05:04:38.885300');
INSERT INTO "quiz_answer" VALUES(273,69,'The employees',1,1,'2013-07-07 05:04:38.894591','2013-07-07 05:04:38.894605');
INSERT INTO "quiz_answer" VALUES(274,69,'The firewall software used',0,1,'2013-07-07 05:04:38.897351','2013-07-07 05:04:38.897364');
INSERT INTO "quiz_answer" VALUES(275,69,'The antivirus software used',0,1,'2013-07-07 05:04:38.900560','2013-07-07 05:04:38.900575');
INSERT INTO "quiz_answer" VALUES(276,69,'The intranet software used',0,1,'2013-07-07 05:04:38.903162','2013-07-07 05:04:38.903175');
INSERT INTO "quiz_answer" VALUES(277,70,'nmap',1,1,'2013-07-07 05:04:38.913216','2013-07-07 05:04:38.913234');
INSERT INTO "quiz_answer" VALUES(278,70,'ping',0,1,'2013-07-07 05:04:38.916071','2013-07-07 05:04:38.916086');
INSERT INTO "quiz_answer" VALUES(279,70,'ifconfig',0,1,'2013-07-07 05:04:38.918948','2013-07-07 05:04:38.918960');
INSERT INTO "quiz_answer" VALUES(280,70,'telnet',0,1,'2013-07-07 05:04:38.921613','2013-07-07 05:04:38.921625');
INSERT INTO "quiz_answer" VALUES(281,71,'It could be used for privilege escalation',1,1,'2013-07-07 05:04:38.932029','2013-07-07 05:04:38.932043');
INSERT INTO "quiz_answer" VALUES(282,71,'It could be used to completely jam a network with DOS attacks',0,1,'2013-07-07 05:04:38.934758','2013-07-07 05:04:38.934771');
INSERT INTO "quiz_answer" VALUES(283,71,'It could be used to delete all files in the system',0,1,'2013-07-07 05:04:38.937794','2013-07-07 05:04:38.937808');
INSERT INTO "quiz_answer" VALUES(284,71,'It could be used to unleash the kraken',0,1,'2013-07-07 05:04:38.941242','2013-07-07 05:04:38.941256');
INSERT INTO "quiz_answer" VALUES(285,72,'chmod +r file.txt',1,1,'2013-07-07 05:04:38.979283','2013-07-07 05:04:38.979293');
INSERT INTO "quiz_answer" VALUES(286,72,'chmod 777 file.txt',0,1,'2013-07-07 05:04:38.982151','2013-07-07 05:04:38.982162');
INSERT INTO "quiz_answer" VALUES(287,72,'chmod 4777 file.txt',0,1,'2013-07-07 05:04:38.985193','2013-07-07 05:04:38.985209');
INSERT INTO "quiz_answer" VALUES(288,72,'chmod 444 file.txt',0,1,'2013-07-07 05:04:38.988132','2013-07-07 05:04:38.988144');
INSERT INTO "quiz_answer" VALUES(289,73,'sha1',1,1,'2013-07-07 05:04:38.998030','2013-07-07 05:04:38.998044');
INSERT INTO "quiz_answer" VALUES(290,73,'des3',0,1,'2013-07-07 05:04:39.000719','2013-07-07 05:04:39.000735');
INSERT INTO "quiz_answer" VALUES(291,73,'aes-128-cbc',0,1,'2013-07-07 05:04:39.004826','2013-07-07 05:04:39.004842');
INSERT INTO "quiz_answer" VALUES(292,73,'crypt',0,1,'2013-07-07 05:04:39.043293','2013-07-07 05:04:39.043310');
INSERT INTO "quiz_answer" VALUES(293,74,'Buffer overflow',1,1,'2013-07-07 05:04:39.058269','2013-07-07 05:04:39.058285');
INSERT INTO "quiz_answer" VALUES(294,74,'Blue screen of death',0,1,'2013-07-07 05:04:39.060925','2013-07-07 05:04:39.060938');
INSERT INTO "quiz_answer" VALUES(295,74,'Denial of service',0,1,'2013-07-07 05:04:39.063804','2013-07-07 05:04:39.063816');
INSERT INTO "quiz_answer" VALUES(296,74,'NullPointerException',0,1,'2013-07-07 05:04:39.066170','2013-07-07 05:04:39.066183');
INSERT INTO "quiz_answer" VALUES(297,75,'strncpy',1,1,'2013-07-07 05:04:39.075915','2013-07-07 05:04:39.075925');
INSERT INTO "quiz_answer" VALUES(298,75,'strcpy',0,1,'2013-07-07 05:04:39.079262','2013-07-07 05:04:39.079276');
INSERT INTO "quiz_answer" VALUES(299,75,'gets',0,1,'2013-07-07 05:04:39.082223','2013-07-07 05:04:39.082238');
INSERT INTO "quiz_answer" VALUES(300,75,'scanf',0,1,'2013-07-07 05:04:39.085278','2013-07-07 05:04:39.085291');
INSERT INTO "quiz_answer" VALUES(301,76,'nmap',1,1,'2013-07-07 05:04:39.095047','2013-07-07 05:04:39.095060');
INSERT INTO "quiz_answer" VALUES(302,76,'encfs',0,1,'2013-07-07 05:04:39.098130','2013-07-07 05:04:39.098146');
INSERT INTO "quiz_answer" VALUES(303,76,'openssl',0,1,'2013-07-07 05:04:39.101233','2013-07-07 05:04:39.101248');
INSERT INTO "quiz_answer" VALUES(304,76,'TrueCrypt',0,1,'2013-07-07 05:04:39.104260','2013-07-07 05:04:39.104274');
INSERT INTO "quiz_answer" VALUES(305,77,'ping',1,1,'2013-07-07 05:04:39.115671','2013-07-07 05:04:39.115687');
INSERT INTO "quiz_answer" VALUES(306,77,'nmap',0,1,'2013-07-07 05:04:39.118287','2013-07-07 05:04:39.118300');
INSERT INTO "quiz_answer" VALUES(307,77,'telnet',0,1,'2013-07-07 05:04:39.121183','2013-07-07 05:04:39.121197');
INSERT INTO "quiz_answer" VALUES(308,77,'netstat',0,1,'2013-07-07 05:04:39.123801','2013-07-07 05:04:39.123815');
INSERT INTO "quiz_answer" VALUES(309,78,'netstat',1,1,'2013-07-07 05:04:39.134824','2013-07-07 05:04:39.134838');
INSERT INTO "quiz_answer" VALUES(310,78,'nmap',0,1,'2013-07-07 05:04:39.137944','2013-07-07 05:04:39.137957');
INSERT INTO "quiz_answer" VALUES(311,78,'telnet',0,1,'2013-07-07 05:04:39.157602','2013-07-07 05:04:39.157618');
INSERT INTO "quiz_answer" VALUES(312,78,'curl',0,1,'2013-07-07 05:04:39.160761','2013-07-07 05:04:39.160776');
INSERT INTO "quiz_answer" VALUES(313,79,'X server',1,1,'2013-07-07 05:04:39.171352','2013-07-07 05:04:39.171369');
INSERT INTO "quiz_answer" VALUES(314,79,'nginx',0,1,'2013-07-07 05:04:39.174459','2013-07-07 05:04:39.174473');
INSERT INTO "quiz_answer" VALUES(315,79,'Apache',0,1,'2013-07-07 05:04:39.177282','2013-07-07 05:04:39.177298');
INSERT INTO "quiz_answer" VALUES(316,79,'Lighttpd',0,1,'2013-07-07 05:04:39.179921','2013-07-07 05:04:39.179936');
INSERT INTO "quiz_answer" VALUES(317,80,'screen',1,1,'2013-07-07 05:04:39.189850','2013-07-07 05:04:39.189863');
INSERT INTO "quiz_answer" VALUES(318,80,'nmap',0,1,'2013-07-07 05:04:39.192902','2013-07-07 05:04:39.192918');
INSERT INTO "quiz_answer" VALUES(319,80,'tcpdump',0,1,'2013-07-07 05:04:39.195484','2013-07-07 05:04:39.195501');
INSERT INTO "quiz_answer" VALUES(320,80,'wireshark',0,1,'2013-07-07 05:04:39.198110','2013-07-07 05:04:39.198120');
INSERT INTO "quiz_answer" VALUES(321,81,'Print file sizes in human readable format',1,1,'2013-07-07 05:04:39.209422','2013-07-07 05:04:39.209436');
INSERT INTO "quiz_answer" VALUES(322,81,'Print short help message',0,1,'2013-07-07 05:04:39.212029','2013-07-07 05:04:39.212042');
INSERT INTO "quiz_answer" VALUES(323,81,'Print long help message',0,1,'2013-07-07 05:04:39.215906','2013-07-07 05:04:39.215923');
INSERT INTO "quiz_answer" VALUES(324,81,'Print hidden files',0,1,'2013-07-07 05:04:39.218755','2013-07-07 05:04:39.218771');
INSERT INTO "quiz_answer" VALUES(325,82,'CSV',1,1,'2013-07-07 05:04:39.228400','2013-07-07 05:04:39.228414');
INSERT INTO "quiz_answer" VALUES(326,82,'Bazaar',0,1,'2013-07-07 05:04:39.231456','2013-07-07 05:04:39.231471');
INSERT INTO "quiz_answer" VALUES(327,82,'Subversion',0,1,'2013-07-07 05:04:39.234587','2013-07-07 05:04:39.234605');
INSERT INTO "quiz_answer" VALUES(328,82,'CVS',0,1,'2013-07-07 05:04:39.238290','2013-07-07 05:04:39.238305');
INSERT INTO "quiz_answer" VALUES(329,83,'Mercurial',1,1,'2013-07-07 05:04:39.250152','2013-07-07 05:04:39.250167');
INSERT INTO "quiz_answer" VALUES(330,83,'Subversion',0,1,'2013-07-07 05:04:39.253443','2013-07-07 05:04:39.253606');
INSERT INTO "quiz_answer" VALUES(331,83,'ClearCase',0,1,'2013-07-07 05:04:39.255886','2013-07-07 05:04:39.255899');
INSERT INTO "quiz_answer" VALUES(332,83,'Visual SourceSafe',0,1,'2013-07-07 05:04:39.258500','2013-07-07 05:04:39.258514');
INSERT INTO "quiz_answer" VALUES(333,84,'The initial cloning is slower',1,1,'2013-07-07 05:04:39.269039','2013-07-07 05:04:39.269052');
INSERT INTO "quiz_answer" VALUES(334,84,'Users cannot commit revisions without a server',0,1,'2013-07-07 05:04:39.271665','2013-07-07 05:04:39.271679');
INSERT INTO "quiz_answer" VALUES(335,84,'Most operations are slower without a server',0,1,'2013-07-07 05:04:39.274258','2013-07-07 05:04:39.274272');
INSERT INTO "quiz_answer" VALUES(336,84,'Users cannot create forks without a server',0,1,'2013-07-07 05:04:39.277278','2013-07-07 05:04:39.277293');
INSERT INTO "quiz_answer" VALUES(337,85,'The same file was edited in both BranchA and BranchB',1,1,'2013-07-07 05:04:39.287766','2013-07-07 05:04:39.287781');
INSERT INTO "quiz_answer" VALUES(338,85,'The same file was edited in BranchA but deleted in BranchB',0,1,'2013-07-07 05:04:39.290108','2013-07-07 05:04:39.290119');
INSERT INTO "quiz_answer" VALUES(339,85,'The same file was edited in BranchA but renamed in BranchB',0,1,'2013-07-07 05:04:39.292900','2013-07-07 05:04:39.292911');
INSERT INTO "quiz_answer" VALUES(340,85,'A file with the same name was added in both BranchA and BranchB',0,1,'2013-07-07 05:04:39.295355','2013-07-07 05:04:39.295368');
INSERT INTO "quiz_answer" VALUES(341,86,'log',1,1,'2013-07-07 05:04:39.304987','2013-07-07 05:04:39.305000');
INSERT INTO "quiz_answer" VALUES(342,86,'status',0,1,'2013-07-07 05:04:39.307755','2013-07-07 05:04:39.307767');
INSERT INTO "quiz_answer" VALUES(343,86,'add',0,1,'2013-07-07 05:04:39.310986','2013-07-07 05:04:39.311001');
INSERT INTO "quiz_answer" VALUES(344,86,'mv',0,1,'2013-07-07 05:04:39.313710','2013-07-07 05:04:39.313724');
INSERT INTO "quiz_answer" VALUES(345,87,'The part of a URL after the "?" mark',1,1,'2013-07-07 05:04:39.323682','2013-07-07 05:04:39.323696');
INSERT INTO "quiz_answer" VALUES(346,87,'The part of a URL after the "#" mark',0,1,'2013-07-07 05:04:39.326372','2013-07-07 05:04:39.326383');
INSERT INTO "quiz_answer" VALUES(347,87,'A variable in a HTTP GET request',0,1,'2013-07-07 05:04:39.328487','2013-07-07 05:04:39.328499');
INSERT INTO "quiz_answer" VALUES(348,87,'A variable in a HTTP POST request',0,1,'2013-07-07 05:04:39.330785','2013-07-07 05:04:39.330795');
INSERT INTO "quiz_answer" VALUES(349,88,'IOS_VERSION',1,1,'2013-07-07 05:04:39.341748','2013-07-07 05:04:39.341761');
INSERT INTO "quiz_answer" VALUES(350,88,'HTTP_REFERER',0,1,'2013-07-07 05:04:39.344659','2013-07-07 05:04:39.344672');
INSERT INTO "quiz_answer" VALUES(351,88,'HTTP_USER_AGENT',0,1,'2013-07-07 05:04:39.347810','2013-07-07 05:04:39.347826');
INSERT INTO "quiz_answer" VALUES(352,88,'DOCUMENT_ROOT',0,1,'2013-07-07 05:04:39.350377','2013-07-07 05:04:39.350391');
INSERT INTO "quiz_answer" VALUES(353,89,'REMOTE_ADDR',1,1,'2013-07-07 05:04:39.362770','2013-07-07 05:04:39.362783');
INSERT INTO "quiz_answer" VALUES(354,89,'MOBILE_PHONE_TYPE',0,1,'2013-07-07 05:04:39.365663','2013-07-07 05:04:39.365721');
INSERT INTO "quiz_answer" VALUES(355,89,'IOS_VERSION',0,1,'2013-07-07 05:04:39.368966','2013-07-07 05:04:39.368980');
INSERT INTO "quiz_answer" VALUES(356,89,'ANDROID_VERSION',0,1,'2013-07-07 05:04:39.372056','2013-07-07 05:04:39.372072');
INSERT INTO "quiz_answer" VALUES(357,90,'OPTIONS',1,1,'2013-07-07 05:04:39.383022','2013-07-07 05:04:39.383037');
INSERT INTO "quiz_answer" VALUES(358,90,'GET',0,1,'2013-07-07 05:04:39.385695','2013-07-07 05:04:39.385705');
INSERT INTO "quiz_answer" VALUES(359,90,'POST',0,1,'2013-07-07 05:04:39.388603','2013-07-07 05:04:39.388617');
INSERT INTO "quiz_answer" VALUES(360,90,'HEAD',0,1,'2013-07-07 05:04:39.391374','2013-07-07 05:04:39.391387');
INSERT INTO "quiz_answer" VALUES(361,91,'HEAD doesn''t include a response body',1,1,'2013-07-07 05:04:39.401486','2013-07-07 05:04:39.401499');
INSERT INTO "quiz_answer" VALUES(362,91,'HEAD returns only the <head> tag of HTML',0,1,'2013-07-07 05:04:39.404710','2013-07-07 05:04:39.404724');
INSERT INTO "quiz_answer" VALUES(363,91,'GET returns a response without a header',0,1,'2013-07-07 05:04:39.407493','2013-07-07 05:04:39.407505');
INSERT INTO "quiz_answer" VALUES(364,91,'GET can support SSL',0,1,'2013-07-07 05:04:39.410403','2013-07-07 05:04:39.410418');
INSERT INTO "quiz_answer" VALUES(365,92,'200',1,1,'2013-07-07 05:04:39.420639','2013-07-07 05:04:39.420650');
INSERT INTO "quiz_answer" VALUES(366,92,'100',0,1,'2013-07-07 05:04:39.422869','2013-07-07 05:04:39.422882');
INSERT INTO "quiz_answer" VALUES(367,92,'0',0,1,'2013-07-07 05:04:39.425812','2013-07-07 05:04:39.425823');
INSERT INTO "quiz_answer" VALUES(368,92,'1',0,1,'2013-07-07 05:04:39.428304','2013-07-07 05:04:39.428317');
INSERT INTO "quiz_answer" VALUES(369,93,'404 Internal Server Error',1,1,'2013-07-07 05:04:39.438524','2013-07-07 05:04:39.438536');
INSERT INTO "quiz_answer" VALUES(370,93,'418 I''m a teapot',0,1,'2013-07-07 05:04:39.441626','2013-07-07 05:04:39.441639');
INSERT INTO "quiz_answer" VALUES(371,93,'400 Bad Request',0,1,'2013-07-07 05:04:39.444369','2013-07-07 05:04:39.444384');
INSERT INTO "quiz_answer" VALUES(372,93,'401 Unauthorized',0,1,'2013-07-07 05:04:39.446992','2013-07-07 05:04:39.447003');
INSERT INTO "quiz_answer" VALUES(373,94,'Client error',1,1,'2013-07-07 05:04:39.456253','2013-07-07 05:04:39.456266');
INSERT INTO "quiz_answer" VALUES(374,94,'Server error',0,1,'2013-07-07 05:04:39.460029','2013-07-07 05:04:39.460043');
INSERT INTO "quiz_answer" VALUES(375,94,'Application error',0,1,'2013-07-07 05:04:39.462579','2013-07-07 05:04:39.462595');
INSERT INTO "quiz_answer" VALUES(376,94,'Connection error',0,1,'2013-07-07 05:04:39.465303','2013-07-07 05:04:39.465319');
INSERT INTO "quiz_answer" VALUES(377,95,'Unspecified (no limit)',1,1,'2013-07-07 05:04:39.475527','2013-07-07 05:04:39.475541');
INSERT INTO "quiz_answer" VALUES(378,95,'8190 bytes',0,1,'2013-07-07 05:04:39.477852','2013-07-07 05:04:39.477866');
INSERT INTO "quiz_answer" VALUES(379,95,'1024 bytes',0,1,'2013-07-07 05:04:39.480644','2013-07-07 05:04:39.480657');
INSERT INTO "quiz_answer" VALUES(380,95,'512 bytes',0,1,'2013-07-07 05:04:39.483289','2013-07-07 05:04:39.483304');
INSERT INTO "quiz_answer" VALUES(381,96,'Upload files',1,1,'2013-07-07 05:04:39.493528','2013-07-07 05:04:39.493544');
INSERT INTO "quiz_answer" VALUES(382,96,'Implement session state',0,1,'2013-07-07 05:04:39.495905','2013-07-07 05:04:39.495918');
INSERT INTO "quiz_answer" VALUES(383,96,'Create cookies',0,1,'2013-07-07 05:04:39.498893','2013-07-07 05:04:39.498910');
INSERT INTO "quiz_answer" VALUES(384,96,'Pass multiple variables to a form',0,1,'2013-07-07 05:04:39.501806','2013-07-07 05:04:39.501817');
INSERT INTO "quiz_answer" VALUES(385,97,'Common Gateway Interface',1,1,'2013-07-07 05:04:39.512253','2013-07-07 05:04:39.512267');
INSERT INTO "quiz_answer" VALUES(386,97,'Computer Generated Imagery',0,1,'2013-07-07 05:04:39.515206','2013-07-07 05:04:39.515216');
INSERT INTO "quiz_answer" VALUES(387,97,'Cognitive Guided Instruction',0,1,'2013-07-07 05:04:39.517887','2013-07-07 05:04:39.517903');
INSERT INTO "quiz_answer" VALUES(388,97,'Computer Graphics Interface',0,1,'2013-07-07 05:04:39.520680','2013-07-07 05:04:39.520691');
INSERT INTO "quiz_answer" VALUES(389,98,'On the client',1,1,'2013-07-07 05:04:39.530584','2013-07-07 05:04:39.530600');
INSERT INTO "quiz_answer" VALUES(390,98,'On the web server',0,1,'2013-07-07 05:04:39.533355','2013-07-07 05:04:39.533373');
INSERT INTO "quiz_answer" VALUES(391,98,'On a router',0,1,'2013-07-07 05:04:39.536065','2013-07-07 05:04:39.536065');
INSERT INTO "quiz_answer" VALUES(392,98,'On a cookie server',0,1,'2013-07-07 05:04:39.538686','2013-07-07 05:04:39.538703');
INSERT INTO "quiz_answer" VALUES(393,99,'Windows NT',1,1,'2013-07-07 05:04:39.549333','2013-07-07 05:04:39.549351');
INSERT INTO "quiz_answer" VALUES(394,99,'Windows XP',0,1,'2013-07-07 05:04:39.551871','2013-07-07 05:04:39.551887');
INSERT INTO "quiz_answer" VALUES(395,99,'Windows 3.1',0,1,'2013-07-07 05:04:39.554601','2013-07-07 05:04:39.554613');
INSERT INTO "quiz_answer" VALUES(396,99,'Windows 98',0,1,'2013-07-07 05:04:39.557338','2013-07-07 05:04:39.557352');
